-- phpMyAdmin SQL Dump
-- version 4.0.10deb1
-- http://www.phpmyadmin.net
--
-- Host: localhost
-- Generation Time: Jul 31, 2018 at 12:11 PM
-- Server version: 5.5.54-0ubuntu0.14.04.1
-- PHP Version: 7.0.28-1+ubuntu14.04.1+deb.sury.org+1

SET SQL_MODE = "NO_AUTO_VALUE_ON_ZERO";
SET time_zone = "+00:00";


/*!40101 SET @OLD_CHARACTER_SET_CLIENT=@@CHARACTER_SET_CLIENT */;
/*!40101 SET @OLD_CHARACTER_SET_RESULTS=@@CHARACTER_SET_RESULTS */;
/*!40101 SET @OLD_COLLATION_CONNECTION=@@COLLATION_CONNECTION */;
/*!40101 SET NAMES utf8 */;

--
-- Database: `vidyapp_testing`
--

-- --------------------------------------------------------

--
-- Table structure for table `academic_years`
--

CREATE TABLE IF NOT EXISTS `academic_years` (
  `id` int(11) NOT NULL AUTO_INCREMENT,
  `from_date` varchar(255) NOT NULL,
  `to_date` varchar(255) NOT NULL,
  `status` int(3) NOT NULL DEFAULT '1',
  `created_user_id` int(11) NOT NULL,
  `updated_user_id` int(11) NOT NULL,
  `created_at` timestamp NOT NULL DEFAULT CURRENT_TIMESTAMP ON UPDATE CURRENT_TIMESTAMP,
  `updated_at` timestamp NOT NULL DEFAULT '0000-00-00 00:00:00',
  PRIMARY KEY (`id`)
) ENGINE=InnoDB  DEFAULT CHARSET=latin1 AUTO_INCREMENT=3 ;

--
-- Dumping data for table `academic_years`
--

INSERT INTO `academic_years` (`id`, `from_date`, `to_date`, `status`, `created_user_id`, `updated_user_id`, `created_at`, `updated_at`) VALUES
(1, '2017-06-12', '2018-05-25', 1, 1, 0, '2017-08-08 14:04:16', '2017-07-24 11:42:50'),
(2, '2018-06-15', '2019-05-20', 1, 1, 0, '2018-01-25 10:49:32', '2018-01-25 16:19:32');

-- --------------------------------------------------------

--
-- Table structure for table `albums`
--

CREATE TABLE IF NOT EXISTS `albums` (
  `id` int(11) NOT NULL AUTO_INCREMENT,
  `album_title` varchar(255) NOT NULL,
  `foldername` varchar(255) NOT NULL,
  `album_description` text NOT NULL,
  `status` int(3) NOT NULL DEFAULT '1',
  `academic_year_id` int(11) NOT NULL,
  `created_at` timestamp NOT NULL DEFAULT CURRENT_TIMESTAMP,
  `updated_at` timestamp NOT NULL DEFAULT '0000-00-00 00:00:00',
  `created_user_id` int(11) NOT NULL,
  `updated_user_id` int(11) NOT NULL,
  PRIMARY KEY (`id`)
) ENGINE=InnoDB  DEFAULT CHARSET=latin1 AUTO_INCREMENT=4 ;

--
-- Dumping data for table `albums`
--

INSERT INTO `albums` (`id`, `album_title`, `foldername`, `album_description`, `status`, `academic_year_id`, `created_at`, `updated_at`, `created_user_id`, `updated_user_id`) VALUES
(1, 'freshers day ', 'fre1570003801', 'Wellcome All', 1, 1, '2017-12-19 17:47:06', '2018-01-31 16:33:36', 1, 1),
(2, 'Republic day', 'Rep1862275591', 'Republic day celebrations on 26 January ', 0, 1, '2018-01-18 15:19:22', '2018-02-01 08:54:05', 1, 0),
(3, 'Annual day', 'Ann103681446', 'Nothing', 1, 1, '2018-01-31 15:23:36', '2018-01-31 16:33:15', 1, 0);

-- --------------------------------------------------------

--
-- Table structure for table `assignments`
--

CREATE TABLE IF NOT EXISTS `assignments` (
  `id` int(11) NOT NULL AUTO_INCREMENT,
  `assignment_title` varchar(255) NOT NULL,
  `assignment_description` text NOT NULL,
  `class_id` int(11) NOT NULL,
  `section_id` int(11) NOT NULL,
  `subject_id` int(11) NOT NULL,
  `last_date` varchar(20) NOT NULL,
  `assignment_file` varchar(255) NOT NULL,
  `academic_year_id` int(20) NOT NULL,
  `status` int(3) NOT NULL DEFAULT '1',
  `created_user_id` int(11) NOT NULL,
  `updated_user_id` int(11) NOT NULL,
  `created_at` timestamp NOT NULL DEFAULT CURRENT_TIMESTAMP ON UPDATE CURRENT_TIMESTAMP,
  `updated_at` timestamp NOT NULL DEFAULT '0000-00-00 00:00:00',
  `class_section_id` int(11) NOT NULL,
  PRIMARY KEY (`id`)
) ENGINE=InnoDB  DEFAULT CHARSET=latin1 AUTO_INCREMENT=12 ;

--
-- Dumping data for table `assignments`
--

INSERT INTO `assignments` (`id`, `assignment_title`, `assignment_description`, `class_id`, `section_id`, `subject_id`, `last_date`, `assignment_file`, `academic_year_id`, `status`, `created_user_id`, `updated_user_id`, `created_at`, `updated_at`, `class_section_id`) VALUES
(2, 'summative assessment II', 'summative assessment English', 2, 0, 3, '02-01-2018', '2017-12-20-16-59-43-ssc2.jpg', 1, 1, 1, 0, '2017-12-20 16:59:43', '2017-12-20 16:59:43', 2),
(3, 'Assignment 1', 'Social Chapter 2 revision ', 1, 1, 1, '25-01-2018', '2018-01-08-11-19-19-IMG_20170802_100309.jpg', 1, 1, 7, 0, '2018-01-08 05:49:20', '2018-01-08 11:19:20', 1),
(4, 'Assignment ', 'summative assessment II chapter 4', 7, 2, 1, '20-01-2018', '2018-01-18-13-04-23-d4.jpg', 1, 1, 1, 0, '2018-01-18 07:34:23', '2018-01-18 13:04:23', 9),
(5, 'Assignment II', 'Chapter 4 revision ', 1, 1, 1, '23-01-2018', '2018-01-18-16-38-51-download.jpg', 1, 1, 34, 0, '2018-01-18 16:38:51', '2018-01-18 16:38:51', 1),
(6, 'drtyuil;', 'rtyujikol;''jkl', 3, 2, 5, '25-01-2018', '2018-01-23-12-22-23-VIDS0001-P-16 20180123 _student(1).pdf', 1, 1, 1, 0, '2018-01-23 06:52:23', '2018-01-23 12:22:23', 4),
(9, 'gdb', 'bdgb', 2, 0, 1, '28-02-2018', '', 1, 1, 2, 0, '2018-02-02 15:11:47', '2018-02-02 15:11:47', 2),
(10, 'dsb ', 'bd bd', 1, 1, 1, '20-02-2018', '', 1, 1, 2, 0, '2018-02-02 15:14:32', '2018-02-02 15:14:32', 1),
(11, 'ABC', 'NA', 1, 1, 1, '30-07-2018', '2018-07-19-21-50-51-DSC_0180.JPG', 2, 1, 1, 0, '2018-07-19 21:50:51', '2018-07-19 21:50:51', 3);

-- --------------------------------------------------------

--
-- Table structure for table `assign_books`
--

CREATE TABLE IF NOT EXISTS `assign_books` (
  `id` int(11) NOT NULL AUTO_INCREMENT,
  `class_section_id` int(11) NOT NULL,
  `student_id` int(11) NOT NULL,
  `staff_type_id` int(11) NOT NULL,
  `book_id` int(11) NOT NULL,
  `given_date` varchar(255) NOT NULL,
  `return_date` varchar(255) NOT NULL,
  `status` int(11) NOT NULL DEFAULT '1',
  `academic_year_id` int(11) NOT NULL,
  `created_at` timestamp NOT NULL DEFAULT CURRENT_TIMESTAMP,
  `updated_at` timestamp NOT NULL DEFAULT '0000-00-00 00:00:00',
  `created_user_id` int(11) NOT NULL,
  `updated_user_id` int(11) NOT NULL,
  `class_id` int(11) NOT NULL,
  `section_id` int(11) NOT NULL,
  `staff_department_id` int(11) NOT NULL,
  `returned` int(11) NOT NULL DEFAULT '0',
  PRIMARY KEY (`id`)
) ENGINE=InnoDB  DEFAULT CHARSET=latin1 AUTO_INCREMENT=15 ;

--
-- Dumping data for table `assign_books`
--

INSERT INTO `assign_books` (`id`, `class_section_id`, `student_id`, `staff_type_id`, `book_id`, `given_date`, `return_date`, `status`, `academic_year_id`, `created_at`, `updated_at`, `created_user_id`, `updated_user_id`, `class_id`, `section_id`, `staff_department_id`, `returned`) VALUES
(1, 1, 1, 1, 2, '20-12-2017', '29-12-2017', 1, 1, '2017-12-20 08:12:05', '2017-12-20 09:19:19', 1, 0, 1, 1, 4, 1),
(2, 1, 1, 1, 3, '20-12-2017', '22-12-2017', 1, 1, '2017-12-20 17:17:36', '2017-12-20 17:18:10', 1, 0, 1, 1, 5, 1),
(3, 4, 7, 1, 3, '08-01-2018', '18-01-2018', 1, 1, '2018-01-08 13:50:55', '2018-01-24 16:41:00', 1, 0, 3, 2, 5, 1),
(4, 1, 1, 1, 1, '08-01-2018', '24-01-2018', 1, 1, '2018-01-08 17:01:10', '2018-01-24 16:41:42', 1, 0, 1, 1, 1, 1),
(5, 9, 8, 1, 3, '18-01-2018', '20-01-2018', 1, 1, '2018-01-18 15:04:39', '2018-01-23 16:11:56', 1, 0, 7, 2, 5, 1),
(6, 1, 15, 1, 4, '23-01-2018', '01-02-2018', 1, 1, '2018-01-23 16:08:32', '2018-04-12 13:32:19', 1, 0, 1, 1, 3, 1),
(7, 9, 8, 1, 4, '24-01-2018', '26-01-2018', 1, 1, '2018-01-24 09:15:23', '2018-01-24 09:15:23', 1, 0, 7, 2, 3, 0),
(8, 10, 9, 1, 5, '24-01-2018', '31-01-2018', 1, 1, '2018-01-24 16:40:19', '2018-02-02 16:19:12', 1, 0, 8, 1, 3, 1),
(9, 4, 6, 1, 6, '24-01-2018', '26-01-2018', 1, 1, '2018-01-24 16:49:54', '2018-01-24 16:49:54', 1, 0, 3, 2, 4, 0),
(10, 4, 7, 2, 7, '24-01-2018', '10-02-2018', 1, 1, '2018-01-24 16:52:54', '2018-02-02 16:16:58', 1, 0, 3, 2, 8, 1),
(11, 12, 16, 2, 8, '24-01-2018', '31-01-2018', 1, 1, '2018-01-24 16:58:58', '2018-01-24 16:58:58', 1, 0, 10, 3, 11, 0),
(12, 2, 19, 1, 5, '02-02-2018', '15-02-2018', 1, 1, '2018-02-02 16:02:40', '2018-02-02 16:03:38', 1, 0, 2, 0, 3, 1),
(13, 1, 1, 2, 8, '18-02-2018', '08-03-2018', 1, 1, '2018-02-18 14:22:16', '2018-02-18 14:22:16', 1, 0, 1, 1, 11, 0),
(14, 8, 10, 1, 4, '12-04-2018', '28-04-2018', 1, 1, '2018-04-12 13:30:07', '2018-04-12 13:30:07', 1, 0, 7, 1, 3, 0);

-- --------------------------------------------------------

--
-- Table structure for table `assign_feetypes`
--

CREATE TABLE IF NOT EXISTS `assign_feetypes` (
  `id` int(11) NOT NULL AUTO_INCREMENT,
  `fee_id` int(11) NOT NULL,
  `fee_type_id` int(11) NOT NULL,
  `status` int(11) NOT NULL DEFAULT '1',
  `academic_year_id` int(11) NOT NULL,
  `created_at` timestamp NOT NULL DEFAULT CURRENT_TIMESTAMP,
  `updated_at` timestamp NOT NULL DEFAULT '0000-00-00 00:00:00',
  `created_user_id` int(11) NOT NULL,
  `updated_user_id` int(11) NOT NULL,
  `non_editable` int(11) NOT NULL DEFAULT '0',
  PRIMARY KEY (`id`)
) ENGINE=InnoDB DEFAULT CHARSET=latin1 AUTO_INCREMENT=1 ;

-- --------------------------------------------------------

--
-- Table structure for table `attendance_types`
--

CREATE TABLE IF NOT EXISTS `attendance_types` (
  `id` int(11) NOT NULL AUTO_INCREMENT,
  `title` varchar(255) NOT NULL,
  `created_at` timestamp NOT NULL DEFAULT CURRENT_TIMESTAMP ON UPDATE CURRENT_TIMESTAMP,
  `updated_at` timestamp NOT NULL DEFAULT '0000-00-00 00:00:00',
  `academic_year_id` int(11) NOT NULL,
  `status` varchar(255) NOT NULL DEFAULT '1',
  `created_user_id` int(11) NOT NULL,
  `updated_user_id` int(11) NOT NULL,
  PRIMARY KEY (`id`)
) ENGINE=InnoDB  DEFAULT CHARSET=latin1 ROW_FORMAT=COMPACT AUTO_INCREMENT=3 ;

--
-- Dumping data for table `attendance_types`
--

INSERT INTO `attendance_types` (`id`, `title`, `created_at`, `updated_at`, `academic_year_id`, `status`, `created_user_id`, `updated_user_id`) VALUES
(1, 'Day wise', '2018-01-25 10:51:47', '2018-01-25 16:21:47', 1, '0', 2, 1),
(2, 'Subject wise', '2017-07-18 05:45:39', '2017-07-18 11:15:39', 1, '1', 2, 1);

-- --------------------------------------------------------

--
-- Table structure for table `books`
--

CREATE TABLE IF NOT EXISTS `books` (
  `id` int(11) NOT NULL AUTO_INCREMENT,
  `staff_department_id` int(11) NOT NULL,
  `book_title` varchar(255) NOT NULL,
  `book_unique_id` varchar(255) NOT NULL,
  `book_author` varchar(255) NOT NULL,
  `book_publisher` varchar(255) NOT NULL,
  `book_price` varchar(255) NOT NULL,
  `number_of_books` varchar(255) NOT NULL,
  `status` int(11) NOT NULL DEFAULT '1',
  `academic_year_id` int(11) NOT NULL,
  `created_at` timestamp NOT NULL DEFAULT CURRENT_TIMESTAMP,
  `updated_at` timestamp NOT NULL DEFAULT '0000-00-00 00:00:00',
  `created_user_id` int(11) NOT NULL,
  `updated_user_id` int(11) NOT NULL,
  `staff_type_id` int(11) NOT NULL,
  PRIMARY KEY (`id`)
) ENGINE=InnoDB  DEFAULT CHARSET=latin1 AUTO_INCREMENT=10 ;

--
-- Dumping data for table `books`
--

INSERT INTO `books` (`id`, `staff_department_id`, `book_title`, `book_unique_id`, `book_author`, `book_publisher`, `book_price`, `number_of_books`, `status`, `academic_year_id`, `created_at`, `updated_at`, `created_user_id`, `updated_user_id`, `staff_type_id`) VALUES
(1, 1, 'Telugu Text Book', 'VIDS0001-B-1001', 'Ganesh charya', 'Adithya', '65', '152', 1, 1, '2017-12-20 08:00:15', '2018-01-24 16:41:42', 1, 0, 1),
(2, 4, 'Maths Text Book', 'VIDS0001-B-1002', 'Aggarwal', 'Satya', '85', '150', 1, 1, '2017-12-20 08:11:35', '2017-12-20 09:19:19', 1, 0, 1),
(3, 5, 'Science Text Book', 'VIDS0001-B-1003', 'Venkat', 'Ganesh', '140', '153', 1, 1, '2017-12-20 09:18:42', '2018-01-24 16:41:00', 1, 0, 1),
(4, 3, 'Game of throwns', 'VIDS0001-B-1004', 'Mr Malla reddy', 'Venkat reddy', '99', '1', 1, 1, '2018-01-23 16:07:48', '2018-04-12 13:32:19', 1, 1, 1),
(5, 3, 'Stranger things', 'VIDS0001-B-1005', 'Xyz', 'Abc', '50', '1', 1, 1, '2018-01-24 16:35:00', '2018-02-02 16:19:12', 1, 1, 1),
(6, 4, 'hretrhtfgyg', 'VIDS0001-B-1006', 'rytuyuyh', '457yy8', '49', '71', 1, 1, '2018-01-24 16:49:17', '2018-01-24 16:49:54', 1, 0, 1),
(7, 8, 'gjkj', 'VIDS0001-B-1007', 'ghgjhjk', 't7o8io', '6656', '15', 1, 1, '2018-01-24 16:50:47', '2018-02-02 16:16:58', 1, 0, 2),
(8, 11, 'Window', 'VIDS0001-B-1008', 'Cap', 'Bat', '999', '-1', 1, 1, '2018-01-24 16:57:47', '2018-02-18 14:22:16', 1, 0, 2),
(9, 1, 'Xyz', 'VIDS0001-B-1009', 'Mr Malla reddy', 'Venkat reddy', '99', '01', 1, 2, '2018-07-19 21:41:49', '2018-07-19 21:41:49', 1, 0, 1);

-- --------------------------------------------------------

--
-- Table structure for table `calendar_events`
--

CREATE TABLE IF NOT EXISTS `calendar_events` (
  `id` int(11) NOT NULL AUTO_INCREMENT,
  `calender_event_id` int(11) NOT NULL,
  `title` varchar(255) NOT NULL,
  `start` varchar(255) NOT NULL,
  `end` varchar(255) NOT NULL,
  `description` text NOT NULL,
  `icon` varchar(255) NOT NULL,
  `color` varchar(255) NOT NULL,
  `allDay` int(11) NOT NULL,
  `academic_year_id` int(11) NOT NULL,
  `created_at` timestamp NOT NULL DEFAULT CURRENT_TIMESTAMP,
  `updated_at` timestamp NOT NULL DEFAULT '0000-00-00 00:00:00',
  `created_user_id` int(11) NOT NULL,
  `updated_user_id` int(11) NOT NULL,
  PRIMARY KEY (`id`)
) ENGINE=InnoDB DEFAULT CHARSET=latin1 AUTO_INCREMENT=1 ;

-- --------------------------------------------------------

--
-- Table structure for table `cities`
--

CREATE TABLE IF NOT EXISTS `cities` (
  `id` int(11) NOT NULL AUTO_INCREMENT,
  `state_id` int(11) NOT NULL,
  `city_name` varchar(255) NOT NULL,
  PRIMARY KEY (`id`)
) ENGINE=InnoDB  DEFAULT CHARSET=latin1 AUTO_INCREMENT=3 ;

--
-- Dumping data for table `cities`
--

INSERT INTO `cities` (`id`, `state_id`, `city_name`) VALUES
(1, 1, 'Hyderabad'),
(2, 1, 'Manikonda');

-- --------------------------------------------------------

--
-- Table structure for table `classes`
--

CREATE TABLE IF NOT EXISTS `classes` (
  `id` int(11) NOT NULL AUTO_INCREMENT,
  `class_name` varchar(255) NOT NULL,
  `academic_year_id` int(11) NOT NULL,
  `status` int(3) NOT NULL DEFAULT '1',
  `created_user_id` int(11) NOT NULL,
  `updated_user_id` int(11) DEFAULT NULL,
  `created_at` timestamp NOT NULL DEFAULT CURRENT_TIMESTAMP ON UPDATE CURRENT_TIMESTAMP,
  `updated_at` timestamp NULL DEFAULT NULL,
  PRIMARY KEY (`id`)
) ENGINE=InnoDB  DEFAULT CHARSET=latin1 AUTO_INCREMENT=14 ;

--
-- Dumping data for table `classes`
--

INSERT INTO `classes` (`id`, `class_name`, `academic_year_id`, `status`, `created_user_id`, `updated_user_id`, `created_at`, `updated_at`) VALUES
(1, 'I ', 1, 1, 1, 1, '2017-12-19 06:22:05', '2017-12-19 11:52:05'),
(2, 'II', 1, 1, 1, NULL, '2017-12-19 11:51:50', '2017-12-19 11:51:50'),
(3, 'III', 1, 1, 1, 1, '2017-12-28 18:41:39', '2017-12-29 00:11:39'),
(4, 'IV', 1, 1, 1, NULL, '2018-01-11 09:03:44', '2018-01-11 09:03:44'),
(5, 'V', 1, 1, 1, NULL, '2018-01-17 04:18:33', '2018-01-17 09:48:33'),
(6, 'VI', 1, 1, 1, NULL, '2018-01-17 09:48:58', '2018-01-17 09:48:58'),
(7, 'VII', 1, 1, 1, NULL, '2018-01-18 10:28:52', '2018-01-18 10:28:52'),
(8, 'VIII', 1, 1, 1, NULL, '2018-01-18 10:29:11', '2018-01-18 10:29:11'),
(9, 'IX', 1, 1, 1, 1, '2018-01-24 06:27:13', '2018-01-24 11:57:13'),
(10, 'XII', 1, 1, 1, 1, '2018-01-24 06:09:25', '2018-01-24 11:39:25'),
(11, 'XI', 1, 1, 1, 1, '2018-01-24 06:08:15', '2018-01-24 11:38:15'),
(12, 'IX-D', 1, 1, 1, 1, '2018-01-24 06:34:20', '2018-01-24 12:04:20'),
(13, 'IX-c', 1, 1, 1, NULL, '2018-01-30 09:07:49', '2018-01-30 14:37:49');

-- --------------------------------------------------------

--
-- Table structure for table `class_exams`
--

CREATE TABLE IF NOT EXISTS `class_exams` (
  `id` int(11) NOT NULL AUTO_INCREMENT,
  `exam_id` int(11) NOT NULL,
  `class_section_id` int(11) NOT NULL,
  `class_id` int(11) NOT NULL,
  `section_id` int(11) NOT NULL,
  `exams_start_date` varchar(255) NOT NULL,
  `exams_end_date` varchar(255) NOT NULL,
  `status` int(3) NOT NULL DEFAULT '1',
  `academic_year_id` int(5) NOT NULL,
  `created_at` timestamp NOT NULL DEFAULT CURRENT_TIMESTAMP,
  `updated_at` timestamp NOT NULL DEFAULT '0000-00-00 00:00:00',
  `created_user_id` int(11) NOT NULL,
  `updated_user_id` int(11) NOT NULL,
  PRIMARY KEY (`id`)
) ENGINE=InnoDB  DEFAULT CHARSET=latin1 AUTO_INCREMENT=17 ;

--
-- Dumping data for table `class_exams`
--

INSERT INTO `class_exams` (`id`, `exam_id`, `class_section_id`, `class_id`, `section_id`, `exams_start_date`, `exams_end_date`, `status`, `academic_year_id`, `created_at`, `updated_at`, `created_user_id`, `updated_user_id`) VALUES
(1, 2, 1, 1, 1, '25-12-2017', '04-01-2018', 1, 1, '2017-12-19 17:15:58', '2017-12-19 17:15:58', 1, 0),
(2, 2, 2, 2, 0, '02-01-2018', '09-01-2018', 1, 1, '2017-12-19 17:15:58', '2018-01-17 11:08:13', 1, 1),
(3, 3, 4, 3, 2, '25-12-2017', '29-12-2017', 1, 1, '2017-12-30 01:31:42', '2017-12-30 01:31:42', 1, 0),
(4, 3, 2, 2, 0, '04-01-2018', '06-01-2018', 1, 1, '2018-01-08 11:25:23', '2018-01-08 11:25:23', 1, 0),
(5, 1, 9, 7, 2, '02-01-2018', '08-01-2018', 1, 1, '2018-01-18 13:09:00', '2018-01-18 13:09:16', 1, 1),
(6, 4, 1, 1, 1, '02-01-2018', '09-01-2018', 1, 1, '2018-01-19 15:47:26', '2018-01-25 16:12:54', 1, 0),
(7, 4, 2, 2, 0, '02-01-2018', '09-01-2018', 1, 1, '2018-01-19 15:47:26', '2018-01-23 11:06:22', 1, 0),
(8, 4, 4, 3, 2, '02-01-2018', '09-01-2018', 1, 1, '2018-01-19 15:47:26', '2018-01-19 15:47:26', 1, 0),
(9, 2, 4, 3, 2, '01-04-2018', '25-04-2018', 1, 1, '2018-04-12 12:22:31', '2018-04-12 12:22:31', 1, 0),
(10, 2, 5, 4, 1, '01-04-2018', '25-04-2018', 1, 1, '2018-04-12 12:22:31', '2018-04-12 12:22:31', 1, 0),
(11, 2, 6, 4, 2, '01-04-2018', '25-04-2018', 1, 1, '2018-04-12 12:22:31', '2018-04-12 12:22:31', 1, 0),
(12, 1, 3, 1, 1, '26-07-2018', '01-08-2018', 1, 2, '2018-07-19 20:51:04', '2018-07-19 20:51:04', 1, 0),
(13, 2, 3, 1, 1, '15-09-2018', '22-09-2018', 1, 2, '2018-07-19 20:51:33', '2018-07-19 20:51:33', 1, 0),
(14, 3, 3, 1, 1, '12-11-2018', '17-11-2018', 1, 2, '2018-07-19 20:56:42', '2018-07-19 20:56:42', 1, 0),
(15, 4, 3, 1, 1, '20-11-2018', '26-11-2018', 1, 2, '2018-07-19 20:57:25', '2018-07-19 20:57:25', 1, 0),
(16, 5, 3, 1, 1, '04-03-2019', '09-03-2019', 1, 2, '2018-07-19 20:57:59', '2018-07-19 20:57:59', 1, 0);

-- --------------------------------------------------------

--
-- Table structure for table `class_fees`
--

CREATE TABLE IF NOT EXISTS `class_fees` (
  `id` int(11) NOT NULL AUTO_INCREMENT,
  `class_f_id` int(11) NOT NULL,
  `migrated` int(11) NOT NULL,
  `fee_id` int(11) NOT NULL,
  `fee_type_id` int(11) NOT NULL,
  `class_id` int(11) NOT NULL,
  `section_id` int(11) NOT NULL,
  `fee_amount` varchar(20) NOT NULL,
  `academic_year_id` int(11) NOT NULL,
  `status` int(3) NOT NULL DEFAULT '1',
  `created_user_id` int(11) NOT NULL,
  `updated_user_id` int(11) NOT NULL,
  `created_at` timestamp NOT NULL DEFAULT CURRENT_TIMESTAMP ON UPDATE CURRENT_TIMESTAMP,
  `updated_at` timestamp NULL DEFAULT NULL,
  `assign_feetype_id` int(11) NOT NULL,
  `class_section_id` int(11) NOT NULL,
  PRIMARY KEY (`id`)
) ENGINE=InnoDB  DEFAULT CHARSET=latin1 AUTO_INCREMENT=33 ;

--
-- Dumping data for table `class_fees`
--

INSERT INTO `class_fees` (`id`, `class_f_id`, `migrated`, `fee_id`, `fee_type_id`, `class_id`, `section_id`, `fee_amount`, `academic_year_id`, `status`, `created_user_id`, `updated_user_id`, `created_at`, `updated_at`, `assign_feetype_id`, `class_section_id`) VALUES
(1, 1, 1, 3, 5, 1, 1, '600', 1, 1, 1, 1, '2018-01-22 05:51:39', '2018-01-22 11:21:39', 0, 1),
(2, 2, 1, 4, 2, 1, 1, '500', 1, 1, 1, 0, '2018-01-19 11:00:51', '2018-01-19 16:30:51', 0, 1),
(3, 3, 0, 4, 2, 2, 0, '500', 1, 1, 1, 0, '2017-12-19 17:52:44', '2017-12-19 17:52:44', 0, 2),
(4, 4, 1, 5, 2, 1, 1, '1500', 1, 1, 1, 0, '2018-01-19 11:00:51', '2018-01-19 16:30:51', 0, 1),
(5, 5, 0, 5, 2, 2, 0, '1500', 1, 1, 1, 0, '2017-12-19 17:53:02', '2017-12-19 17:53:02', 0, 2),
(6, 6, 0, 3, 5, 2, 0, '450', 1, 1, 1, 0, '2017-12-19 17:53:28', '2017-12-19 17:53:28', 0, 2),
(7, 7, 0, 2, 2, 7, 2, '25000', 1, 1, 1, 0, '2018-01-18 12:52:13', '2018-01-18 12:52:13', 0, 9),
(8, 8, 0, 3, 2, 7, 2, '16000', 1, 1, 1, 0, '2018-01-18 12:52:39', '2018-01-18 12:52:39', 0, 9),
(9, 9, 0, 4, 2, 7, 2, '2000', 1, 1, 1, 0, '2018-01-18 12:53:05', '2018-01-18 12:53:05', 0, 9),
(10, 10, 0, 5, 2, 7, 2, '5000', 1, 1, 1, 0, '2018-01-18 12:53:29', '2018-01-18 12:53:29', 0, 9),
(11, 11, 0, 6, 2, 7, 2, '2000', 1, 1, 1, 0, '2018-01-18 12:53:57', '2018-01-18 12:53:57', 0, 9),
(12, 1, 0, 3, 5, 1, 1, '300', 2, 1, 1, 0, '2018-01-19 16:30:51', '2018-01-19 16:30:51', 0, 3),
(13, 2, 0, 4, 2, 1, 1, '500', 2, 1, 1, 0, '2018-01-19 16:30:51', '2018-01-19 16:30:51', 0, 3),
(14, 4, 0, 5, 2, 1, 1, '1500', 2, 1, 1, 0, '2018-01-19 16:30:51', '2018-01-19 16:30:51', 0, 3),
(15, 15, 0, 2, 2, 3, 2, '25322', 1, 1, 1, 0, '2018-01-23 12:10:12', '2018-01-23 12:10:12', 0, 4),
(16, 16, 0, 3, 2, 3, 2, '25000', 1, 1, 1, 0, '2018-01-23 12:10:33', '2018-01-23 12:10:33', 0, 4),
(17, 17, 0, 2, 2, 10, 3, '25000', 1, 1, 1, 0, '2018-01-24 11:55:35', '2018-01-24 11:55:35', 0, 12),
(18, 18, 0, 3, 2, 10, 3, '12000', 1, 1, 1, 0, '2018-01-24 11:56:01', '2018-01-24 11:56:01', 0, 12),
(19, 19, 0, 4, 2, 10, 3, '1500', 1, 1, 1, 0, '2018-01-24 11:57:01', '2018-01-24 11:57:01', 0, 12),
(20, 20, 0, 5, 2, 10, 3, '5000', 1, 1, 1, 0, '2018-01-25 10:30:23', '2018-01-25 16:00:23', 0, 12),
(21, 21, 0, 2, 2, 1, 1, '30000', 1, 1, 1, 0, '2018-04-12 12:16:21', '2018-04-12 12:16:21', 0, 1),
(22, 22, 0, 2, 2, 2, 0, '30000', 1, 1, 1, 0, '2018-04-12 12:16:21', '2018-04-12 12:16:21', 0, 2),
(23, 23, 0, 2, 2, 4, 1, '30000', 1, 1, 1, 0, '2018-04-12 12:16:21', '2018-04-12 12:16:21', 0, 5),
(24, 24, 0, 2, 2, 4, 2, '30000', 1, 1, 1, 0, '2018-04-12 12:16:21', '2018-04-12 12:16:21', 0, 6),
(25, 25, 0, 2, 2, 5, 0, '30000', 1, 1, 1, 0, '2018-04-12 12:16:21', '2018-04-12 12:16:21', 0, 7),
(26, 26, 0, 2, 2, 7, 1, '30000', 1, 1, 1, 0, '2018-04-12 12:16:21', '2018-04-12 12:16:21', 0, 8),
(27, 27, 0, 2, 2, 8, 1, '30000', 1, 1, 1, 0, '2018-04-12 12:16:21', '2018-04-12 12:16:21', 0, 10),
(28, 28, 0, 2, 2, 9, 1, '30000', 1, 1, 1, 0, '2018-04-12 12:16:21', '2018-04-12 12:16:21', 0, 11),
(29, 29, 0, 2, 2, 10, 4, '30000', 1, 1, 1, 0, '2018-04-12 12:16:21', '2018-04-12 12:16:21', 0, 24),
(30, 30, 0, 2, 2, 12, 4, '30000', 1, 1, 1, 0, '2018-04-12 12:16:21', '2018-04-12 12:16:21', 0, 25),
(31, 31, 0, 2, 2, 9, 3, '30000', 1, 1, 1, 0, '2018-04-12 12:16:21', '2018-04-12 12:16:21', 0, 26),
(32, 32, 0, 4, 1, 1, 1, '250', 2, 1, 1, 0, '2018-07-19 21:34:05', '2018-07-19 21:34:05', 0, 13);

-- --------------------------------------------------------

--
-- Table structure for table `class_sections`
--

CREATE TABLE IF NOT EXISTS `class_sections` (
  `id` int(11) NOT NULL AUTO_INCREMENT,
  `c_id` int(11) NOT NULL,
  `migrated` int(11) NOT NULL,
  `class_id` int(11) NOT NULL,
  `section_id` int(11) NOT NULL,
  `academic_year_id` int(11) NOT NULL,
  `status` int(3) NOT NULL DEFAULT '1',
  `created_user_id` int(11) NOT NULL,
  `updated_user_id` int(11) NOT NULL,
  `created_at` timestamp NOT NULL DEFAULT CURRENT_TIMESTAMP,
  `updated_at` timestamp NULL DEFAULT NULL,
  PRIMARY KEY (`id`)
) ENGINE=InnoDB  DEFAULT CHARSET=latin1 AUTO_INCREMENT=29 ;

--
-- Dumping data for table `class_sections`
--

INSERT INTO `class_sections` (`id`, `c_id`, `migrated`, `class_id`, `section_id`, `academic_year_id`, `status`, `created_user_id`, `updated_user_id`, `created_at`, `updated_at`) VALUES
(1, 1, 1, 1, 1, 1, 1, 1, 0, '2017-12-19 11:54:55', '2018-01-20 16:19:23'),
(2, 2, 1, 2, 0, 1, 1, 1, 0, '2017-12-19 11:59:24', '2018-01-20 16:19:23'),
(3, 3, 0, 1, 1, 2, 0, 1, 0, '2017-12-28 23:43:42', '2018-07-19 21:55:49'),
(4, 4, 1, 3, 2, 1, 1, 1, 0, '2017-12-29 00:12:30', '2018-01-20 16:19:23'),
(5, 5, 1, 4, 1, 1, 1, 1, 0, '2018-01-11 09:04:00', '2018-01-20 16:19:23'),
(6, 6, 1, 4, 2, 1, 1, 1, 0, '2018-01-11 09:04:10', '2018-01-20 16:19:23'),
(7, 7, 1, 5, 0, 1, 1, 1, 0, '2018-01-11 09:05:27', '2018-01-20 16:19:23'),
(8, 8, 1, 7, 1, 1, 1, 1, 0, '2018-01-18 10:31:11', '2018-01-20 16:19:23'),
(9, 9, 1, 7, 2, 1, 1, 1, 0, '2018-01-18 10:31:31', '2018-01-20 16:19:23'),
(10, 10, 1, 8, 1, 1, 1, 1, 0, '2018-01-18 10:31:49', '2018-01-20 16:19:23'),
(11, 11, 1, 9, 1, 1, 1, 1, 0, '2018-01-18 10:32:13', '2018-01-20 16:19:23'),
(12, 12, 1, 10, 3, 1, 1, 1, 1, '2018-01-18 10:32:38', '2018-01-24 11:44:05'),
(13, 1, 0, 1, 1, 2, 1, 1, 0, '2018-01-20 16:19:23', '2018-01-20 16:19:23'),
(14, 2, 0, 2, 0, 2, 1, 1, 0, '2018-01-20 16:19:23', '2018-01-20 16:19:23'),
(15, 4, 0, 3, 2, 2, 1, 1, 0, '2018-01-20 16:19:23', '2018-01-20 16:19:23'),
(16, 5, 0, 4, 1, 2, 1, 1, 0, '2018-01-20 16:19:23', '2018-01-20 16:19:23'),
(17, 6, 0, 4, 2, 2, 1, 1, 0, '2018-01-20 16:19:23', '2018-01-20 16:19:23'),
(18, 7, 0, 5, 0, 2, 1, 1, 0, '2018-01-20 16:19:23', '2018-01-20 16:19:23'),
(19, 8, 0, 7, 1, 2, 1, 1, 0, '2018-01-20 16:19:23', '2018-01-20 16:19:23'),
(20, 9, 0, 7, 2, 2, 1, 1, 0, '2018-01-20 16:19:23', '2018-01-20 16:19:23'),
(21, 10, 0, 8, 1, 2, 1, 1, 0, '2018-01-20 16:19:23', '2018-01-20 16:19:23'),
(22, 11, 0, 9, 1, 2, 1, 1, 0, '2018-01-20 16:19:23', '2018-01-20 16:19:23'),
(23, 12, 0, 10, 0, 2, 1, 1, 0, '2018-01-20 16:19:23', '2018-01-20 16:19:23'),
(24, 24, 1, 10, 4, 1, 1, 1, 0, '2018-01-24 11:44:35', '2018-02-18 14:23:54'),
(25, 25, 0, 12, 4, 1, 1, 1, 0, '2018-01-24 12:05:09', '2018-01-24 12:05:09'),
(26, 26, 1, 9, 3, 1, 1, 1, 1, '2018-01-24 12:08:08', '2018-02-04 04:21:58'),
(27, 26, 0, 9, 3, 2, 1, 1, 0, '2018-02-04 04:21:58', '2018-02-04 04:21:58'),
(28, 24, 0, 10, 4, 2, 1, 1, 0, '2018-02-18 14:23:54', '2018-02-18 14:23:54');

-- --------------------------------------------------------

--
-- Table structure for table `class_subjects`
--

CREATE TABLE IF NOT EXISTS `class_subjects` (
  `id` int(11) NOT NULL AUTO_INCREMENT,
  `c_sub_id` int(11) NOT NULL,
  `migrated` int(11) NOT NULL,
  `class_id` int(11) NOT NULL,
  `section_id` int(11) NOT NULL,
  `subject_id` int(11) NOT NULL,
  `day_id` int(11) NOT NULL,
  `class_section_id` int(11) NOT NULL,
  `institute_timing_id` int(11) NOT NULL,
  `start_time` varchar(25) NOT NULL,
  `end_time` varchar(25) NOT NULL,
  `academic_year_id` int(11) NOT NULL,
  `status` int(3) NOT NULL DEFAULT '1',
  `created_user_id` int(11) NOT NULL,
  `updated_user_id` int(11) NOT NULL,
  `created_at` timestamp NOT NULL DEFAULT CURRENT_TIMESTAMP,
  `updated_at` timestamp NULL DEFAULT NULL,
  `staff_id` int(11) NOT NULL DEFAULT '0',
  PRIMARY KEY (`id`)
) ENGINE=InnoDB  DEFAULT CHARSET=latin1 AUTO_INCREMENT=298 ;

--
-- Dumping data for table `class_subjects`
--

INSERT INTO `class_subjects` (`id`, `c_sub_id`, `migrated`, `class_id`, `section_id`, `subject_id`, `day_id`, `class_section_id`, `institute_timing_id`, `start_time`, `end_time`, `academic_year_id`, `status`, `created_user_id`, `updated_user_id`, `created_at`, `updated_at`, `staff_id`) VALUES
(1, 1, 1, 1, 1, 1, 1, 1, 1, '9:00 AM', '9:45 AM', 1, 1, 1, 0, '2017-12-19 11:55:46', '2018-01-20 16:27:08', 1),
(2, 2, 1, 1, 1, 1, 2, 1, 1, '9:00 AM', '9:45 AM', 1, 1, 1, 0, '2017-12-19 11:55:46', '2018-01-20 16:27:08', 1),
(3, 3, 1, 1, 1, 1, 3, 1, 1, '9:00 AM', '9:45 AM', 1, 1, 1, 0, '2017-12-19 11:55:46', '2018-01-20 16:27:08', 1),
(4, 4, 1, 1, 1, 1, 4, 1, 1, '9:00 AM', '9:45 AM', 1, 1, 1, 0, '2017-12-19 11:55:46', '2018-01-20 16:27:08', 1),
(5, 5, 1, 1, 1, 1, 5, 1, 1, '9:00 AM', '9:45 AM', 1, 1, 1, 0, '2017-12-19 11:55:46', '2018-01-20 16:27:08', 1),
(6, 6, 1, 1, 1, 1, 6, 1, 1, '9:00 AM', '9:45 AM', 1, 1, 1, 0, '2017-12-19 11:55:46', '2018-01-20 16:27:08', 1),
(7, 7, 1, 1, 1, 2, 1, 1, 2, '9:00 AM', '9:45 AM', 1, 1, 1, 0, '2017-12-19 11:56:19', '2018-01-20 16:27:08', 2),
(8, 8, 1, 1, 1, 2, 2, 1, 2, '9:00 AM', '9:45 AM', 1, 1, 1, 0, '2017-12-19 11:56:19', '2018-01-20 16:27:08', 2),
(9, 9, 1, 1, 1, 2, 3, 1, 2, '9:00 AM', '9:45 AM', 1, 1, 1, 0, '2017-12-19 11:56:19', '2018-01-20 16:27:08', 2),
(10, 10, 1, 1, 1, 2, 4, 1, 2, '9:00 AM', '9:45 AM', 1, 1, 1, 0, '2017-12-19 11:56:19', '2018-01-20 16:27:08', 2),
(11, 11, 1, 1, 1, 2, 5, 1, 2, '9:00 AM', '9:45 AM', 1, 1, 1, 0, '2017-12-19 11:56:19', '2018-01-20 16:27:08', 2),
(12, 12, 1, 1, 1, 2, 6, 1, 2, '9:00 AM', '9:45 AM', 1, 1, 1, 0, '2017-12-19 11:56:19', '2018-01-20 16:27:08', 2),
(13, 13, 1, 1, 1, 3, 1, 1, 3, '9:00 AM', '9:45 AM', 1, 1, 1, 0, '2017-12-19 11:56:44', '2018-01-20 16:27:08', 3),
(14, 14, 1, 1, 1, 3, 2, 1, 3, '9:00 AM', '9:45 AM', 1, 1, 1, 0, '2017-12-19 11:56:44', '2018-01-20 16:27:08', 3),
(15, 15, 1, 1, 1, 3, 3, 1, 3, '9:00 AM', '9:45 AM', 1, 1, 1, 0, '2017-12-19 11:56:44', '2018-01-20 16:27:08', 3),
(16, 16, 1, 1, 1, 3, 4, 1, 3, '9:00 AM', '9:45 AM', 1, 1, 1, 0, '2017-12-19 11:56:44', '2018-01-20 16:27:08', 3),
(17, 17, 1, 1, 1, 3, 5, 1, 3, '9:00 AM', '9:45 AM', 1, 1, 1, 0, '2017-12-19 11:56:44', '2018-01-20 16:27:08', 3),
(18, 18, 1, 1, 1, 3, 6, 1, 3, '9:00 AM', '9:45 AM', 1, 1, 1, 0, '2017-12-19 11:56:44', '2018-01-20 16:27:08', 3),
(19, 19, 1, 1, 1, 4, 1, 1, 5, '9:00 AM', '9:45 AM', 1, 1, 1, 0, '2017-12-19 11:57:07', '2018-01-20 16:27:08', 4),
(20, 20, 1, 1, 1, 4, 2, 1, 5, '9:00 AM', '9:45 AM', 1, 1, 1, 0, '2017-12-19 11:57:08', '2018-01-20 16:27:08', 4),
(21, 21, 1, 1, 1, 4, 3, 1, 5, '9:00 AM', '9:45 AM', 1, 1, 1, 0, '2017-12-19 11:57:08', '2018-01-20 16:27:08', 4),
(22, 22, 1, 1, 1, 4, 4, 1, 5, '9:00 AM', '9:45 AM', 1, 1, 1, 0, '2017-12-19 11:57:08', '2018-01-20 16:27:08', 4),
(23, 23, 1, 1, 1, 4, 5, 1, 5, '9:00 AM', '9:45 AM', 1, 1, 1, 0, '2017-12-19 11:57:08', '2018-01-20 16:27:08', 4),
(24, 24, 1, 1, 1, 4, 6, 1, 5, '9:00 AM', '9:45 AM', 1, 1, 1, 0, '2017-12-19 11:57:08', '2018-01-20 16:27:08', 4),
(25, 25, 1, 1, 1, 5, 1, 1, 6, '9:00 AM', '9:45 AM', 1, 1, 1, 0, '2017-12-19 11:57:31', '2018-01-20 16:27:09', 33),
(26, 26, 1, 1, 1, 5, 2, 1, 6, '9:00 AM', '9:45 AM', 1, 1, 1, 0, '2017-12-19 11:57:31', '2018-01-20 16:27:09', 33),
(27, 27, 1, 1, 1, 5, 3, 1, 6, '9:00 AM', '9:45 AM', 1, 1, 1, 0, '2017-12-19 11:57:31', '2018-01-20 16:27:09', 33),
(28, 28, 1, 1, 1, 5, 4, 1, 6, '9:00 AM', '9:45 AM', 1, 1, 1, 0, '2017-12-19 11:57:31', '2018-01-20 16:27:09', 33),
(29, 29, 1, 1, 1, 5, 5, 1, 6, '9:00 AM', '9:45 AM', 1, 1, 1, 0, '2017-12-19 11:57:31', '2018-01-20 16:27:09', 33),
(30, 30, 1, 1, 1, 5, 6, 1, 6, '9:00 AM', '9:45 AM', 1, 1, 1, 0, '2017-12-19 11:57:31', '2018-01-20 16:27:09', 33),
(31, 31, 1, 1, 1, 6, 1, 1, 8, '9:00 AM', '9:45 AM', 1, 1, 1, 0, '2017-12-19 11:57:58', '2018-01-20 16:27:09', 6),
(32, 32, 1, 1, 1, 6, 2, 1, 8, '9:00 AM', '9:45 AM', 1, 1, 1, 0, '2017-12-19 11:57:58', '2018-01-20 16:27:09', 6),
(33, 33, 1, 1, 1, 6, 3, 1, 8, '9:00 AM', '9:45 AM', 1, 1, 1, 0, '2017-12-19 11:57:58', '2018-01-20 16:27:09', 6),
(34, 34, 1, 1, 1, 6, 4, 1, 8, '9:00 AM', '9:45 AM', 1, 1, 1, 0, '2017-12-19 11:57:58', '2018-01-20 16:27:09', 6),
(35, 35, 1, 1, 1, 6, 5, 1, 8, '9:00 AM', '9:45 AM', 1, 1, 1, 0, '2017-12-19 11:57:58', '2018-01-20 16:27:09', 6),
(36, 36, 1, 1, 1, 6, 6, 1, 8, '9:00 AM', '9:45 AM', 1, 1, 1, 0, '2017-12-19 11:57:58', '2018-01-20 16:27:09', 6),
(37, 37, 0, 2, 0, 6, 1, 2, 1, '9:00 AM', '9:45 AM', 1, 1, 1, 0, '2017-12-19 11:59:58', '2017-12-19 14:51:16', 6),
(38, 38, 0, 2, 0, 6, 2, 2, 1, '9:00 AM', '9:45 AM', 1, 1, 1, 0, '2017-12-19 11:59:58', '2017-12-19 14:51:16', 6),
(39, 39, 0, 2, 0, 6, 3, 2, 1, '9:00 AM', '9:45 AM', 1, 1, 1, 0, '2017-12-19 11:59:58', '2017-12-19 14:51:16', 6),
(40, 40, 0, 2, 0, 6, 4, 2, 1, '9:00 AM', '9:45 AM', 1, 1, 1, 0, '2017-12-19 11:59:58', '2017-12-19 14:51:16', 6),
(41, 41, 0, 2, 0, 6, 5, 2, 1, '9:00 AM', '9:45 AM', 1, 1, 1, 0, '2017-12-19 11:59:58', '2017-12-19 14:51:16', 6),
(42, 42, 0, 2, 0, 6, 6, 2, 1, '9:00 AM', '9:45 AM', 1, 1, 1, 0, '2017-12-19 11:59:58', '2017-12-19 14:51:16', 6),
(43, 43, 0, 2, 0, 5, 1, 2, 2, '9:00 AM', '9:45 AM', 1, 1, 1, 0, '2017-12-19 12:00:18', '2017-12-19 14:50:44', 5),
(44, 44, 0, 2, 0, 5, 2, 2, 2, '9:00 AM', '9:45 AM', 1, 1, 1, 0, '2017-12-19 12:00:18', '2017-12-19 14:50:44', 5),
(45, 45, 0, 2, 0, 5, 3, 2, 2, '9:00 AM', '9:45 AM', 1, 1, 1, 0, '2017-12-19 12:00:18', '2017-12-19 14:50:44', 5),
(46, 46, 0, 2, 0, 5, 4, 2, 2, '9:00 AM', '9:45 AM', 1, 1, 1, 0, '2017-12-19 12:00:18', '2017-12-19 14:50:44', 5),
(47, 47, 0, 2, 0, 5, 5, 2, 2, '9:00 AM', '9:45 AM', 1, 1, 1, 0, '2017-12-19 12:00:18', '2017-12-19 14:50:44', 5),
(48, 48, 0, 2, 0, 5, 6, 2, 2, '9:00 AM', '9:45 AM', 1, 1, 1, 0, '2017-12-19 12:00:19', '2017-12-19 14:50:44', 5),
(49, 49, 0, 2, 0, 4, 1, 2, 3, '9:00 AM', '9:45 AM', 1, 1, 1, 0, '2017-12-19 12:00:44', '2017-12-19 14:50:17', 4),
(50, 50, 0, 2, 0, 4, 2, 2, 3, '9:00 AM', '9:45 AM', 1, 1, 1, 0, '2017-12-19 12:00:44', '2017-12-19 14:50:17', 4),
(51, 51, 0, 2, 0, 4, 3, 2, 3, '9:00 AM', '9:45 AM', 1, 1, 1, 0, '2017-12-19 12:00:44', '2017-12-19 14:50:17', 4),
(52, 52, 0, 2, 0, 4, 4, 2, 3, '9:00 AM', '9:45 AM', 1, 1, 1, 0, '2017-12-19 12:00:44', '2017-12-19 14:50:17', 4),
(53, 53, 0, 2, 0, 4, 5, 2, 3, '9:00 AM', '9:45 AM', 1, 1, 1, 0, '2017-12-19 12:00:44', '2017-12-19 14:50:17', 4),
(54, 54, 0, 2, 0, 4, 6, 2, 3, '9:00 AM', '9:45 AM', 1, 1, 1, 0, '2017-12-19 12:00:44', '2017-12-19 14:50:17', 4),
(55, 55, 0, 2, 0, 3, 1, 2, 6, '9:00 AM', '9:45 AM', 1, 1, 1, 0, '2017-12-19 12:01:04', '2017-12-19 14:49:42', 3),
(56, 56, 0, 2, 0, 3, 2, 2, 6, '9:00 AM', '9:45 AM', 1, 1, 1, 0, '2017-12-19 12:01:04', '2017-12-19 14:49:42', 3),
(57, 57, 0, 2, 0, 3, 3, 2, 6, '9:00 AM', '9:45 AM', 1, 1, 1, 0, '2017-12-19 12:01:04', '2017-12-19 14:49:42', 3),
(58, 58, 0, 2, 0, 3, 4, 2, 6, '9:00 AM', '9:45 AM', 1, 1, 1, 0, '2017-12-19 12:01:04', '2017-12-19 14:49:42', 3),
(59, 59, 0, 2, 0, 3, 5, 2, 6, '9:00 AM', '9:45 AM', 1, 1, 1, 0, '2017-12-19 12:01:04', '2017-12-19 14:49:42', 3),
(60, 60, 0, 2, 0, 3, 6, 2, 6, '9:00 AM', '9:45 AM', 1, 1, 1, 0, '2017-12-19 12:01:04', '2017-12-19 14:49:42', 3),
(61, 61, 0, 2, 0, 2, 1, 2, 5, '9:00 AM', '9:45 AM', 1, 1, 1, 0, '2017-12-19 12:02:26', '2017-12-19 14:49:17', 2),
(62, 62, 0, 2, 0, 2, 2, 2, 5, '9:00 AM', '9:45 AM', 1, 1, 1, 0, '2017-12-19 12:02:26', '2017-12-19 14:49:17', 2),
(63, 63, 0, 2, 0, 2, 3, 2, 5, '9:00 AM', '9:45 AM', 1, 1, 1, 0, '2017-12-19 12:02:26', '2017-12-19 14:49:17', 2),
(64, 64, 0, 2, 0, 2, 4, 2, 5, '9:00 AM', '9:45 AM', 1, 1, 1, 0, '2017-12-19 12:02:26', '2017-12-19 14:49:17', 2),
(65, 65, 0, 2, 0, 2, 5, 2, 5, '9:00 AM', '9:45 AM', 1, 1, 1, 0, '2017-12-19 12:02:26', '2017-12-19 14:49:17', 2),
(66, 66, 0, 2, 0, 2, 6, 2, 5, '9:00 AM', '9:45 AM', 1, 1, 1, 0, '2017-12-19 12:02:26', '2017-12-19 14:49:17', 2),
(67, 67, 0, 2, 0, 1, 1, 2, 8, '9:00 AM', '9:45 AM', 1, 1, 1, 0, '2017-12-19 12:05:07', '2017-12-19 14:48:57', 1),
(68, 68, 0, 2, 0, 1, 2, 2, 8, '9:00 AM', '9:45 AM', 1, 1, 1, 0, '2017-12-19 12:05:07', '2017-12-19 14:48:57', 1),
(69, 69, 0, 2, 0, 1, 3, 2, 8, '9:00 AM', '9:45 AM', 1, 1, 1, 0, '2017-12-19 12:05:07', '2017-12-19 14:48:57', 1),
(70, 70, 0, 2, 0, 1, 4, 2, 8, '9:00 AM', '9:45 AM', 1, 1, 1, 0, '2017-12-19 12:05:07', '2017-12-19 14:48:57', 1),
(71, 71, 0, 2, 0, 1, 5, 2, 8, '9:00 AM', '9:45 AM', 1, 1, 1, 0, '2017-12-19 12:05:07', '2017-12-19 14:48:57', 1),
(72, 72, 0, 2, 0, 1, 6, 2, 8, '9:00 AM', '9:45 AM', 1, 1, 1, 0, '2017-12-19 12:05:07', '2017-12-19 14:48:57', 1),
(73, 73, 0, 3, 2, 1, 1, 4, 1, '9:00 AM', '9:45 AM', 1, 1, 1, 0, '2017-12-29 00:16:24', '2017-12-30 00:33:10', 1),
(74, 74, 0, 3, 2, 2, 1, 4, 2, '9:45 AM', '10:30 AM', 1, 1, 1, 0, '2017-12-30 00:21:48', '2017-12-30 00:21:48', 0),
(75, 75, 0, 3, 2, 3, 1, 4, 3, '10:30 AM', '11:15 AM', 1, 1, 1, 0, '2017-12-30 00:22:27', '2018-04-12 06:45:15', 16),
(76, 76, 0, 3, 2, 4, 1, 4, 5, '11:15 AM', '11:30 AM', 1, 1, 1, 0, '2017-12-30 00:22:53', '2017-12-30 00:22:53', 0),
(77, 77, 0, 3, 2, 5, 1, 4, 6, '11:15 AM', '11:30 AM', 1, 1, 1, 0, '2017-12-30 00:23:11', '2017-12-30 00:23:11', 0),
(78, 78, 0, 3, 2, 6, 1, 4, 8, '11:15 AM', '11:30 AM', 1, 1, 1, 0, '2017-12-30 00:23:30', '2017-12-30 00:23:30', 0),
(79, 79, 0, 7, 1, 1, 1, 8, 1, '9:00 AM', '9:45 AM', 1, 1, 1, 0, '2018-01-18 10:34:28', '2018-01-18 12:11:48', 34),
(80, 80, 0, 7, 1, 2, 1, 8, 2, '9:00 AM', '9:45 AM', 1, 1, 1, 0, '2018-01-18 10:35:39', '2018-01-18 10:35:39', 0),
(81, 81, 0, 7, 1, 3, 1, 8, 3, '10:30 AM', '11:15 AM', 1, 1, 1, 0, '2018-01-18 10:36:28', '2018-01-18 10:36:28', 0),
(82, 82, 0, 7, 1, 4, 1, 8, 5, '11:15 AM', '11:30 AM', 1, 1, 1, 0, '2018-01-18 10:37:10', '2018-01-18 10:37:10', 0),
(83, 83, 0, 7, 1, 5, 1, 8, 6, '11:15 AM', '11:30 AM', 1, 1, 1, 0, '2018-01-18 10:37:47', '2018-01-18 11:04:47', 33),
(84, 84, 0, 7, 1, 6, 1, 8, 8, '11:15 AM', '11:30 AM', 1, 1, 1, 0, '2018-01-18 10:38:21', '2018-01-18 11:53:31', 34),
(85, 85, 0, 7, 1, 2, 1, 8, 9, '11:15 AM', '11:30 AM', 1, 1, 1, 0, '2018-01-18 10:38:48', '2018-01-18 10:38:48', 0),
(86, 86, 0, 7, 1, 4, 1, 8, 11, '11:15 AM', '11:30 AM', 1, 1, 1, 0, '2018-01-18 10:39:11', '2018-01-18 10:39:11', 0),
(87, 87, 0, 7, 2, 5, 1, 9, 1, '9:00 AM', '9:45 AM', 1, 1, 1, 0, '2018-01-18 12:34:02', '2018-01-18 12:34:02', 0),
(88, 88, 0, 7, 2, 5, 2, 9, 1, '9:00 AM', '9:45 AM', 1, 1, 1, 0, '2018-01-18 12:34:02', '2018-01-18 12:34:02', 0),
(89, 89, 0, 7, 2, 5, 3, 9, 1, '9:00 AM', '9:45 AM', 1, 1, 1, 0, '2018-01-18 12:34:02', '2018-01-18 12:34:02', 0),
(90, 90, 0, 7, 2, 5, 4, 9, 1, '9:00 AM', '9:45 AM', 1, 1, 1, 0, '2018-01-18 12:34:02', '2018-01-18 12:34:02', 0),
(91, 91, 0, 7, 2, 5, 5, 9, 1, '9:00 AM', '9:45 AM', 1, 1, 1, 0, '2018-01-18 12:34:02', '2018-01-18 12:34:02', 0),
(92, 92, 0, 7, 2, 5, 6, 9, 1, '9:00 AM', '9:45 AM', 1, 1, 1, 0, '2018-01-18 12:34:02', '2018-01-18 12:34:02', 0),
(93, 93, 0, 7, 2, 6, 1, 9, 2, '9:00 AM', '9:45 AM', 1, 1, 1, 0, '2018-01-18 12:34:23', '2018-01-18 12:34:23', 0),
(94, 94, 0, 7, 2, 6, 2, 9, 2, '9:00 AM', '9:45 AM', 1, 1, 1, 0, '2018-01-18 12:34:23', '2018-01-18 12:34:23', 0),
(95, 95, 0, 7, 2, 6, 3, 9, 2, '9:00 AM', '9:45 AM', 1, 1, 1, 0, '2018-01-18 12:34:23', '2018-01-18 12:34:23', 0),
(96, 96, 0, 7, 2, 6, 4, 9, 2, '9:00 AM', '9:45 AM', 1, 1, 1, 0, '2018-01-18 12:34:23', '2018-01-18 12:34:23', 0),
(97, 97, 0, 7, 2, 6, 5, 9, 2, '9:00 AM', '9:45 AM', 1, 1, 1, 0, '2018-01-18 12:34:23', '2018-01-18 12:34:23', 0),
(98, 98, 0, 7, 2, 6, 6, 9, 2, '9:00 AM', '9:45 AM', 1, 1, 1, 0, '2018-01-18 12:34:23', '2018-01-18 12:34:23', 0),
(99, 99, 0, 7, 2, 1, 1, 9, 3, '9:00 AM', '9:45 AM', 1, 1, 1, 0, '2018-01-18 12:34:50', '2018-01-18 12:34:50', 0),
(100, 100, 0, 7, 2, 1, 2, 9, 3, '9:00 AM', '9:45 AM', 1, 1, 1, 0, '2018-01-18 12:34:50', '2018-01-18 12:34:50', 0),
(101, 101, 0, 7, 2, 1, 3, 9, 3, '9:00 AM', '9:45 AM', 1, 1, 1, 0, '2018-01-18 12:34:50', '2018-01-18 12:34:50', 0),
(102, 102, 0, 7, 2, 1, 4, 9, 3, '9:00 AM', '9:45 AM', 1, 1, 1, 0, '2018-01-18 12:34:50', '2018-01-18 12:34:50', 0),
(103, 103, 0, 7, 2, 1, 5, 9, 3, '9:00 AM', '9:45 AM', 1, 1, 1, 0, '2018-01-18 12:34:50', '2018-01-18 12:34:50', 0),
(104, 104, 0, 7, 2, 1, 6, 9, 3, '9:00 AM', '9:45 AM', 1, 1, 1, 0, '2018-01-18 12:34:50', '2018-01-18 12:34:50', 0),
(105, 105, 0, 7, 2, 2, 1, 9, 5, '9:00 AM', '9:45 AM', 1, 1, 1, 0, '2018-01-18 12:38:43', '2018-01-18 12:38:43', 0),
(106, 106, 0, 7, 2, 2, 2, 9, 5, '9:00 AM', '9:45 AM', 1, 1, 1, 0, '2018-01-18 12:38:43', '2018-01-18 12:38:43', 0),
(107, 107, 0, 7, 2, 2, 3, 9, 5, '9:00 AM', '9:45 AM', 1, 1, 1, 0, '2018-01-18 12:38:43', '2018-01-18 12:38:43', 0),
(108, 108, 0, 7, 2, 2, 4, 9, 5, '9:00 AM', '9:45 AM', 1, 1, 1, 0, '2018-01-18 12:38:43', '2018-01-18 12:38:43', 0),
(109, 109, 0, 7, 2, 2, 5, 9, 5, '9:00 AM', '9:45 AM', 1, 1, 1, 0, '2018-01-18 12:38:43', '2018-01-18 12:38:43', 0),
(110, 110, 0, 7, 2, 2, 6, 9, 5, '9:00 AM', '9:45 AM', 1, 1, 1, 0, '2018-01-18 12:38:43', '2018-01-18 12:38:43', 0),
(111, 111, 0, 7, 2, 3, 1, 9, 6, '9:00 AM', '9:45 AM', 1, 1, 1, 0, '2018-01-18 12:39:08', '2018-01-18 12:39:08', 0),
(112, 112, 0, 7, 2, 3, 2, 9, 6, '9:00 AM', '9:45 AM', 1, 1, 1, 0, '2018-01-18 12:39:08', '2018-01-18 12:39:08', 0),
(113, 113, 0, 7, 2, 3, 3, 9, 6, '9:00 AM', '9:45 AM', 1, 1, 1, 0, '2018-01-18 12:39:08', '2018-01-18 12:39:08', 0),
(114, 114, 0, 7, 2, 3, 4, 9, 6, '9:00 AM', '9:45 AM', 1, 1, 1, 0, '2018-01-18 12:39:08', '2018-01-18 12:39:08', 0),
(115, 115, 0, 7, 2, 3, 5, 9, 6, '9:00 AM', '9:45 AM', 1, 1, 1, 0, '2018-01-18 12:39:08', '2018-01-18 12:39:08', 0),
(116, 116, 0, 7, 2, 3, 6, 9, 6, '9:00 AM', '9:45 AM', 1, 1, 1, 0, '2018-01-18 12:39:08', '2018-01-18 12:39:08', 0),
(117, 117, 0, 7, 2, 4, 1, 9, 8, '9:00 AM', '9:45 AM', 1, 1, 1, 0, '2018-01-18 12:39:33', '2018-01-18 12:39:33', 0),
(118, 118, 0, 7, 2, 4, 2, 9, 8, '9:00 AM', '9:45 AM', 1, 1, 1, 0, '2018-01-18 12:39:33', '2018-01-18 12:39:33', 0),
(119, 119, 0, 7, 2, 4, 3, 9, 8, '9:00 AM', '9:45 AM', 1, 1, 1, 0, '2018-01-18 12:39:33', '2018-01-18 12:39:33', 0),
(120, 120, 0, 7, 2, 4, 4, 9, 8, '9:00 AM', '9:45 AM', 1, 1, 1, 0, '2018-01-18 12:39:33', '2018-01-18 12:39:33', 0),
(121, 121, 0, 7, 2, 4, 5, 9, 8, '9:00 AM', '9:45 AM', 1, 1, 1, 0, '2018-01-18 12:39:33', '2018-01-18 12:39:33', 0),
(122, 122, 0, 7, 2, 4, 6, 9, 8, '9:00 AM', '9:45 AM', 1, 1, 1, 0, '2018-01-18 12:39:33', '2018-01-18 12:39:33', 0),
(123, 1, 0, 1, 1, 1, 1, 3, 1, '9:00 AM', '9:45 AM', 2, 1, 1, 0, '2018-01-20 16:27:08', '2018-01-20 16:27:08', 0),
(124, 1, 0, 1, 1, 1, 1, 3, 1, '9:00 AM', '9:45 AM', 2, 1, 1, 0, '2018-01-20 16:27:08', '2018-01-20 16:27:08', 0),
(125, 2, 0, 1, 1, 1, 2, 3, 1, '9:00 AM', '9:45 AM', 2, 1, 1, 0, '2018-01-20 16:27:08', '2018-01-20 16:27:08', 0),
(126, 2, 0, 1, 1, 1, 2, 3, 1, '9:00 AM', '9:45 AM', 2, 1, 1, 0, '2018-01-20 16:27:08', '2018-01-20 16:27:08', 0),
(127, 3, 0, 1, 1, 1, 3, 3, 1, '9:00 AM', '9:45 AM', 2, 1, 1, 0, '2018-01-20 16:27:08', '2018-01-20 16:27:08', 0),
(128, 3, 0, 1, 1, 1, 3, 3, 1, '9:00 AM', '9:45 AM', 2, 1, 1, 0, '2018-01-20 16:27:08', '2018-01-20 16:27:08', 0),
(129, 4, 0, 1, 1, 1, 4, 3, 1, '9:00 AM', '9:45 AM', 2, 1, 1, 0, '2018-01-20 16:27:08', '2018-01-20 16:27:08', 0),
(130, 4, 0, 1, 1, 1, 4, 3, 1, '9:00 AM', '9:45 AM', 2, 1, 1, 0, '2018-01-20 16:27:08', '2018-01-20 16:27:08', 0),
(131, 5, 0, 1, 1, 1, 5, 3, 1, '9:00 AM', '9:45 AM', 2, 1, 1, 0, '2018-01-20 16:27:08', '2018-01-20 16:27:08', 0),
(132, 5, 0, 1, 1, 1, 5, 3, 1, '9:00 AM', '9:45 AM', 2, 1, 1, 0, '2018-01-20 16:27:08', '2018-01-20 16:27:08', 0),
(133, 6, 0, 1, 1, 1, 6, 3, 1, '9:00 AM', '9:45 AM', 2, 1, 1, 0, '2018-01-20 16:27:08', '2018-01-20 16:27:08', 0),
(134, 6, 0, 1, 1, 1, 6, 3, 1, '9:00 AM', '9:45 AM', 2, 1, 1, 0, '2018-01-20 16:27:08', '2018-01-20 16:27:08', 0),
(135, 7, 0, 1, 1, 2, 1, 3, 2, '9:00 AM', '9:45 AM', 2, 1, 1, 0, '2018-01-20 16:27:08', '2018-01-20 16:27:08', 0),
(136, 7, 0, 1, 1, 2, 1, 3, 2, '9:00 AM', '9:45 AM', 2, 1, 1, 0, '2018-01-20 16:27:08', '2018-01-20 16:27:08', 0),
(137, 8, 0, 1, 1, 2, 2, 3, 2, '9:00 AM', '9:45 AM', 2, 1, 1, 0, '2018-01-20 16:27:08', '2018-01-20 16:27:08', 0),
(138, 8, 0, 1, 1, 2, 2, 3, 2, '9:00 AM', '9:45 AM', 2, 1, 1, 0, '2018-01-20 16:27:08', '2018-01-20 16:27:08', 0),
(139, 9, 0, 1, 1, 2, 3, 3, 2, '9:00 AM', '9:45 AM', 2, 1, 1, 0, '2018-01-20 16:27:08', '2018-01-20 16:27:08', 0),
(140, 9, 0, 1, 1, 2, 3, 3, 2, '9:00 AM', '9:45 AM', 2, 1, 1, 0, '2018-01-20 16:27:08', '2018-01-20 16:27:08', 0),
(141, 10, 0, 1, 1, 2, 4, 3, 2, '9:00 AM', '9:45 AM', 2, 1, 1, 0, '2018-01-20 16:27:08', '2018-01-20 16:27:08', 0),
(142, 10, 0, 1, 1, 2, 4, 3, 2, '9:00 AM', '9:45 AM', 2, 1, 1, 0, '2018-01-20 16:27:08', '2018-01-20 16:27:08', 0),
(143, 11, 0, 1, 1, 2, 5, 3, 2, '9:00 AM', '9:45 AM', 2, 1, 1, 0, '2018-01-20 16:27:08', '2018-01-20 16:27:08', 0),
(144, 11, 0, 1, 1, 2, 5, 3, 2, '9:00 AM', '9:45 AM', 2, 1, 1, 0, '2018-01-20 16:27:08', '2018-01-20 16:27:08', 0),
(145, 12, 0, 1, 1, 2, 6, 3, 2, '9:00 AM', '9:45 AM', 2, 1, 1, 0, '2018-01-20 16:27:08', '2018-01-20 16:27:08', 0),
(146, 12, 0, 1, 1, 2, 6, 3, 2, '9:00 AM', '9:45 AM', 2, 1, 1, 0, '2018-01-20 16:27:08', '2018-01-20 16:27:08', 0),
(147, 13, 0, 1, 1, 3, 1, 3, 3, '9:00 AM', '9:45 AM', 2, 1, 1, 0, '2018-01-20 16:27:08', '2018-01-20 16:27:08', 0),
(148, 13, 0, 1, 1, 3, 1, 3, 3, '9:00 AM', '9:45 AM', 2, 1, 1, 0, '2018-01-20 16:27:08', '2018-01-20 16:27:08', 0),
(149, 14, 0, 1, 1, 3, 2, 3, 3, '9:00 AM', '9:45 AM', 2, 1, 1, 0, '2018-01-20 16:27:08', '2018-01-20 16:27:08', 0),
(150, 14, 0, 1, 1, 3, 2, 3, 3, '9:00 AM', '9:45 AM', 2, 1, 1, 0, '2018-01-20 16:27:08', '2018-01-20 16:27:08', 0),
(151, 15, 0, 1, 1, 3, 3, 3, 3, '9:00 AM', '9:45 AM', 2, 1, 1, 0, '2018-01-20 16:27:08', '2018-01-20 16:27:08', 0),
(152, 15, 0, 1, 1, 3, 3, 3, 3, '9:00 AM', '9:45 AM', 2, 1, 1, 0, '2018-01-20 16:27:08', '2018-01-20 16:27:08', 0),
(153, 16, 0, 1, 1, 3, 4, 3, 3, '9:00 AM', '9:45 AM', 2, 1, 1, 0, '2018-01-20 16:27:08', '2018-01-20 16:27:08', 0),
(154, 16, 0, 1, 1, 3, 4, 3, 3, '9:00 AM', '9:45 AM', 2, 1, 1, 0, '2018-01-20 16:27:08', '2018-01-20 16:27:08', 0),
(155, 17, 0, 1, 1, 3, 5, 3, 3, '9:00 AM', '9:45 AM', 2, 1, 1, 0, '2018-01-20 16:27:08', '2018-01-20 16:27:08', 0),
(156, 17, 0, 1, 1, 3, 5, 3, 3, '9:00 AM', '9:45 AM', 2, 1, 1, 0, '2018-01-20 16:27:08', '2018-01-20 16:27:08', 0),
(157, 18, 0, 1, 1, 3, 6, 3, 3, '9:00 AM', '9:45 AM', 2, 1, 1, 0, '2018-01-20 16:27:08', '2018-01-20 16:27:08', 0),
(158, 18, 0, 1, 1, 3, 6, 3, 3, '9:00 AM', '9:45 AM', 2, 1, 1, 0, '2018-01-20 16:27:08', '2018-01-20 16:27:08', 0),
(159, 19, 0, 1, 1, 4, 1, 3, 5, '9:00 AM', '9:45 AM', 2, 1, 1, 0, '2018-01-20 16:27:08', '2018-01-20 16:27:08', 0),
(160, 19, 0, 1, 1, 4, 1, 3, 5, '9:00 AM', '9:45 AM', 2, 1, 1, 0, '2018-01-20 16:27:08', '2018-01-20 16:27:08', 0),
(161, 20, 0, 1, 1, 4, 2, 3, 5, '9:00 AM', '9:45 AM', 2, 1, 1, 0, '2018-01-20 16:27:08', '2018-01-20 16:27:08', 0),
(162, 20, 0, 1, 1, 4, 2, 3, 5, '9:00 AM', '9:45 AM', 2, 1, 1, 0, '2018-01-20 16:27:08', '2018-01-20 16:27:08', 0),
(163, 21, 0, 1, 1, 4, 3, 3, 5, '9:00 AM', '9:45 AM', 2, 1, 1, 0, '2018-01-20 16:27:08', '2018-01-20 16:27:08', 0),
(164, 21, 0, 1, 1, 4, 3, 3, 5, '9:00 AM', '9:45 AM', 2, 1, 1, 0, '2018-01-20 16:27:08', '2018-01-20 16:27:08', 0),
(165, 22, 0, 1, 1, 4, 4, 3, 5, '9:00 AM', '9:45 AM', 2, 1, 1, 0, '2018-01-20 16:27:08', '2018-01-20 16:27:08', 0),
(166, 22, 0, 1, 1, 4, 4, 3, 5, '9:00 AM', '9:45 AM', 2, 1, 1, 0, '2018-01-20 16:27:08', '2018-01-20 16:27:08', 0),
(167, 23, 0, 1, 1, 4, 5, 3, 5, '9:00 AM', '9:45 AM', 2, 1, 1, 0, '2018-01-20 16:27:08', '2018-01-20 16:27:08', 0),
(168, 23, 0, 1, 1, 4, 5, 3, 5, '9:00 AM', '9:45 AM', 2, 1, 1, 0, '2018-01-20 16:27:08', '2018-01-20 16:27:08', 0),
(169, 24, 0, 1, 1, 4, 6, 3, 5, '9:00 AM', '9:45 AM', 2, 1, 1, 0, '2018-01-20 16:27:08', '2018-01-20 16:27:08', 0),
(170, 24, 0, 1, 1, 4, 6, 3, 5, '9:00 AM', '9:45 AM', 2, 1, 1, 0, '2018-01-20 16:27:08', '2018-01-20 16:27:08', 0),
(171, 25, 0, 1, 1, 5, 1, 3, 6, '9:00 AM', '9:45 AM', 2, 1, 1, 0, '2018-01-20 16:27:09', '2018-01-20 16:27:09', 0),
(172, 25, 0, 1, 1, 5, 1, 3, 6, '9:00 AM', '9:45 AM', 2, 1, 1, 0, '2018-01-20 16:27:09', '2018-01-20 16:27:09', 0),
(173, 26, 0, 1, 1, 5, 2, 3, 6, '9:00 AM', '9:45 AM', 2, 1, 1, 0, '2018-01-20 16:27:09', '2018-01-20 16:27:09', 0),
(174, 26, 0, 1, 1, 5, 2, 3, 6, '9:00 AM', '9:45 AM', 2, 1, 1, 0, '2018-01-20 16:27:09', '2018-01-20 16:27:09', 0),
(175, 27, 0, 1, 1, 5, 3, 3, 6, '9:00 AM', '9:45 AM', 2, 1, 1, 0, '2018-01-20 16:27:09', '2018-01-20 16:27:09', 0),
(176, 27, 0, 1, 1, 5, 3, 3, 6, '9:00 AM', '9:45 AM', 2, 1, 1, 0, '2018-01-20 16:27:09', '2018-01-20 16:27:09', 0),
(177, 28, 0, 1, 1, 5, 4, 3, 6, '9:00 AM', '9:45 AM', 2, 1, 1, 0, '2018-01-20 16:27:09', '2018-01-20 16:27:09', 0),
(178, 28, 0, 1, 1, 5, 4, 3, 6, '9:00 AM', '9:45 AM', 2, 1, 1, 0, '2018-01-20 16:27:09', '2018-01-20 16:27:09', 0),
(179, 29, 0, 1, 1, 5, 5, 3, 6, '9:00 AM', '9:45 AM', 2, 1, 1, 0, '2018-01-20 16:27:09', '2018-01-20 16:27:09', 0),
(180, 29, 0, 1, 1, 5, 5, 3, 6, '9:00 AM', '9:45 AM', 2, 1, 1, 0, '2018-01-20 16:27:09', '2018-01-20 16:27:09', 0),
(181, 30, 0, 1, 1, 5, 6, 3, 6, '9:00 AM', '9:45 AM', 2, 1, 1, 0, '2018-01-20 16:27:09', '2018-01-20 16:27:09', 0),
(182, 30, 0, 1, 1, 5, 6, 3, 6, '9:00 AM', '9:45 AM', 2, 1, 1, 0, '2018-01-20 16:27:09', '2018-01-20 16:27:09', 0),
(183, 31, 0, 1, 1, 6, 1, 3, 8, '9:00 AM', '9:45 AM', 2, 1, 1, 0, '2018-01-20 16:27:09', '2018-01-20 16:27:09', 0),
(184, 31, 0, 1, 1, 6, 1, 3, 8, '9:00 AM', '9:45 AM', 2, 1, 1, 0, '2018-01-20 16:27:09', '2018-01-20 16:27:09', 0),
(185, 32, 0, 1, 1, 6, 2, 3, 8, '9:00 AM', '9:45 AM', 2, 1, 1, 0, '2018-01-20 16:27:09', '2018-01-20 16:27:09', 0),
(186, 32, 0, 1, 1, 6, 2, 3, 8, '9:00 AM', '9:45 AM', 2, 1, 1, 0, '2018-01-20 16:27:09', '2018-01-20 16:27:09', 0),
(187, 33, 0, 1, 1, 6, 3, 3, 8, '9:00 AM', '9:45 AM', 2, 1, 1, 0, '2018-01-20 16:27:09', '2018-01-20 16:27:09', 0),
(188, 33, 0, 1, 1, 6, 3, 3, 8, '9:00 AM', '9:45 AM', 2, 1, 1, 0, '2018-01-20 16:27:09', '2018-01-20 16:27:09', 0),
(189, 34, 0, 1, 1, 6, 4, 3, 8, '9:00 AM', '9:45 AM', 2, 1, 1, 0, '2018-01-20 16:27:09', '2018-01-20 16:27:09', 0),
(190, 34, 0, 1, 1, 6, 4, 3, 8, '9:00 AM', '9:45 AM', 2, 1, 1, 0, '2018-01-20 16:27:09', '2018-01-20 16:27:09', 0),
(191, 35, 0, 1, 1, 6, 5, 3, 8, '9:00 AM', '9:45 AM', 2, 1, 1, 0, '2018-01-20 16:27:09', '2018-01-20 16:27:09', 0),
(192, 35, 0, 1, 1, 6, 5, 3, 8, '9:00 AM', '9:45 AM', 2, 1, 1, 0, '2018-01-20 16:27:09', '2018-01-20 16:27:09', 0),
(193, 36, 0, 1, 1, 6, 6, 3, 8, '9:00 AM', '9:45 AM', 2, 1, 1, 0, '2018-01-20 16:27:09', '2018-01-20 16:27:09', 0),
(194, 36, 0, 1, 1, 6, 6, 3, 8, '9:00 AM', '9:45 AM', 2, 1, 1, 0, '2018-01-20 16:27:09', '2018-01-20 16:27:09', 0),
(195, 195, 0, 10, 3, 1, 1, 12, 1, '9:00 AM', '9:45 AM', 1, 1, 1, 0, '2018-01-24 11:46:00', '2018-01-24 11:46:00', 0),
(196, 196, 0, 10, 3, 1, 2, 12, 1, '9:00 AM', '9:45 AM', 1, 1, 1, 0, '2018-01-24 11:46:00', '2018-01-24 11:46:00', 0),
(197, 197, 0, 10, 3, 1, 3, 12, 1, '9:00 AM', '9:45 AM', 1, 1, 1, 0, '2018-01-24 11:46:00', '2018-01-24 11:46:00', 0),
(198, 198, 0, 10, 3, 1, 4, 12, 1, '9:00 AM', '9:45 AM', 1, 1, 1, 0, '2018-01-24 11:46:00', '2018-01-24 11:46:00', 0),
(199, 199, 0, 10, 3, 1, 5, 12, 1, '9:00 AM', '9:45 AM', 1, 1, 1, 0, '2018-01-24 11:46:00', '2018-01-24 11:46:00', 0),
(200, 200, 0, 10, 3, 1, 6, 12, 1, '9:00 AM', '9:45 AM', 1, 1, 1, 0, '2018-01-24 11:46:00', '2018-01-24 11:46:00', 0),
(201, 201, 0, 9, 1, 1, 1, 11, 1, '9:00 AM', '9:45 AM', 1, 1, 1, 0, '2018-01-24 11:50:24', '2018-01-24 11:50:24', 0),
(202, 202, 0, 9, 1, 1, 2, 11, 1, '9:00 AM', '9:45 AM', 1, 1, 1, 0, '2018-01-24 11:50:24', '2018-01-24 11:50:24', 0),
(203, 203, 0, 9, 1, 1, 3, 11, 1, '9:00 AM', '9:45 AM', 1, 1, 1, 0, '2018-01-24 11:50:24', '2018-01-24 11:50:24', 0),
(204, 204, 0, 9, 1, 1, 4, 11, 1, '9:00 AM', '9:45 AM', 1, 1, 1, 0, '2018-01-24 11:50:24', '2018-01-24 11:50:24', 0),
(205, 205, 0, 9, 1, 1, 5, 11, 1, '9:00 AM', '9:45 AM', 1, 1, 1, 0, '2018-01-24 11:50:24', '2018-01-24 11:50:24', 0),
(206, 206, 0, 9, 1, 1, 6, 11, 1, '9:00 AM', '9:45 AM', 1, 1, 1, 0, '2018-01-24 11:50:24', '2018-01-24 11:50:24', 0),
(207, 207, 0, 9, 1, 2, 1, 11, 2, '9:45 AM', '10:30 AM', 1, 1, 1, 0, '2018-01-24 11:54:42', '2018-01-24 11:54:42', 0),
(208, 208, 0, 9, 3, 1, 1, 26, 1, '9:00 AM', '9:45 AM', 1, 1, 1, 0, '2018-01-24 12:09:17', '2018-01-24 12:47:05', 16),
(209, 209, 0, 9, 3, 1, 2, 26, 1, '9:00 AM', '9:45 AM', 1, 1, 1, 0, '2018-01-24 12:09:17', '2018-01-24 12:47:05', 16),
(210, 210, 0, 9, 3, 1, 3, 26, 1, '9:00 AM', '9:45 AM', 1, 1, 1, 0, '2018-01-24 12:09:17', '2018-01-24 12:47:05', 16),
(211, 211, 0, 9, 3, 1, 4, 26, 1, '9:00 AM', '9:45 AM', 1, 1, 1, 0, '2018-01-24 12:09:17', '2018-01-24 12:47:05', 16),
(212, 212, 0, 9, 3, 1, 5, 26, 1, '9:00 AM', '9:45 AM', 1, 1, 1, 0, '2018-01-24 12:09:17', '2018-01-24 12:47:05', 16),
(213, 213, 0, 9, 3, 1, 6, 26, 1, '9:00 AM', '9:45 AM', 1, 1, 1, 0, '2018-01-24 12:09:17', '2018-01-24 12:47:05', 16),
(214, 214, 0, 9, 3, 2, 1, 26, 2, '9:00 AM', '9:45 AM', 1, 1, 1, 0, '2018-01-24 12:11:32', '2018-01-24 12:49:02', 2),
(215, 215, 0, 9, 3, 2, 2, 26, 2, '9:00 AM', '9:45 AM', 1, 1, 1, 0, '2018-01-24 12:11:32', '2018-01-24 12:49:02', 2),
(216, 216, 0, 9, 3, 2, 3, 26, 2, '9:00 AM', '9:45 AM', 1, 1, 1, 0, '2018-01-24 12:11:32', '2018-01-24 12:49:02', 2),
(217, 217, 0, 9, 3, 2, 4, 26, 2, '9:00 AM', '9:45 AM', 1, 1, 1, 0, '2018-01-24 12:11:32', '2018-01-24 12:49:02', 2),
(218, 218, 0, 9, 3, 2, 5, 26, 2, '9:00 AM', '9:45 AM', 1, 1, 1, 0, '2018-01-24 12:11:32', '2018-01-24 12:49:02', 2),
(219, 219, 0, 9, 3, 2, 6, 26, 2, '9:00 AM', '9:45 AM', 1, 1, 1, 0, '2018-01-24 12:11:32', '2018-01-24 12:49:02', 2),
(220, 220, 0, 9, 3, 3, 1, 26, 3, '9:00 AM', '9:45 AM', 1, 1, 1, 0, '2018-01-24 12:12:28', '2018-01-24 12:51:21', 3),
(221, 221, 0, 9, 3, 3, 2, 26, 3, '9:00 AM', '9:45 AM', 1, 1, 1, 0, '2018-01-24 12:12:28', '2018-01-24 12:51:21', 3),
(222, 222, 0, 9, 3, 3, 3, 26, 3, '9:00 AM', '9:45 AM', 1, 1, 1, 0, '2018-01-24 12:12:28', '2018-01-24 12:51:21', 3),
(223, 223, 0, 9, 3, 3, 4, 26, 3, '9:00 AM', '9:45 AM', 1, 1, 1, 0, '2018-01-24 12:12:28', '2018-01-24 12:51:21', 3),
(224, 224, 0, 9, 3, 3, 5, 26, 3, '9:00 AM', '9:45 AM', 1, 1, 1, 0, '2018-01-24 12:12:28', '2018-01-24 12:51:21', 3),
(225, 225, 0, 9, 3, 3, 6, 26, 3, '9:00 AM', '9:45 AM', 1, 1, 1, 0, '2018-01-24 12:12:28', '2018-01-24 12:51:21', 3),
(226, 226, 0, 9, 3, 4, 1, 26, 5, '9:00 AM', '9:45 AM', 1, 1, 1, 0, '2018-01-24 12:13:11', '2018-01-24 12:52:00', 37),
(227, 227, 0, 9, 3, 4, 2, 26, 5, '9:00 AM', '9:45 AM', 1, 1, 1, 0, '2018-01-24 12:13:11', '2018-01-24 12:52:00', 37),
(228, 228, 0, 9, 3, 4, 3, 26, 5, '9:00 AM', '9:45 AM', 1, 1, 1, 0, '2018-01-24 12:13:11', '2018-01-24 12:52:00', 37),
(229, 229, 0, 9, 3, 4, 4, 26, 5, '9:00 AM', '9:45 AM', 1, 1, 1, 0, '2018-01-24 12:13:11', '2018-01-24 12:52:00', 37),
(230, 230, 0, 9, 3, 4, 5, 26, 5, '9:00 AM', '9:45 AM', 1, 1, 1, 0, '2018-01-24 12:13:11', '2018-01-24 12:52:00', 37),
(231, 231, 0, 9, 3, 4, 6, 26, 5, '9:00 AM', '9:45 AM', 1, 1, 1, 0, '2018-01-24 12:13:11', '2018-01-24 12:52:00', 37),
(232, 232, 0, 9, 3, 5, 1, 26, 6, '9:00 AM', '9:45 AM', 1, 1, 1, 0, '2018-01-24 12:15:29', '2018-01-24 12:52:51', 5),
(233, 233, 0, 9, 3, 5, 2, 26, 6, '9:00 AM', '9:45 AM', 1, 1, 1, 0, '2018-01-24 12:15:29', '2018-01-24 12:52:51', 5),
(234, 234, 0, 9, 3, 5, 3, 26, 6, '9:00 AM', '9:45 AM', 1, 1, 1, 0, '2018-01-24 12:15:29', '2018-01-24 12:52:51', 5),
(235, 235, 0, 9, 3, 5, 4, 26, 6, '9:00 AM', '9:45 AM', 1, 1, 1, 0, '2018-01-24 12:15:29', '2018-01-24 12:52:51', 5),
(236, 236, 0, 9, 3, 5, 5, 26, 6, '9:00 AM', '9:45 AM', 1, 1, 1, 0, '2018-01-24 12:15:29', '2018-01-30 14:43:08', 5),
(237, 237, 0, 9, 3, 5, 6, 26, 6, '9:00 AM', '9:45 AM', 1, 1, 1, 0, '2018-01-24 12:15:29', '2018-01-24 12:52:51', 5),
(238, 238, 0, 9, 3, 6, 1, 26, 8, '9:00 AM', '9:45 AM', 1, 1, 1, 0, '2018-01-24 12:16:06', '2018-01-24 12:53:41', 6),
(239, 239, 0, 9, 3, 6, 2, 26, 8, '9:00 AM', '9:45 AM', 1, 1, 1, 0, '2018-01-24 12:16:06', '2018-01-24 12:53:41', 6),
(240, 240, 0, 9, 3, 6, 3, 26, 8, '9:00 AM', '9:45 AM', 1, 1, 1, 0, '2018-01-24 12:16:06', '2018-01-24 12:53:41', 6),
(241, 241, 0, 9, 3, 6, 4, 26, 8, '9:00 AM', '9:45 AM', 1, 1, 1, 0, '2018-01-24 12:16:06', '2018-01-24 12:53:41', 6),
(242, 242, 0, 9, 3, 6, 5, 26, 8, '9:00 AM', '9:45 AM', 1, 1, 1, 0, '2018-01-24 12:16:06', '2018-01-24 12:53:41', 6),
(243, 243, 0, 9, 3, 6, 6, 26, 8, '9:00 AM', '9:45 AM', 1, 1, 1, 0, '2018-01-24 12:16:06', '2018-01-24 12:53:41', 6),
(244, 244, 0, 9, 3, 4, 1, 26, 11, '9:00 AM', '9:45 AM', 1, 1, 1, 0, '2018-01-24 12:18:35', '2018-01-24 12:52:00', 37),
(245, 245, 0, 9, 3, 4, 2, 26, 11, '9:00 AM', '9:45 AM', 1, 1, 1, 0, '2018-01-24 12:18:35', '2018-01-24 12:52:00', 37),
(246, 246, 0, 9, 3, 4, 3, 26, 11, '9:00 AM', '9:45 AM', 1, 1, 1, 0, '2018-01-24 12:18:35', '2018-01-24 12:52:00', 37),
(247, 247, 0, 9, 3, 4, 4, 26, 11, '9:00 AM', '9:45 AM', 1, 1, 1, 0, '2018-01-24 12:18:35', '2018-01-24 12:52:00', 37),
(248, 248, 0, 9, 3, 4, 5, 26, 11, '9:00 AM', '9:45 AM', 1, 1, 1, 0, '2018-01-24 12:18:35', '2018-01-24 12:52:00', 37),
(249, 249, 0, 9, 3, 4, 6, 26, 11, '9:00 AM', '9:45 AM', 1, 1, 1, 0, '2018-01-24 12:18:35', '2018-01-24 12:52:00', 37),
(250, 250, 0, 9, 3, 3, 1, 26, 9, '9:00 AM', '9:45 AM', 1, 1, 1, 0, '2018-01-24 12:23:36', '2018-01-24 12:51:21', 3),
(251, 251, 0, 9, 3, 3, 2, 26, 9, '9:00 AM', '9:45 AM', 1, 1, 1, 0, '2018-01-24 12:23:37', '2018-01-24 12:51:21', 3),
(252, 252, 0, 9, 3, 3, 3, 26, 9, '9:00 AM', '9:45 AM', 1, 1, 1, 0, '2018-01-24 12:23:37', '2018-01-24 12:51:21', 3),
(253, 253, 0, 9, 3, 3, 4, 26, 9, '9:00 AM', '9:45 AM', 1, 1, 1, 0, '2018-01-24 12:23:37', '2018-01-24 12:51:21', 3),
(254, 254, 0, 9, 3, 3, 5, 26, 9, '2:15 PM', '3:00 PM', 1, 1, 1, 1, '2018-01-24 12:23:37', '2018-01-25 16:27:10', 3),
(255, 255, 0, 9, 3, 3, 6, 26, 9, '9:00 AM', '9:45 AM', 1, 1, 1, 0, '2018-01-24 12:23:37', '2018-01-24 12:51:21', 3),
(256, 256, 0, 4, 1, 2, 1, 5, 6, '9:00 AM', '9:45 AM', 1, 1, 1, 0, '2018-02-03 12:35:14', '2018-02-03 12:35:14', 0),
(257, 257, 0, 4, 1, 2, 2, 5, 6, '9:00 AM', '9:45 AM', 1, 1, 1, 0, '2018-02-03 12:35:14', '2018-02-03 12:35:14', 0),
(258, 258, 0, 4, 1, 2, 3, 5, 6, '9:00 AM', '9:45 AM', 1, 1, 1, 0, '2018-02-03 12:35:14', '2018-02-03 12:35:14', 0),
(259, 259, 0, 4, 1, 2, 4, 5, 6, '9:00 AM', '9:45 AM', 1, 1, 1, 0, '2018-02-03 12:35:14', '2018-02-03 12:35:14', 0),
(260, 260, 0, 4, 1, 2, 5, 5, 6, '9:00 AM', '9:45 AM', 1, 1, 1, 0, '2018-02-03 12:35:14', '2018-02-03 12:35:14', 0),
(261, 261, 0, 4, 1, 2, 6, 5, 6, '9:00 AM', '9:45 AM', 1, 1, 1, 0, '2018-02-03 12:35:14', '2018-02-03 12:35:14', 0),
(262, 262, 0, 9, 1, 1, 1, 22, 1, '9:00 AM', '9:45 AM', 2, 1, 1, 0, '2018-07-13 09:42:44', '2018-07-13 09:42:44', 0),
(263, 263, 0, 9, 1, 1, 2, 22, 1, '9:00 AM', '9:45 AM', 2, 1, 1, 0, '2018-07-13 09:42:44', '2018-07-13 09:42:44', 0),
(264, 264, 0, 9, 1, 1, 3, 22, 1, '9:00 AM', '9:45 AM', 2, 1, 1, 0, '2018-07-13 09:42:44', '2018-07-13 09:42:44', 0),
(265, 265, 0, 9, 1, 1, 4, 22, 1, '9:00 AM', '9:45 AM', 2, 1, 1, 0, '2018-07-13 09:42:44', '2018-07-13 09:42:44', 0),
(266, 266, 0, 9, 1, 1, 5, 22, 1, '9:00 AM', '9:45 AM', 2, 1, 1, 0, '2018-07-13 09:42:44', '2018-07-13 09:42:44', 0),
(267, 267, 0, 9, 1, 1, 6, 22, 1, '9:00 AM', '9:45 AM', 2, 1, 1, 0, '2018-07-13 09:42:44', '2018-07-13 09:42:44', 0),
(268, 268, 0, 9, 1, 2, 1, 22, 3, '9:00 AM', '9:45 AM', 2, 1, 1, 0, '2018-07-13 09:43:06', '2018-07-13 09:43:06', 0),
(269, 269, 0, 9, 1, 2, 2, 22, 3, '9:00 AM', '9:45 AM', 2, 1, 1, 0, '2018-07-13 09:43:06', '2018-07-13 09:43:06', 0),
(270, 270, 0, 9, 1, 2, 3, 22, 3, '9:00 AM', '9:45 AM', 2, 1, 1, 0, '2018-07-13 09:43:06', '2018-07-13 09:43:06', 0),
(271, 271, 0, 9, 1, 2, 4, 22, 3, '9:00 AM', '9:45 AM', 2, 1, 1, 0, '2018-07-13 09:43:06', '2018-07-13 09:43:06', 0),
(272, 272, 0, 9, 1, 2, 5, 22, 3, '9:00 AM', '9:45 AM', 2, 1, 1, 0, '2018-07-13 09:43:06', '2018-07-13 09:43:06', 0),
(273, 273, 0, 9, 1, 2, 6, 22, 3, '9:00 AM', '9:45 AM', 2, 1, 1, 0, '2018-07-13 09:43:06', '2018-07-13 09:43:06', 0),
(274, 274, 0, 9, 1, 3, 1, 22, 2, '9:00 AM', '9:45 AM', 2, 1, 1, 0, '2018-07-13 09:43:23', '2018-07-13 09:43:23', 0),
(275, 275, 0, 9, 1, 3, 2, 22, 2, '9:00 AM', '9:45 AM', 2, 1, 1, 0, '2018-07-13 09:43:23', '2018-07-13 09:43:23', 0),
(276, 276, 0, 9, 1, 3, 3, 22, 2, '9:00 AM', '9:45 AM', 2, 1, 1, 0, '2018-07-13 09:43:23', '2018-07-13 09:43:23', 0),
(277, 277, 0, 9, 1, 3, 4, 22, 2, '9:00 AM', '9:45 AM', 2, 1, 1, 0, '2018-07-13 09:43:23', '2018-07-13 09:43:23', 0),
(278, 278, 0, 9, 1, 3, 5, 22, 2, '9:00 AM', '9:45 AM', 2, 1, 1, 0, '2018-07-13 09:43:23', '2018-07-13 09:43:23', 0),
(279, 279, 0, 9, 1, 3, 6, 22, 2, '9:00 AM', '9:45 AM', 2, 1, 1, 0, '2018-07-13 09:43:23', '2018-07-13 09:43:23', 0),
(280, 280, 0, 9, 1, 4, 1, 22, 8, '9:00 AM', '9:45 AM', 2, 1, 1, 0, '2018-07-13 09:43:43', '2018-07-13 09:43:43', 0),
(281, 281, 0, 9, 1, 4, 2, 22, 8, '9:00 AM', '9:45 AM', 2, 1, 1, 0, '2018-07-13 09:43:43', '2018-07-13 09:43:43', 0),
(282, 282, 0, 9, 1, 4, 3, 22, 8, '9:00 AM', '9:45 AM', 2, 1, 1, 0, '2018-07-13 09:43:43', '2018-07-13 09:43:43', 0),
(283, 283, 0, 9, 1, 4, 4, 22, 8, '9:00 AM', '9:45 AM', 2, 1, 1, 0, '2018-07-13 09:43:43', '2018-07-13 09:43:43', 0),
(284, 284, 0, 9, 1, 4, 5, 22, 8, '9:00 AM', '9:45 AM', 2, 1, 1, 0, '2018-07-13 09:43:43', '2018-07-13 09:43:43', 0),
(285, 285, 0, 9, 1, 4, 6, 22, 8, '9:00 AM', '9:45 AM', 2, 1, 1, 0, '2018-07-13 09:43:43', '2018-07-13 09:43:43', 0),
(286, 286, 0, 9, 1, 5, 1, 22, 5, '9:00 AM', '9:45 AM', 2, 1, 1, 0, '2018-07-13 09:44:07', '2018-07-13 09:44:07', 0),
(287, 287, 0, 9, 1, 5, 2, 22, 5, '9:00 AM', '9:45 AM', 2, 1, 1, 0, '2018-07-13 09:44:07', '2018-07-13 09:44:07', 0),
(288, 288, 0, 9, 1, 5, 3, 22, 5, '9:00 AM', '9:45 AM', 2, 1, 1, 0, '2018-07-13 09:44:07', '2018-07-13 09:44:07', 0),
(289, 289, 0, 9, 1, 5, 4, 22, 5, '9:00 AM', '9:45 AM', 2, 1, 1, 0, '2018-07-13 09:44:07', '2018-07-13 09:44:07', 0),
(290, 290, 0, 9, 1, 5, 5, 22, 5, '9:00 AM', '9:45 AM', 2, 1, 1, 0, '2018-07-13 09:44:07', '2018-07-13 09:44:07', 0),
(291, 291, 0, 9, 1, 5, 6, 22, 5, '9:00 AM', '9:45 AM', 2, 1, 1, 0, '2018-07-13 09:44:07', '2018-07-13 09:44:07', 0),
(292, 292, 0, 9, 1, 6, 1, 22, 6, '9:00 AM', '9:45 AM', 2, 1, 1, 0, '2018-07-13 09:44:25', '2018-07-13 09:44:25', 0),
(293, 293, 0, 9, 1, 6, 2, 22, 6, '9:00 AM', '9:45 AM', 2, 1, 1, 0, '2018-07-13 09:44:25', '2018-07-13 09:44:25', 0),
(294, 294, 0, 9, 1, 6, 3, 22, 6, '9:00 AM', '9:45 AM', 2, 1, 1, 0, '2018-07-13 09:44:25', '2018-07-13 09:44:25', 0),
(295, 295, 0, 9, 1, 6, 4, 22, 6, '9:00 AM', '9:45 AM', 2, 1, 1, 0, '2018-07-13 09:44:25', '2018-07-13 09:44:25', 0),
(296, 296, 0, 9, 1, 6, 5, 22, 6, '9:00 AM', '9:45 AM', 2, 1, 1, 0, '2018-07-13 09:44:25', '2018-07-13 09:44:25', 0),
(297, 297, 0, 9, 1, 6, 6, 22, 6, '9:00 AM', '9:45 AM', 2, 1, 1, 0, '2018-07-13 09:44:25', '2018-07-13 09:44:25', 0);

-- --------------------------------------------------------

--
-- Table structure for table `class_teachers`
--

CREATE TABLE IF NOT EXISTS `class_teachers` (
  `id` int(11) NOT NULL AUTO_INCREMENT,
  `class_id` int(11) NOT NULL,
  `section_id` int(11) NOT NULL,
  `class_section_id` int(11) NOT NULL,
  `staff_id` int(11) NOT NULL,
  `academic_year_id` int(11) NOT NULL,
  `status` int(3) NOT NULL DEFAULT '1',
  `created_user_id` int(11) NOT NULL,
  `updated_user_id` int(11) NOT NULL,
  `created_at` timestamp NOT NULL DEFAULT CURRENT_TIMESTAMP ON UPDATE CURRENT_TIMESTAMP,
  `updated_at` timestamp NOT NULL DEFAULT '0000-00-00 00:00:00',
  PRIMARY KEY (`id`)
) ENGINE=InnoDB  DEFAULT CHARSET=latin1 AUTO_INCREMENT=13 ;

--
-- Dumping data for table `class_teachers`
--

INSERT INTO `class_teachers` (`id`, `class_id`, `section_id`, `class_section_id`, `staff_id`, `academic_year_id`, `status`, `created_user_id`, `updated_user_id`, `created_at`, `updated_at`) VALUES
(1, 2, 0, 2, 3, 1, 1, 1, 1, '2017-12-19 09:14:28', '2017-12-19 14:44:28'),
(2, 1, 1, 1, 6, 1, 1, 1, 1, '2017-12-28 18:28:30', '2017-12-28 23:58:30'),
(3, 3, 2, 4, 4, 1, 1, 1, 0, '2017-12-29 00:12:41', '2017-12-29 00:12:41'),
(4, 4, 1, 5, 1, 1, 1, 1, 0, '2018-01-17 09:50:05', '2018-01-17 09:50:05'),
(5, 4, 2, 6, 34, 1, 1, 1, 1, '2018-01-23 09:15:19', '2018-01-23 14:45:19'),
(6, 5, 0, 7, 5, 1, 1, 1, 0, '2018-01-17 09:50:48', '2018-01-17 09:50:48'),
(7, 7, 1, 8, 16, 1, 1, 1, 1, '2018-01-18 05:12:29', '2018-01-18 10:42:29'),
(8, 7, 2, 9, 33, 1, 1, 1, 1, '2018-01-23 00:42:27', '2018-01-23 06:12:27'),
(9, 10, 3, 12, 2, 1, 1, 1, 0, '2018-01-25 10:21:48', '2018-01-25 15:51:48'),
(10, 9, 3, 26, 37, 1, 1, 1, 1, '2018-01-24 08:57:06', '2018-01-24 14:27:06'),
(11, 9, 1, 22, 17, 2, 1, 1, 0, '2018-07-13 11:34:05', '2018-07-13 11:34:05'),
(12, 1, 1, 3, 18, 2, 1, 1, 0, '2018-07-19 20:40:26', '2018-07-19 20:40:26');

-- --------------------------------------------------------

--
-- Table structure for table `days`
--

CREATE TABLE IF NOT EXISTS `days` (
  `id` int(11) NOT NULL AUTO_INCREMENT,
  `day_title` varchar(255) NOT NULL,
  `working_day` int(11) NOT NULL,
  `status` int(3) NOT NULL DEFAULT '1',
  `created_user_id` int(11) NOT NULL,
  `updated_user_id` int(11) NOT NULL,
  `created_at` timestamp NOT NULL DEFAULT CURRENT_TIMESTAMP ON UPDATE CURRENT_TIMESTAMP,
  `updated_at` timestamp NOT NULL DEFAULT '0000-00-00 00:00:00',
  PRIMARY KEY (`id`)
) ENGINE=InnoDB  DEFAULT CHARSET=latin1 AUTO_INCREMENT=9 ;

--
-- Dumping data for table `days`
--

INSERT INTO `days` (`id`, `day_title`, `working_day`, `status`, `created_user_id`, `updated_user_id`, `created_at`, `updated_at`) VALUES
(1, 'Monday', 1, 1, 1, 0, '2018-01-31 08:02:39', '2018-01-31 13:32:39'),
(2, 'Tuesday', 1, 1, 1, 0, '2018-01-31 08:02:39', '2018-01-31 13:32:39'),
(3, 'Wednesday', 1, 1, 1, 0, '2018-01-31 08:02:39', '2018-01-31 13:32:39'),
(4, 'Thursday', 1, 1, 1, 0, '2018-01-31 08:02:39', '2018-01-31 13:32:39'),
(5, 'Friday', 1, 1, 1, 0, '2018-01-31 08:02:39', '2018-01-31 13:32:39'),
(6, 'Saturday', 1, 1, 1, 0, '2018-01-31 08:02:39', '2018-01-31 13:32:39'),
(7, 'Sunday', 0, 1, 1, 0, '2018-01-31 08:02:39', '2018-01-31 13:32:39'),
(8, 'All days', 1, 1, 1, 0, '2017-07-13 06:09:55', '0000-00-00 00:00:00');

-- --------------------------------------------------------

--
-- Table structure for table `events`
--

CREATE TABLE IF NOT EXISTS `events` (
  `id` int(11) NOT NULL AUTO_INCREMENT,
  `event_title_id` varchar(255) NOT NULL,
  `start_time` varchar(255) NOT NULL,
  `end_time` varchar(255) NOT NULL,
  `venue` varchar(255) NOT NULL,
  `event_poster` varchar(255) NOT NULL,
  `description` varchar(255) NOT NULL,
  `academic_year_id` int(11) NOT NULL,
  `status` int(3) NOT NULL DEFAULT '1',
  `created_at` timestamp NOT NULL DEFAULT CURRENT_TIMESTAMP ON UPDATE CURRENT_TIMESTAMP,
  `updated_at` timestamp NULL DEFAULT NULL,
  `created_user_id` int(11) NOT NULL,
  `updated_user_id` int(11) NOT NULL,
  PRIMARY KEY (`id`)
) ENGINE=InnoDB  DEFAULT CHARSET=latin1 AUTO_INCREMENT=8 ;

--
-- Dumping data for table `events`
--

INSERT INTO `events` (`id`, `event_title_id`, `start_time`, `end_time`, `venue`, `event_poster`, `description`, `academic_year_id`, `status`, `created_at`, `updated_at`, `created_user_id`, `updated_user_id`) VALUES
(1, '2', '28/12/2017 10:00', '28/12/2017 17:00', 'Shankarpally', '2017-12-19-17-42-49-yourspace-A4-poster-annual-fun-day-july-2014_001.png', 'All are Wellcome', 1, 1, '2018-01-08 11:39:26', '2018-01-08 17:09:26', 1, 0),
(2, '1', '19/09/2017 09:00', '19/09/2017 16:00', 'Hyderabad', '2017-12-19-17-44-16-venkat1.jpg', 'Wellcome All', 1, 1, '2018-01-08 10:07:02', '2018-01-08 15:37:02', 1, 0),
(3, '3', '18/01/2018 10:00', '18/01/2018 15:00', 'Shankarpally', '2018-01-11-08-56-22-3.jpg', 'All are welcome ', 1, 1, '2018-01-11 08:56:22', '2018-01-11 08:56:22', 1, 0),
(4, '4', '26/01/2018 06:00', '26/01/2018 10:00', 'School play ground', '2018-01-18-14-52-00-download (7).jpg', 'All are welcome', 1, 1, '2018-01-18 14:52:00', '2018-01-18 14:52:00', 1, 0),
(5, '6', '26/01/2018 17:12', '26/01/2018 22:00', 'Shankar pally', '2018-01-24-17-16-45-1.jpg', 'wery', 1, 1, '2018-01-25 10:37:24', '2018-01-25 16:07:24', 1, 0),
(6, '3', '10/03/2018 09:45', '10/03/2018 15:00', 'Public gardens', '', 'Nothing', 1, 1, '2018-01-31 09:47:35', '2018-01-31 09:47:35', 1, 0),
(7, '2', '14/02/2019 09:00', '14/02/2019 23:00', 'Shankar pally', '2018-07-19-21-39-08-school building.jpg', 'NA', 2, 1, '2018-07-19 21:39:08', '2018-07-19 21:39:08', 1, 0);

-- --------------------------------------------------------

--
-- Table structure for table `event_albums`
--

CREATE TABLE IF NOT EXISTS `event_albums` (
  `id` int(11) NOT NULL AUTO_INCREMENT,
  `event_title_id` int(11) NOT NULL,
  `event_id` int(11) NOT NULL,
  `image_title` varchar(255) NOT NULL,
  `images` varchar(255) NOT NULL,
  `image_description` text NOT NULL,
  `status` int(3) NOT NULL DEFAULT '1',
  `folder_name` varchar(255) NOT NULL,
  `academic_year_id` int(3) NOT NULL,
  `created_at` timestamp NOT NULL DEFAULT CURRENT_TIMESTAMP,
  `updated_at` timestamp NOT NULL DEFAULT '0000-00-00 00:00:00',
  `created_user_id` int(11) NOT NULL,
  `updated_user_id` int(11) NOT NULL,
  PRIMARY KEY (`id`)
) ENGINE=InnoDB  DEFAULT CHARSET=latin1 AUTO_INCREMENT=54 ;

--
-- Dumping data for table `event_albums`
--

INSERT INTO `event_albums` (`id`, `event_title_id`, `event_id`, `image_title`, `images`, `image_description`, `status`, `folder_name`, `academic_year_id`, `created_at`, `updated_at`, `created_user_id`, `updated_user_id`) VALUES
(3, 1, 0, '', '2017-12-19-17-45-05-childrens-day-celebration-at-orchids-international-school-4 - Copy.jpg', '', 1, '', 1, '2017-12-19 17:45:05', '2017-12-19 17:45:05', 1, 0),
(4, 1, 0, '', '2017-12-19-17-45-05-childrens-day-dps - Copy.jpg', '', 1, '', 1, '2017-12-19 17:45:05', '2017-12-19 17:45:05', 1, 0),
(5, 1, 0, '', '2017-12-19-17-45-05-CJD3 - Copy.jpg', '', 1, '', 1, '2017-12-19 17:45:05', '2017-12-19 17:45:05', 1, 0),
(6, 1, 0, '', '2017-12-19-17-45-05-download - Copy.jpg', '', 1, '', 1, '2017-12-19 17:45:05', '2017-12-19 17:45:05', 1, 0),
(9, 1, 0, '', '2017-12-19-17-45-06-maxresdefault - Copy.jpg', '', 1, '', 1, '2017-12-19 17:45:06', '2017-12-19 17:45:06', 1, 0),
(10, 2, 0, '', '2017-12-19-17-45-41-1 - Copy.jpg', '', 1, '', 1, '2017-12-19 17:45:41', '2017-12-19 17:45:41', 1, 0),
(11, 2, 0, '', '2017-12-19-17-45-42-2.jpg', '', 1, '', 1, '2017-12-19 17:45:42', '2017-12-19 17:45:42', 1, 0),
(12, 2, 0, '', '2017-12-19-17-45-42-4.jpg', '', 1, '', 1, '2017-12-19 17:45:42', '2017-12-19 17:45:42', 1, 0),
(13, 2, 0, '', '2017-12-19-17-45-42-5.jpg', '', 1, '', 1, '2017-12-19 17:45:42', '2017-12-19 17:45:42', 1, 0),
(14, 2, 0, '', '2017-12-19-17-45-42-7.jpg', '', 1, '', 1, '2017-12-19 17:45:42', '2017-12-19 17:45:42', 1, 0),
(15, 2, 0, '', '2017-12-19-17-45-42-8.jpg', '', 1, '', 1, '2017-12-19 17:45:42', '2017-12-19 17:45:42', 1, 0),
(16, 2, 0, '', '2017-12-19-17-45-42-9.jpg', '', 1, '', 1, '2017-12-19 17:45:42', '2017-12-19 17:45:42', 1, 0),
(17, 2, 0, '', '2017-12-19-17-45-42-download.jpg', '', 1, '', 1, '2017-12-19 17:45:42', '2017-12-19 17:45:42', 1, 0),
(18, 2, 0, '', '2017-12-19-17-45-42-Millennium_201209_6.jpg', '', 1, '', 1, '2017-12-19 17:45:42', '2017-12-19 17:45:42', 1, 0),
(19, 3, 0, '', '2018-01-11-08-56-52-1.jpg', 'dfg', 1, '', 1, '2018-01-11 08:56:52', '2018-01-11 08:56:52', 1, 0),
(20, 3, 0, '', '2018-01-11-08-56-52-2.jpg', 'dfg', 1, '', 1, '2018-01-11 08:56:52', '2018-01-11 08:56:52', 1, 0),
(21, 3, 0, '', '2018-01-11-08-56-52-3.jpg', 'dfg', 1, '', 1, '2018-01-11 08:56:52', '2018-01-11 08:56:52', 1, 0),
(22, 3, 0, '', '2018-01-11-08-56-52-4.jpg', 'dfg', 1, '', 1, '2018-01-11 08:56:52', '2018-01-11 08:56:52', 1, 0),
(23, 3, 0, '', '2018-01-11-08-56-52-venkat.jpg', 'dfg', 1, '', 1, '2018-01-11 08:56:52', '2018-01-11 08:56:52', 1, 0),
(24, 3, 0, '', '2018-01-11-08-56-52-venkat1.jpg', 'dfg', 1, '', 1, '2018-01-11 08:56:52', '2018-01-11 08:56:52', 1, 0),
(26, 1, 0, '', '2018-01-17-12-18-50-images (12).jpg', 'asdfghj', 1, '', 1, '2018-01-17 12:18:51', '2018-01-17 12:18:51', 1, 0),
(27, 1, 0, '', '2018-01-17-12-18-51-images (13).jpg', 'asdfghj', 1, '', 1, '2018-01-17 12:18:51', '2018-01-17 12:18:51', 1, 0),
(29, 1, 0, '', '2018-01-17-12-18-51-images (15).jpg', 'asdfghj', 1, '', 1, '2018-01-17 12:18:51', '2018-01-17 12:18:51', 1, 0),
(30, 1, 0, '', '2018-01-17-12-18-51-images (16).jpg', 'asdfghj', 1, '', 1, '2018-01-17 12:18:51', '2018-01-17 12:18:51', 1, 0),
(31, 1, 0, '', '2018-01-17-12-18-51-images (19).jpg', 'asdfghj', 1, '', 1, '2018-01-17 12:18:51', '2018-01-17 12:18:51', 1, 0),
(32, 1, 0, '', '2018-01-17-12-18-51-images (20).jpg', 'asdfghj', 1, '', 1, '2018-01-17 12:18:51', '2018-01-17 12:18:51', 1, 0),
(33, 1, 0, '', '2018-01-17-12-18-51-images (21).jpg', 'asdfghj', 1, '', 1, '2018-01-17 12:18:51', '2018-01-17 12:18:51', 1, 0),
(34, 1, 0, '', '2018-01-17-12-18-51-images (22).jpg', 'asdfghj', 1, '', 1, '2018-01-17 12:18:51', '2018-01-17 12:18:51', 1, 0),
(36, 4, 0, '', '2018-01-18-14-53-39-11-group-reflection - Copy.jpg', '', 1, '', 1, '2018-01-18 14:53:39', '2018-01-18 14:53:39', 1, 0),
(38, 4, 0, '', '2018-01-18-14-53-39-12-Valentine-Day-March2 - Copy.jpg', '', 1, '', 1, '2018-01-18 14:53:39', '2018-01-18 14:53:39', 1, 0),
(39, 4, 0, '', '2018-01-18-14-53-39-12-Valentine-Day-March2.jpg', '', 1, '', 1, '2018-01-18 14:53:39', '2018-01-18 14:53:39', 1, 0),
(40, 4, 0, '', '2018-01-18-14-53-39-31-sardar-vallabhbhai-patel-birth-anniversary-601 - Copy.jpg', '', 1, '', 1, '2018-01-18 14:53:39', '2018-01-18 14:53:39', 1, 0),
(41, 4, 0, '', '2018-01-18-14-53-39-31-sardar-vallabhbhai-patel-birth-anniversary-601.jpg', '', 1, '', 1, '2018-01-18 14:53:39', '2018-01-18 14:53:39', 1, 0),
(42, 4, 0, '', '2018-01-18-14-53-39-download - Copy.jpg', '', 1, '', 1, '2018-01-18 14:53:39', '2018-01-18 14:53:39', 1, 0),
(43, 4, 0, '', '2018-01-18-14-56-13-PM_Modi_flags_off_the_Run_For_Unity_on_Sardar_Patel_Jayanti_(2) - Copy.jpg', '', 1, '', 1, '2018-01-18 14:56:13', '2018-01-18 14:56:13', 1, 0),
(44, 4, 0, '', '2018-01-18-14-56-13-PM_Modi_flags_off_the_Run_For_Unity_on_Sardar_Patel_Jayanti_(2).jpg', '', 1, '', 1, '2018-01-18 14:56:13', '2018-01-18 14:56:13', 1, 0),
(45, 4, 0, '', '2018-01-18-14-56-13-Republic-Day-color-in-India - Copy.jpg', '', 1, '', 1, '2018-01-18 14:56:13', '2018-01-18 14:56:13', 1, 0),
(46, 4, 0, '', '2018-01-18-14-56-13-Republic-Day-color-in-India.jpg', '', 1, '', 1, '2018-01-18 14:56:13', '2018-01-18 14:56:13', 1, 0),
(47, 4, 0, '', '2018-01-18-14-56-13-TH01_SMITA_MODI_2181559g.jpg', '', 1, '', 1, '2018-01-18 14:56:13', '2018-01-18 14:56:13', 1, 0),
(49, 6, 0, '', '2018-01-24-17-18-12-a1 (6).jpg', '', 1, '', 1, '2018-01-24 17:18:12', '2018-01-24 17:18:12', 1, 0),
(51, 6, 0, '', '2018-01-24-17-18-12-a1 (8).jpg', '', 1, '', 1, '2018-01-24 17:18:12', '2018-01-24 17:18:12', 1, 0),
(53, 6, 0, '', '2018-01-31-09-42-10-8.jpg', 'XYZ', 1, '', 1, '2018-01-31 09:42:10', '2018-01-31 09:42:10', 1, 0);

-- --------------------------------------------------------

--
-- Table structure for table `event_participantes`
--

CREATE TABLE IF NOT EXISTS `event_participantes` (
  `event_partipant_id` int(11) NOT NULL AUTO_INCREMENT,
  `event_id` int(11) NOT NULL,
  `student_id` int(11) NOT NULL,
  `participent_type` varchar(255) NOT NULL,
  `created_user_id` int(11) NOT NULL,
  `updated_user_id` int(11) NOT NULL,
  `created_at` timestamp NOT NULL DEFAULT CURRENT_TIMESTAMP,
  `updated_at` timestamp NOT NULL DEFAULT '0000-00-00 00:00:00',
  PRIMARY KEY (`event_partipant_id`)
) ENGINE=InnoDB DEFAULT CHARSET=latin1 AUTO_INCREMENT=1 ;

-- --------------------------------------------------------

--
-- Table structure for table `event_titles`
--

CREATE TABLE IF NOT EXISTS `event_titles` (
  `id` int(11) NOT NULL AUTO_INCREMENT,
  `title` varchar(255) NOT NULL,
  `status` int(11) NOT NULL DEFAULT '1',
  `academic_year_id` int(3) NOT NULL,
  `created_at` timestamp NOT NULL DEFAULT CURRENT_TIMESTAMP,
  `updated_at` timestamp NOT NULL DEFAULT '0000-00-00 00:00:00',
  `created_user_id` int(11) NOT NULL,
  `updated_user_id` int(11) NOT NULL,
  `foldername` varchar(255) NOT NULL,
  PRIMARY KEY (`id`)
) ENGINE=InnoDB  DEFAULT CHARSET=latin1 AUTO_INCREMENT=7 ;

--
-- Dumping data for table `event_titles`
--

INSERT INTO `event_titles` (`id`, `title`, `status`, `academic_year_id`, `created_at`, `updated_at`, `created_user_id`, `updated_user_id`, `foldername`) VALUES
(1, 'Children''s day', 1, 1, '2017-12-19 17:41:23', '2017-12-19 17:41:23', 1, 0, 'Chi1356669482'),
(2, 'Annual Day', 1, 1, '2017-12-19 17:41:43', '2017-12-19 17:41:43', 1, 0, 'Ann2059172406'),
(3, 'freshers day', 1, 1, '2018-01-11 08:54:43', '2018-01-11 08:54:43', 1, 0, 'fre1984612446'),
(4, 'Republic day', 1, 1, '2018-01-18 14:50:20', '2018-01-18 14:50:20', 1, 0, 'Rep554704258'),
(6, 'Father''s day', 1, 1, '2018-01-24 17:11:35', '2018-01-25 16:11:53', 1, 0, 'Fat1518307354');

-- --------------------------------------------------------

--
-- Table structure for table `exams`
--

CREATE TABLE IF NOT EXISTS `exams` (
  `id` int(11) NOT NULL AUTO_INCREMENT,
  `title` varchar(255) NOT NULL,
  `exam_description` text NOT NULL,
  `academic_year_id` int(11) NOT NULL,
  `status` varchar(20) NOT NULL DEFAULT '1',
  `created_user_id` int(11) NOT NULL,
  `updated_user_id` int(11) NOT NULL,
  `created_at` timestamp NOT NULL DEFAULT CURRENT_TIMESTAMP ON UPDATE CURRENT_TIMESTAMP,
  `updated_at` timestamp NULL DEFAULT NULL,
  PRIMARY KEY (`id`)
) ENGINE=InnoDB  DEFAULT CHARSET=latin1 AUTO_INCREMENT=6 ;

--
-- Dumping data for table `exams`
--

INSERT INTO `exams` (`id`, `title`, `exam_description`, `academic_year_id`, `status`, `created_user_id`, `updated_user_id`, `created_at`, `updated_at`) VALUES
(1, 'summative assessment I', '', 1, '1', 1, 0, '2018-04-12 06:51:42', '2018-04-12 12:21:42'),
(2, 'summative assessment II', '', 1, '1', 1, 0, '2018-04-12 06:51:46', '2018-04-12 12:21:46'),
(3, 'Formattive Assessment', '', 1, '1', 1, 0, '2018-04-12 06:51:54', '2018-04-12 12:21:54'),
(4, 'quarterly exams  ', '', 1, '1', 1, 0, '2018-04-12 06:51:37', '2018-04-12 12:21:37'),
(5, 'Annual Exams ', '', 1, '1', 1, 0, '2018-04-12 06:51:50', '2018-04-12 12:21:50');

-- --------------------------------------------------------

--
-- Table structure for table `expenses`
--

CREATE TABLE IF NOT EXISTS `expenses` (
  `id` int(11) NOT NULL AUTO_INCREMENT,
  `expense_type_id` int(11) NOT NULL,
  `pay_to` varchar(255) NOT NULL,
  `amount` varchar(255) NOT NULL,
  `paid_by` varchar(255) NOT NULL,
  `paid_on` date NOT NULL,
  `description` text NOT NULL,
  `status` int(3) NOT NULL DEFAULT '1',
  `academic_year_id` int(3) NOT NULL,
  `created_at` timestamp NOT NULL DEFAULT CURRENT_TIMESTAMP,
  `updated_at` timestamp NOT NULL DEFAULT '0000-00-00 00:00:00',
  `created_user_id` int(11) NOT NULL,
  `updated_user_id` int(11) NOT NULL,
  PRIMARY KEY (`id`)
) ENGINE=InnoDB  DEFAULT CHARSET=latin1 AUTO_INCREMENT=29 ;

--
-- Dumping data for table `expenses`
--

INSERT INTO `expenses` (`id`, `expense_type_id`, `pay_to`, `amount`, `paid_by`, `paid_on`, `description`, `status`, `academic_year_id`, `created_at`, `updated_at`, `created_user_id`, `updated_user_id`) VALUES
(1, 1, 'Malla', '14500', 'bharath', '2017-12-19', 'No Remarks', 1, 1, '2017-12-19 16:43:40', '2017-12-19 16:43:40', 1, 0),
(2, 1, 'Anand', '19600', 'bharath', '2017-12-19', 'No Remarks', 1, 1, '2017-12-19 16:44:02', '2017-12-19 16:44:02', 1, 0),
(3, 1, 'Ganesh', '18667', 'bharath', '2017-12-19', 'No Remarks', 1, 1, '2017-12-19 16:44:20', '2017-12-19 16:44:20', 1, 0),
(4, 1, 'Suresh', '18000', 'bharath', '2017-12-19', 'No Remarks', 1, 1, '2017-12-19 16:44:53', '2017-12-19 16:44:53', 1, 0),
(5, 1, 'Harish', '22233', 'bharath', '2017-12-19', 'No Remarks', 1, 1, '2017-12-19 16:45:26', '2017-12-19 16:45:26', 1, 0),
(6, 1, 'Sujanya', '19333', 'bharath', '2017-12-19', 'No Remarks', 1, 1, '2017-12-19 16:45:57', '2017-12-19 16:45:57', 1, 0),
(7, 2, 'plumber', '200', 'bharath', '2017-12-30', '', 1, 1, '2017-12-30 01:53:28', '2017-12-30 01:53:28', 1, 0),
(8, 1, 'Madhan', '24000', 'bharath', '2018-01-08', 'No Remarks', 1, 1, '2018-01-08 12:14:46', '2018-01-08 12:14:46', 1, 0),
(9, 1, 'Gopalreddy', '23226', 'bharath', '2018-01-08', 'No Remarks', 1, 1, '2018-01-08 12:31:05', '2018-01-08 12:31:05', 1, 0),
(10, 2, 'gdfgkh', '4964151', 'bharath', '2018-01-08', 'gcvkjm', 1, 1, '2018-01-08 15:18:23', '2018-01-08 15:18:23', 1, 0),
(11, 1, 'Malla', '14516', 'bharath', '2018-01-17', 'No Remarks', 1, 1, '2018-01-17 10:33:24', '2018-01-17 10:33:24', 1, 0),
(12, 1, 'Malla', '14516', 'bharath', '2018-01-17', 'No Remarks', 1, 1, '2018-01-17 10:35:03', '2018-01-17 10:35:03', 1, 0),
(13, 2, 'house keeping department ', '25000', 'bharath', '2018-01-17', 'Maintanace', 1, 1, '2018-01-17 12:10:41', '2018-01-17 12:10:41', 1, 0),
(14, 1, 'Venkat', '23387', 'bharath', '2018-01-18', 'No Remarks', 1, 1, '2018-01-18 11:34:53', '2018-01-18 11:34:53', 1, 0),
(15, 1, 'Srinivas ', '26000', 'bharath', '2018-01-18', 'No Remarks', 1, 1, '2018-01-18 11:56:13', '2018-01-18 11:56:13', 1, 0),
(16, 2, 'water supply ', '25000', 'bharath', '2018-01-18', '25000 for  maintenance ', 1, 1, '2018-01-18 14:39:43', '2018-01-18 14:39:43', 1, 0),
(17, 1, 'Rajesh', '15484', 'bharath', '2018-01-18', 'No remarks', 1, 1, '2018-01-18 17:01:05', '2018-01-18 17:01:05', 1, 0),
(18, 1, 'Srikanth', '22452', 'bharath', '2018-01-18', 'No remarks', 1, 1, '2018-01-18 17:01:34', '2018-01-18 17:01:34', 1, 0),
(19, 1, 'RajiReddy', '8645', 'bharath', '2018-01-18', 'No remarks', 1, 1, '2018-01-18 17:02:38', '2018-01-18 17:02:38', 1, 0),
(20, 1, 'Shakar ', '24194', 'bharath', '2018-01-18', 'No remarks', 1, 1, '2018-01-18 17:44:56', '2018-01-18 17:44:56', 1, 0),
(21, 1, 'Srikanth', '21516', 'bharath', '2018-01-18', 'No Remarks', 1, 1, '2018-01-18 17:45:25', '2018-01-18 17:45:25', 1, 0),
(22, 3, 'Red cross socity ', '25000', 'Srikanthmanchidi', '2018-01-19', ' for Blind children''s ', 1, 1, '2018-01-19 11:12:11', '2018-01-30 17:10:09', 31, 0),
(23, 1, 'Chendra', '13450', 'bharath', '2018-01-24', 'gfbklbj', 1, 1, '2018-01-24 12:44:30', '2018-01-24 12:44:30', 1, 0),
(24, 1, 'Ramdas', '23226', 'bharath', '2018-04-12', '', 1, 1, '2018-04-12 06:48:13', '2018-04-12 06:48:13', 1, 0),
(25, 2, 'contractor', '5000', 'bharath', '2018-04-12', '', 1, 1, '2018-04-12 12:33:06', '2018-04-12 12:33:06', 1, 0),
(26, 1, 'Malla', '15000', 'bharath', '2018-07-12', '', 1, 2, '2018-07-12 20:40:16', '2018-07-12 20:40:16', 1, 0),
(27, 1, 'Malla', '15000', 'bharath', '2018-07-13', '', 1, 1, '2018-07-13 11:31:38', '2018-07-13 11:31:38', 1, 0),
(28, 3, 'hanmanth reddy', '550', 'bharath', '2018-07-19', 'A DAy', 1, 2, '2018-07-19 21:16:15', '2018-07-19 21:16:15', 1, 0);

-- --------------------------------------------------------

--
-- Table structure for table `expense_types`
--

CREATE TABLE IF NOT EXISTS `expense_types` (
  `id` int(11) NOT NULL AUTO_INCREMENT,
  `title` varchar(255) NOT NULL,
  `status` int(3) NOT NULL DEFAULT '1',
  `academic_year_id` int(3) NOT NULL,
  `created_at` timestamp NOT NULL DEFAULT CURRENT_TIMESTAMP,
  `updated_at` timestamp NOT NULL DEFAULT '0000-00-00 00:00:00',
  `created_user_id` int(11) NOT NULL,
  `updated_user_id` int(11) NOT NULL,
  PRIMARY KEY (`id`)
) ENGINE=InnoDB  DEFAULT CHARSET=latin1 AUTO_INCREMENT=4 ;

--
-- Dumping data for table `expense_types`
--

INSERT INTO `expense_types` (`id`, `title`, `status`, `academic_year_id`, `created_at`, `updated_at`, `created_user_id`, `updated_user_id`) VALUES
(1, 'Salary', 1, 1, '2017-12-20 11:43:14', '0000-00-00 00:00:00', 1, 0),
(2, 'Maintenance ', 1, 1, '2017-12-30 01:52:59', '2018-01-18 14:41:01', 1, 1),
(3, 'other', 1, 1, '2018-01-25 10:40:38', '0000-00-00 00:00:00', 1, 0);

-- --------------------------------------------------------

--
-- Table structure for table `fees`
--

CREATE TABLE IF NOT EXISTS `fees` (
  `id` int(11) NOT NULL AUTO_INCREMENT,
  `fee_title` varchar(255) NOT NULL,
  `academic_year_id` int(11) NOT NULL,
  `status` int(3) NOT NULL DEFAULT '1',
  `created_user_id` int(11) NOT NULL,
  `updated_user_id` int(11) NOT NULL,
  `created_at` timestamp NOT NULL DEFAULT CURRENT_TIMESTAMP ON UPDATE CURRENT_TIMESTAMP,
  `updated_at` timestamp NULL DEFAULT NULL,
  `non_editable` int(11) NOT NULL,
  PRIMARY KEY (`id`)
) ENGINE=InnoDB  DEFAULT CHARSET=latin1 AUTO_INCREMENT=7 ;

--
-- Dumping data for table `fees`
--

INSERT INTO `fees` (`id`, `fee_title`, `academic_year_id`, `status`, `created_user_id`, `updated_user_id`, `created_at`, `updated_at`, `non_editable`) VALUES
(1, 'Transport Fee', 1, 1, 2, 0, '2017-07-06 03:44:54', '2017-07-06 09:04:32', 1),
(2, 'Hostel Fee', 1, 1, 2, 0, '2017-07-06 04:28:04', '2017-07-06 09:04:43', 0),
(3, 'Tuition Fee', 1, 1, 2, 1, '2017-07-25 05:40:15', '2017-07-25 11:10:15', 0),
(4, ' Exam fees', 1, 1, 1, 0, '2017-07-13 17:48:08', '2017-07-13 17:48:08', 0),
(5, 'Book Fees', 1, 1, 1, 0, '2017-07-13 17:58:42', '2017-07-13 17:58:42', 0),
(6, 'Extra curricular activities', 1, 1, 1, 0, '2017-12-30 01:39:34', '2017-12-30 01:39:34', 0);

-- --------------------------------------------------------

--
-- Table structure for table `fee_discounts`
--

CREATE TABLE IF NOT EXISTS `fee_discounts` (
  `id` int(11) NOT NULL AUTO_INCREMENT,
  `fee_id` int(11) NOT NULL,
  `student_id` int(11) NOT NULL,
  `class_section_id` int(11) NOT NULL,
  `status` int(11) NOT NULL DEFAULT '1',
  `academic_year_id` int(11) NOT NULL,
  `created_user_id` int(11) NOT NULL,
  `updated_user_id` int(11) NOT NULL,
  `created_at` timestamp NOT NULL DEFAULT CURRENT_TIMESTAMP,
  `updated_at` timestamp NOT NULL DEFAULT '0000-00-00 00:00:00',
  `discount` varchar(255) NOT NULL,
  `description` text NOT NULL,
  PRIMARY KEY (`id`)
) ENGINE=InnoDB  DEFAULT CHARSET=latin1 AUTO_INCREMENT=14 ;

--
-- Dumping data for table `fee_discounts`
--

INSERT INTO `fee_discounts` (`id`, `fee_id`, `student_id`, `class_section_id`, `status`, `academic_year_id`, `created_user_id`, `updated_user_id`, `created_at`, `updated_at`, `discount`, `description`) VALUES
(1, 3, 1, 1, 1, 1, 1, 0, '2017-12-20 08:51:27', '2017-12-20 08:51:27', '600', ''),
(2, 5, 3, 1, 1, 1, 1, 0, '2017-12-20 16:56:26', '2017-12-20 16:56:26', '1000', ''),
(3, 5, 1, 1, 1, 1, 1, 0, '2018-01-17 10:58:13', '2018-01-17 10:58:13', '1500', ''),
(4, 1, 8, 9, 1, 1, 1, 0, '2018-01-18 12:49:12', '2018-01-18 12:49:12', '1500', ''),
(5, 3, 8, 9, 1, 1, 1, 0, '2018-01-18 12:59:41', '2018-01-18 12:59:41', '5000', ''),
(6, 3, 15, 1, 1, 1, 1, 1, '2018-01-23 15:01:24', '2018-01-23 15:02:06', '1200', ''),
(7, 4, 15, 1, 1, 1, 1, 0, '2018-01-23 15:02:36', '2018-01-23 15:02:36', '50', ''),
(8, 5, 15, 1, 1, 1, 1, 0, '2018-01-23 15:02:56', '2018-01-23 15:02:56', '200', ''),
(9, 2, 16, 12, 1, 1, 1, 1, '2018-01-24 12:05:28', '2018-01-24 12:06:52', '6000', ''),
(10, 3, 16, 12, 1, 1, 1, 0, '2018-01-24 12:06:15', '2018-01-24 12:06:15', '2000', ''),
(11, 3, 19, 2, 1, 1, 1, 1, '2018-01-30 16:19:03', '2018-01-30 16:20:18', '250', ''),
(12, 5, 19, 2, 1, 1, 1, 0, '2018-01-30 16:19:26', '2018-01-30 16:19:26', '80', ''),
(13, 4, 19, 2, 1, 1, 1, 0, '2018-01-30 16:19:47', '2018-01-30 16:19:47', '25', '');

-- --------------------------------------------------------

--
-- Table structure for table `fee_types`
--

CREATE TABLE IF NOT EXISTS `fee_types` (
  `id` int(11) NOT NULL AUTO_INCREMENT,
  `fee_name` varchar(255) NOT NULL,
  `yearly` int(11) NOT NULL,
  `academic_year_id` int(11) NOT NULL,
  `status` int(11) NOT NULL DEFAULT '1',
  `created_user_id` int(11) NOT NULL,
  `updated_user_id` int(11) NOT NULL,
  `created_at` timestamp NOT NULL DEFAULT CURRENT_TIMESTAMP ON UPDATE CURRENT_TIMESTAMP,
  `updated_at` timestamp NULL DEFAULT NULL,
  PRIMARY KEY (`id`)
) ENGINE=InnoDB  DEFAULT CHARSET=latin1 AUTO_INCREMENT=9 ;

--
-- Dumping data for table `fee_types`
--

INSERT INTO `fee_types` (`id`, `fee_name`, `yearly`, `academic_year_id`, `status`, `created_user_id`, `updated_user_id`, `created_at`, `updated_at`) VALUES
(1, 'Onetime ', 1, 1, 1, 2, 0, '2017-07-09 02:26:47', '2017-07-06 09:11:54'),
(2, 'Yearly', 1, 1, 1, 2, 0, '2017-07-09 02:26:52', '2017-07-06 09:12:04'),
(3, 'Half yearly', 2, 1, 1, 2, 0, '2017-07-09 02:27:06', '2017-07-06 09:12:15'),
(4, 'Quaterly', 3, 1, 1, 2, 0, '2017-07-09 02:27:12', '2017-07-06 09:12:25'),
(5, 'Monthly', 12, 1, 1, 2, 0, '2017-12-19 05:11:03', '2017-12-19 10:41:03'),
(6, 'rtyui', 0, 1, 0, 1, 0, '2018-04-12 06:45:12', '2018-04-12 12:15:12'),
(7, 'Two momnths', 0, 1, 0, 1, 0, '2018-01-30 11:20:35', '2018-01-30 16:50:35'),
(8, 'Two months', 0, 1, 1, 1, 0, '2018-01-30 16:50:27', '2018-01-30 16:50:27');

-- --------------------------------------------------------

--
-- Table structure for table `fuels`
--

CREATE TABLE IF NOT EXISTS `fuels` (
  `id` int(11) NOT NULL AUTO_INCREMENT,
  `vehicle_driver_id` int(11) NOT NULL,
  `rate_for_liter` varchar(255) NOT NULL,
  `kilometre` varchar(255) NOT NULL,
  `date` varchar(255) NOT NULL,
  `remarks` text NOT NULL,
  `status` int(3) NOT NULL DEFAULT '1',
  `academic_year_id` int(3) NOT NULL,
  `created_at` timestamp NOT NULL DEFAULT CURRENT_TIMESTAMP,
  `updated_at` timestamp NOT NULL DEFAULT '0000-00-00 00:00:00',
  `created_user_id` int(11) NOT NULL,
  `updated_user_id` int(11) NOT NULL,
  `cost` varchar(255) NOT NULL,
  PRIMARY KEY (`id`)
) ENGINE=InnoDB  DEFAULT CHARSET=latin1 ROW_FORMAT=COMPACT AUTO_INCREMENT=4 ;

--
-- Dumping data for table `fuels`
--

INSERT INTO `fuels` (`id`, `vehicle_driver_id`, `rate_for_liter`, `kilometre`, `date`, `remarks`, `status`, `academic_year_id`, `created_at`, `updated_at`, `created_user_id`, `updated_user_id`, `cost`) VALUES
(1, 3, '52', '754', '09-01-2018', 'tcvybu', 1, 1, '2018-01-25 16:04:03', '2018-01-25 16:04:30', 1, 0, ''),
(2, 3, '50', '50', '12-04-2018', '', 1, 1, '2018-04-12 12:21:10', '2018-04-12 12:21:10', 1, 0, ''),
(3, 6, '62', '21', '19-07-2018', 'NA', 1, 2, '2018-07-19 21:05:00', '2018-07-19 21:05:00', 1, 0, '');

-- --------------------------------------------------------

--
-- Table structure for table `galleries`
--

CREATE TABLE IF NOT EXISTS `galleries` (
  `id` int(11) NOT NULL AUTO_INCREMENT,
  `album_id` int(11) NOT NULL,
  `images` varchar(255) NOT NULL,
  `album_description` varchar(255) NOT NULL,
  `academic_year_id` int(11) NOT NULL,
  `status` int(3) NOT NULL DEFAULT '1',
  `created_user_id` int(11) NOT NULL,
  `updated_user_id` int(11) NOT NULL,
  `created_at` timestamp NOT NULL DEFAULT CURRENT_TIMESTAMP ON UPDATE CURRENT_TIMESTAMP,
  `updated_at` timestamp NULL DEFAULT NULL,
  PRIMARY KEY (`id`)
) ENGINE=InnoDB  DEFAULT CHARSET=latin1 ROW_FORMAT=COMPACT AUTO_INCREMENT=19 ;

--
-- Dumping data for table `galleries`
--

INSERT INTO `galleries` (`id`, `album_id`, `images`, `album_description`, `academic_year_id`, `status`, `created_user_id`, `updated_user_id`, `created_at`, `updated_at`) VALUES
(1, 1, '2017-12-19-17-47-51-1.jpg', '', 1, 1, 1, 0, '2017-12-19 17:47:51', '2017-12-19 17:47:51'),
(4, 1, '2017-12-19-17-47-51-4 - Copy.jpg', '', 1, 1, 1, 0, '2017-12-19 17:47:51', '2017-12-19 17:47:51'),
(5, 1, '2017-12-19-17-47-51-5 - Copy.jpg', '', 1, 1, 1, 0, '2017-12-19 17:47:51', '2017-12-19 17:47:51'),
(6, 1, '2017-12-19-17-47-51-6 - Copy.jpg', '', 1, 1, 1, 0, '2017-12-19 17:47:51', '2017-12-19 17:47:51'),
(7, 1, '2017-12-19-17-47-51-7.jpg', '', 1, 1, 1, 0, '2017-12-19 17:47:51', '2017-12-19 17:47:51'),
(9, 1, '2017-12-19-17-47-51-images.jpg', '', 1, 1, 1, 0, '2017-12-19 17:47:51', '2017-12-19 17:47:51'),
(10, 2, '2018-01-18-15-19-51-IMG-20141106-WA0000.jpg', 'sfsvsv', 1, 1, 1, 0, '2018-01-18 15:19:52', '2018-01-18 15:19:52'),
(11, 2, '2018-01-18-15-19-52-IMG-20141106-WA0002 - Copy.jpg', 'sfsvsv', 1, 1, 1, 0, '2018-01-18 15:19:52', '2018-01-18 15:19:52'),
(12, 2, '2018-01-18-15-19-52-IMG-20141106-WA0002.jpg', 'sfsvsv', 1, 1, 1, 0, '2018-01-18 15:19:52', '2018-01-18 15:19:52'),
(14, 2, '2018-01-18-15-19-52-PM_Modi_flags_off_the_Run_For_Unity_on_Sardar_Patel_Jayanti_(2).jpg', 'sfsvsv', 1, 1, 1, 0, '2018-01-18 15:19:52', '2018-01-18 15:19:52'),
(15, 2, '2018-01-18-15-19-52-Republic-Day-color-in-India - Copy.jpg', 'sfsvsv', 1, 1, 1, 0, '2018-01-18 15:19:52', '2018-01-18 15:19:52'),
(16, 2, '2018-01-18-15-19-52-TH01_SMITA_MODI_2181559g.jpg', 'sfsvsv', 1, 1, 1, 0, '2018-01-18 15:19:52', '2018-01-18 15:19:52'),
(17, 1, '2018-01-31-15-18-42-venkat1.jpg', 'Nothing', 1, 1, 1, 0, '2018-01-31 15:18:42', '2018-01-31 15:18:42'),
(18, 3, '2018-01-31-15-24-57-2.jpg', 'xyz', 1, 1, 1, 0, '2018-01-31 15:24:57', '2018-01-31 15:24:57');

-- --------------------------------------------------------

--
-- Table structure for table `grade_settings`
--

CREATE TABLE IF NOT EXISTS `grade_settings` (
  `id` int(11) NOT NULL AUTO_INCREMENT,
  `grade_type_id` int(11) NOT NULL,
  `percentage_id` int(11) NOT NULL,
  `status` int(11) NOT NULL DEFAULT '1',
  `academic_year_id` int(11) NOT NULL,
  `created_user_id` int(11) NOT NULL,
  `updated_user_id` int(11) NOT NULL,
  `created_at` timestamp NOT NULL DEFAULT CURRENT_TIMESTAMP ON UPDATE CURRENT_TIMESTAMP,
  `updated_at` timestamp NOT NULL DEFAULT '0000-00-00 00:00:00',
  PRIMARY KEY (`id`)
) ENGINE=InnoDB  DEFAULT CHARSET=latin1 AUTO_INCREMENT=11 ;

--
-- Dumping data for table `grade_settings`
--

INSERT INTO `grade_settings` (`id`, `grade_type_id`, `percentage_id`, `status`, `academic_year_id`, `created_user_id`, `updated_user_id`, `created_at`, `updated_at`) VALUES
(1, 1, 10, 1, 1, 1, 0, '2017-07-14 20:38:36', '2017-07-14 20:38:36'),
(2, 2, 9, 1, 1, 1, 0, '2017-07-14 20:38:47', '2017-07-14 20:38:47'),
(3, 3, 8, 1, 1, 1, 0, '2017-07-14 20:38:59', '2017-07-14 20:38:59'),
(4, 4, 7, 1, 1, 1, 0, '2017-07-14 20:39:08', '2017-07-14 20:39:08'),
(5, 5, 6, 1, 1, 1, 0, '2017-07-14 20:39:20', '2017-07-14 20:39:20'),
(6, 6, 5, 1, 1, 1, 0, '2017-07-14 20:39:33', '2017-07-14 20:39:33'),
(7, 7, 4, 1, 1, 1, 0, '2017-07-14 20:39:43', '2017-07-14 20:39:43'),
(8, 8, 3, 1, 1, 1, 0, '2017-07-14 20:39:59', '2017-07-14 20:39:59'),
(9, 9, 2, 1, 1, 1, 0, '2017-07-14 20:40:09', '2017-07-14 20:40:09'),
(10, 10, 1, 1, 1, 1, 0, '2018-01-25 10:54:05', '2018-01-25 16:24:05');

-- --------------------------------------------------------

--
-- Table structure for table `grade_types`
--

CREATE TABLE IF NOT EXISTS `grade_types` (
  `id` int(11) NOT NULL AUTO_INCREMENT,
  `title` varchar(255) NOT NULL,
  `academic_year_id` int(11) NOT NULL,
  `status` int(11) NOT NULL DEFAULT '1',
  `created_user_id` int(11) NOT NULL,
  `updated_user_id` int(11) NOT NULL,
  `created_at` timestamp NOT NULL DEFAULT CURRENT_TIMESTAMP,
  `updated_at` timestamp NOT NULL DEFAULT '0000-00-00 00:00:00',
  PRIMARY KEY (`id`)
) ENGINE=MyISAM  DEFAULT CHARSET=latin1 AUTO_INCREMENT=11 ;

--
-- Dumping data for table `grade_types`
--

INSERT INTO `grade_types` (`id`, `title`, `academic_year_id`, `status`, `created_user_id`, `updated_user_id`, `created_at`, `updated_at`) VALUES
(1, 'A1', 1, 1, 1, 0, '2017-07-14 20:32:03', '2017-07-14 20:32:03'),
(2, 'A2', 1, 1, 1, 0, '2017-07-14 20:32:12', '2017-07-14 20:32:12'),
(3, 'B1', 1, 1, 1, 3, '2017-07-14 20:32:20', '2017-07-14 20:32:31'),
(4, 'B2', 1, 1, 1, 0, '2017-07-14 20:32:38', '2017-07-14 20:32:38'),
(5, 'C1', 1, 1, 1, 5, '2017-07-14 20:32:46', '2017-07-14 20:35:58'),
(6, 'C2', 1, 1, 1, 6, '2017-07-14 20:32:54', '2017-07-14 20:36:09'),
(7, 'D1', 1, 1, 1, 7, '2017-07-14 20:35:47', '2017-07-14 20:36:19'),
(8, 'D2', 1, 1, 1, 0, '2017-07-14 20:36:27', '2017-07-14 20:36:27'),
(9, 'E', 1, 1, 1, 0, '2017-07-14 20:36:34', '2017-07-14 20:36:34'),
(10, 'F', 1, 1, 1, 0, '2017-07-14 20:36:41', '2018-01-25 16:23:21');

-- --------------------------------------------------------

--
-- Table structure for table `individual_sent_messages`
--

CREATE TABLE IF NOT EXISTS `individual_sent_messages` (
  `id` int(11) NOT NULL AUTO_INCREMENT,
  `message` text NOT NULL,
  `message_count` int(11) NOT NULL,
  `created_at` timestamp NOT NULL DEFAULT CURRENT_TIMESTAMP,
  `updated_at` timestamp NOT NULL DEFAULT '0000-00-00 00:00:00',
  `created_user_id` int(11) NOT NULL,
  `updated_user_id` int(11) NOT NULL,
  `academic_year_id` int(11) NOT NULL,
  `phone` varchar(255) NOT NULL,
  PRIMARY KEY (`id`)
) ENGINE=InnoDB  DEFAULT CHARSET=latin1 AUTO_INCREMENT=2 ;

--
-- Dumping data for table `individual_sent_messages`
--

INSERT INTO `individual_sent_messages` (`id`, `message`, `message_count`, `created_at`, `updated_at`, `created_user_id`, `updated_user_id`, `academic_year_id`, `phone`) VALUES
(1, 'Hello', 1, '2018-07-30 19:51:59', '2018-07-30 19:51:59', 1, 0, 2, '9704244851');

-- --------------------------------------------------------

--
-- Table structure for table `institute_details`
--

CREATE TABLE IF NOT EXISTS `institute_details` (
  `id` int(11) NOT NULL AUTO_INCREMENT,
  `institution_name` varchar(255) NOT NULL,
  `institution_email` varchar(255) NOT NULL,
  `registration_number` varchar(30) NOT NULL,
  `office_contact_number1` varchar(20) NOT NULL,
  `office_contact_number2` varchar(20) NOT NULL,
  `academic_year_id` int(11) NOT NULL,
  `fee_type_id` int(11) NOT NULL,
  `attendance_type_id` int(11) NOT NULL,
  `institution_logo` varchar(255) NOT NULL,
  `institution_image` varchar(255) NOT NULL,
  `state_id` int(11) NOT NULL,
  `city_id` int(11) NOT NULL,
  `address` text NOT NULL,
  `institution_code` varchar(255) NOT NULL,
  `tag_line` varchar(255) NOT NULL,
  `youtube_channel` varchar(255) NOT NULL,
  `established_in` varchar(255) NOT NULL,
  `affliated_by` varchar(255) NOT NULL,
  `cp2_name` varchar(255) NOT NULL,
  `cp2_email` varchar(255) NOT NULL,
  `cp2_phone1` varchar(20) NOT NULL,
  `cp2_phone2` varchar(20) DEFAULT NULL,
  `status` int(11) NOT NULL DEFAULT '1',
  `created_user_id` int(11) NOT NULL,
  `updated_user_id` int(11) NOT NULL,
  `created_at` timestamp NOT NULL DEFAULT CURRENT_TIMESTAMP ON UPDATE CURRENT_TIMESTAMP,
  `updated_at` timestamp NULL DEFAULT NULL,
  `mon` int(11) NOT NULL,
  `tue` int(11) NOT NULL,
  `wed` int(11) NOT NULL,
  `thus` int(11) NOT NULL,
  `fri` int(11) NOT NULL,
  `sat` int(11) NOT NULL,
  `sun` int(11) NOT NULL,
  `casual_leaves` int(11) NOT NULL,
  `sms` int(11) NOT NULL DEFAULT '0',
  `sms_count` int(11) NOT NULL,
  `sms_sender` varchar(255) NOT NULL,
  `short_url` varchar(255) NOT NULL,
  PRIMARY KEY (`id`)
) ENGINE=InnoDB  DEFAULT CHARSET=latin1 AUTO_INCREMENT=2 ;

--
-- Dumping data for table `institute_details`
--

INSERT INTO `institute_details` (`id`, `institution_name`, `institution_email`, `registration_number`, `office_contact_number1`, `office_contact_number2`, `academic_year_id`, `fee_type_id`, `attendance_type_id`, `institution_logo`, `institution_image`, `state_id`, `city_id`, `address`, `institution_code`, `tag_line`, `youtube_channel`, `established_in`, `affliated_by`, `cp2_name`, `cp2_email`, `cp2_phone1`, `cp2_phone2`, `status`, `created_user_id`, `updated_user_id`, `created_at`, `updated_at`, `mon`, `tue`, `wed`, `thus`, `fri`, `sat`, `sun`, `casual_leaves`, `sms`, `sms_count`, `sms_sender`, `short_url`) VALUES
(1, 'Global High School', 'ghjvbnkjc@gjhkji.com', '1234', '9704244851', '9704244851', 2, 3, 1, '2017-06-19-20-20-13-image.jpg', '2017-06-19-20-20-13-logo.jpg', 1, 1, 'chgxjvbdhjhjhchbdj', 'VIDS0001', 'jhcbdjk hkciudkj', 'UCkZO__3PN4uBE2krqjiXMOw', '2001', 'cvsgdhbcyusdj', 'vdujhcyuds', 'global@school.com', '9752655358', '9635244568', 1, 1, 0, '2018-07-30 14:21:59', '2018-07-30 19:51:59', 1, 1, 1, 1, 1, 1, 0, 1, 0, 4951, 'vidhya', 'goo.gl/5gHJTr');

-- --------------------------------------------------------

--
-- Table structure for table `institute_helpers`
--

CREATE TABLE IF NOT EXISTS `institute_helpers` (
  `helper_id` int(11) NOT NULL AUTO_INCREMENT,
  `helper_name` varchar(255) NOT NULL,
  `helper_email` varchar(11) NOT NULL,
  `helper_work` varchar(11) NOT NULL,
  `helper_address` text NOT NULL,
  `helper_photo` varchar(255) NOT NULL,
  `helper_contactnumber` varchar(255) NOT NULL,
  `status` int(11) NOT NULL,
  `created_at` timestamp NOT NULL DEFAULT CURRENT_TIMESTAMP ON UPDATE CURRENT_TIMESTAMP,
  `updated_at` timestamp NOT NULL DEFAULT '0000-00-00 00:00:00',
  `created_user_id` int(11) NOT NULL,
  `updated_user_id` int(11) NOT NULL,
  PRIMARY KEY (`helper_id`)
) ENGINE=InnoDB DEFAULT CHARSET=latin1 AUTO_INCREMENT=1 ;

-- --------------------------------------------------------

--
-- Table structure for table `institute_holidays`
--

CREATE TABLE IF NOT EXISTS `institute_holidays` (
  `id` int(11) NOT NULL AUTO_INCREMENT,
  `title` varchar(255) NOT NULL,
  `holiday_date` varchar(255) NOT NULL,
  `status` int(11) NOT NULL DEFAULT '1',
  `created_at` timestamp NOT NULL DEFAULT CURRENT_TIMESTAMP,
  `updated_at` timestamp NOT NULL DEFAULT '0000-00-00 00:00:00',
  `created_user_id` int(11) NOT NULL,
  `updated_user_id` int(11) NOT NULL,
  `academic_year_id` int(11) NOT NULL,
  PRIMARY KEY (`id`)
) ENGINE=InnoDB  DEFAULT CHARSET=latin1 AUTO_INCREMENT=12 ;

--
-- Dumping data for table `institute_holidays`
--

INSERT INTO `institute_holidays` (`id`, `title`, `holiday_date`, `status`, `created_at`, `updated_at`, `created_user_id`, `updated_user_id`, `academic_year_id`) VALUES
(1, 'Dipawali', '14-11-2017', 1, '2017-12-19 16:31:57', '2017-12-19 16:31:57', 1, 0, 1),
(2, 'Bogi', '13-01-2018', 1, '2018-01-11 08:58:46', '2018-01-11 08:58:46', 1, 0, 1),
(3, 'Bogi', '13-01-2018', 1, '2018-01-11 08:58:46', '2018-01-11 08:58:46', 1, 0, 1),
(5, 'Sankrathri', '14-01-2018', 1, '2018-01-11 08:59:10', '2018-01-11 08:59:10', 1, 0, 1),
(7, 'Kanuma', '15-01-2018', 1, '2018-01-11 08:59:26', '2018-01-11 08:59:26', 1, 0, 1),
(8, 'Republic Day', '26-01-2018', 1, '2018-01-11 09:01:56', '2018-01-11 09:01:56', 1, 0, 1),
(10, 'Kanuma (sankranthi)', '16-01-2018', 1, '2018-01-17 14:27:22', '2018-01-17 14:27:22', 1, 0, 1),
(11, 'Independence day ', '15-08-2018', 1, '2018-01-17 14:28:01', '2018-01-25 16:20:44', 1, 0, 1);

-- --------------------------------------------------------

--
-- Table structure for table `institute_timings`
--

CREATE TABLE IF NOT EXISTS `institute_timings` (
  `id` int(11) NOT NULL AUTO_INCREMENT,
  `time_id` int(11) NOT NULL,
  `migrated` int(11) NOT NULL,
  `title` varchar(255) NOT NULL,
  `class_start` varchar(255) NOT NULL,
  `class_end` varchar(255) NOT NULL,
  `duration` varchar(255) NOT NULL,
  `created_at` timestamp NOT NULL DEFAULT CURRENT_TIMESTAMP ON UPDATE CURRENT_TIMESTAMP,
  `created_user_id` int(11) NOT NULL,
  `updated_at` timestamp NOT NULL DEFAULT '0000-00-00 00:00:00',
  `updated_user_id` int(11) NOT NULL,
  `status` int(11) NOT NULL DEFAULT '1',
  `academic_year_id` int(11) NOT NULL,
  PRIMARY KEY (`id`)
) ENGINE=InnoDB  DEFAULT CHARSET=latin1 AUTO_INCREMENT=27 ;

--
-- Dumping data for table `institute_timings`
--

INSERT INTO `institute_timings` (`id`, `time_id`, `migrated`, `title`, `class_start`, `class_end`, `duration`, `created_at`, `created_user_id`, `updated_at`, `updated_user_id`, `status`, `academic_year_id`) VALUES
(1, 1, 1, 'First Period', '9:00 AM', '9:45 AM', '45  minutes', '2017-08-24 12:27:08', 1, '2017-08-24 17:57:08', 0, 1, 1),
(2, 2, 1, 'Second Period ', '9:45 AM', '10:30 AM', '45  minutes', '2017-08-24 12:27:08', 1, '2017-08-24 17:57:08', 0, 1, 1),
(3, 3, 1, 'Third Period', '10:30 AM', '11:15 AM', '45  minutes', '2017-08-24 12:27:08', 1, '2017-08-24 17:57:08', 1, 1, 1),
(4, 4, 1, 'Breack', '11:15 AM', '11:30 AM', '15  minutes', '2018-01-25 10:49:59', 1, '2018-01-25 16:19:59', 0, 1, 1),
(5, 5, 1, 'Fourth Period', '11:30 AM', '12:15 PM', '45  minutes', '2017-08-24 12:27:08', 1, '2017-08-24 17:57:08', 0, 1, 1),
(6, 6, 1, 'Fifth Period', '12:15 PM', '1:00 PM', '45  minutes', '2017-08-24 12:27:08', 1, '2017-08-24 17:57:08', 0, 1, 1),
(7, 7, 1, 'Lunch Break', '1:00 PM', '1:30 PM', '30  minutes', '2017-08-24 12:27:08', 1, '2017-08-24 17:57:08', 0, 1, 1),
(8, 8, 1, 'Sixth Period', '1:30 PM', '2:15 PM', '45  minutes', '2017-08-24 12:27:08', 1, '2017-08-24 17:57:08', 0, 1, 1),
(9, 9, 1, 'Seventh Period', '2:15 PM', '3:00 PM', '45  minutes', '2017-08-24 12:27:08', 1, '2017-08-24 17:57:08', 0, 1, 1),
(10, 10, 1, 'Breack II', '3:00 PM', '3:30 PM', '30  minutes', '2017-08-24 12:27:08', 1, '2017-08-24 17:57:08', 0, 1, 1),
(11, 11, 1, 'Eighth Period', '3:15 PM', '4:00 PM', '45  minutes', '2017-08-24 12:27:08', 1, '2017-08-24 17:57:08', 0, 1, 1),
(12, 12, 1, 'Nineth Period', '4:00 PM', '4:45 PM', '45  minutes', '2017-08-24 12:27:08', 1, '2017-08-24 17:57:08', 0, 1, 1),
(13, 13, 1, 'Tenth Period', '4:45 PM', '5:30 PM', '45  minutes', '2017-08-24 12:27:08', 1, '2017-08-24 17:57:08', 0, 1, 1),
(14, 1, 0, 'First Period', '9:00 AM', '9:45 AM', '45  minutes', '2017-08-24 17:57:08', 1, '2017-08-24 17:57:08', 0, 1, 2),
(15, 2, 0, 'Second Period ', '9:45 AM', '10:30 AM', '45  minutes', '2017-08-24 17:57:08', 1, '2017-08-24 17:57:08', 0, 1, 2),
(16, 3, 0, 'Third Period', '10:30 AM', '11:15 AM', '45  minutes', '2017-08-24 17:57:08', 1, '2017-08-24 17:57:08', 0, 1, 2),
(17, 4, 0, 'Breack', '11:15 AM', '11:30 AM', '15  minutes', '2017-08-24 17:57:08', 1, '2017-08-24 17:57:08', 0, 1, 2),
(18, 5, 0, 'Fourth Period', '11:30 AM', '12:15 PM', '45  minutes', '2017-08-24 17:57:08', 1, '2017-08-24 17:57:08', 0, 1, 2),
(19, 6, 0, 'Fifth Period', '12:15 PM', '1:00 PM', '45  minutes', '2017-08-24 17:57:08', 1, '2017-08-24 17:57:08', 0, 1, 2),
(20, 7, 0, 'Lunch Break', '1:00 PM', '1:30 PM', '30  minutes', '2017-08-24 17:57:08', 1, '2017-08-24 17:57:08', 0, 1, 2),
(21, 8, 0, 'Sixth Period', '1:30 PM', '2:15 PM', '45  minutes', '2017-08-24 17:57:08', 1, '2017-08-24 17:57:08', 0, 1, 2),
(22, 9, 0, 'Seventh Period', '2:15 PM', '3:00 PM', '45  minutes', '2017-08-24 17:57:08', 1, '2017-08-24 17:57:08', 0, 1, 2),
(23, 10, 0, 'Breack II', '3:00 PM', '3:30 PM', '30  minutes', '2017-08-24 17:57:08', 1, '2017-08-24 17:57:08', 0, 1, 2),
(24, 11, 0, 'Eighth Period', '3:15 PM', '4:00 PM', '45  minutes', '2017-08-24 17:57:08', 1, '2017-08-24 17:57:08', 0, 1, 2),
(25, 12, 0, 'Nineth Period', '4:00 PM', '4:45 PM', '45  minutes', '2017-08-24 17:57:08', 1, '2017-08-24 17:57:08', 0, 1, 2),
(26, 13, 0, 'Tenth Period', '4:45 PM', '5:30 PM', '45  minutes', '2017-08-24 17:57:08', 1, '2017-08-24 17:57:08', 0, 1, 2);

-- --------------------------------------------------------

--
-- Table structure for table `logs`
--

CREATE TABLE IF NOT EXISTS `logs` (
  `id` int(11) NOT NULL AUTO_INCREMENT,
  `log_type` varchar(255) NOT NULL,
  `user_login_id` int(11) NOT NULL,
  `user_browser` varchar(255) NOT NULL,
  `ip_address` varchar(255) NOT NULL,
  `log_in` timestamp NULL DEFAULT NULL,
  `log_out` timestamp NULL DEFAULT NULL,
  `status` int(3) NOT NULL DEFAULT '1',
  `academic_year_id` int(11) NOT NULL,
  `created_at` timestamp NOT NULL DEFAULT CURRENT_TIMESTAMP ON UPDATE CURRENT_TIMESTAMP,
  PRIMARY KEY (`id`)
) ENGINE=InnoDB  DEFAULT CHARSET=latin1 AUTO_INCREMENT=114 ;

--
-- Dumping data for table `logs`
--

INSERT INTO `logs` (`id`, `log_type`, `user_login_id`, `user_browser`, `ip_address`, `log_in`, `log_out`, `status`, `academic_year_id`, `created_at`) VALUES
(1, 'Login', 1, 'Google Chrome 65.0.3325.181 on windows', '183.83.65.216', '2018-04-13 07:49:35', NULL, 1, 1, '2018-04-13 07:49:35'),
(2, 'Login', 1, 'Mozilla Firefox 59.0 on windows', '106.76.223.15', '2018-04-13 16:31:14', NULL, 1, 1, '2018-04-13 16:31:14'),
(3, 'Logout', 1, 'Mozilla Firefox 59.0 on windows', '106.76.223.15', NULL, '2018-04-13 16:35:14', 1, 1, '2018-04-13 16:35:14'),
(4, 'Login', 1, 'Google Chrome 65.0.3325.181 on windows', '183.83.65.216', '2018-04-18 07:31:44', NULL, 1, 1, '2018-04-18 07:31:44'),
(5, 'Login', 1, 'Google Chrome 66.0.3359.181 on windows', '183.83.65.216', '2018-05-30 17:49:35', NULL, 1, 4, '2018-05-30 17:49:35'),
(6, 'Login', 1, 'Google Chrome 67.0.3396.99 on windows', '183.83.65.216', '2018-07-12 18:34:22', NULL, 1, 4, '2018-07-12 18:34:22'),
(7, 'Logout', 1, 'Google Chrome 67.0.3396.99 on windows', '183.83.65.216', NULL, '2018-07-12 19:52:55', 1, 4, '2018-07-12 19:52:55'),
(8, 'Login', 1, 'Google Chrome 67.0.3396.87 on windows', '108.52.4.200', '2018-07-12 19:54:15', NULL, 1, 2, '2018-07-12 19:54:15'),
(9, 'Logout', 1, 'Google Chrome 67.0.3396.87 on windows', '108.52.4.200', NULL, '2018-07-12 19:54:55', 1, 2, '2018-07-12 19:54:55'),
(10, 'Login', 1, 'Google Chrome 67.0.3396.87 on windows', '108.52.4.200', '2018-07-12 19:58:09', NULL, 1, 2, '2018-07-12 19:58:09'),
(11, 'Login', 1, 'Google Chrome 67.0.3396.99 on windows', '183.83.65.216', '2018-07-12 20:23:47', NULL, 1, 2, '2018-07-12 20:23:47'),
(12, 'Login', 1, 'Google Chrome 67.0.3396.99 on windows', '183.83.65.216', '2018-07-12 20:39:20', NULL, 1, 2, '2018-07-12 20:39:20'),
(13, 'Login', 1, 'Google Chrome 67.0.3396.99 on windows', '157.48.43.110', '2018-07-13 08:26:02', NULL, 1, 2, '2018-07-13 08:26:02'),
(14, 'Login', 1, 'Google Chrome 67.0.3396.99 on windows', '183.83.65.216', '2018-07-13 09:00:49', NULL, 1, 2, '2018-07-13 09:00:49'),
(15, 'Logout', 1, 'Google Chrome 67.0.3396.99 on windows', '183.83.65.216', NULL, '2018-07-13 09:25:56', 1, 2, '2018-07-13 09:25:56'),
(16, 'Login', 7, 'Google Chrome 67.0.3396.99 on windows', '183.83.65.216', '2018-07-13 09:26:16', NULL, 1, 2, '2018-07-13 09:26:16'),
(17, 'Logout', 7, 'Google Chrome 67.0.3396.99 on windows', '183.83.65.216', NULL, '2018-07-13 09:27:39', 1, 2, '2018-07-13 09:27:39'),
(18, 'Login', 1, 'Google Chrome 67.0.3396.99 on windows', '183.83.65.216', '2018-07-13 09:27:44', NULL, 1, 2, '2018-07-13 09:27:44'),
(19, 'Logout', 1, 'Google Chrome 67.0.3396.99 on windows', '183.83.65.216', NULL, '2018-07-13 09:32:20', 1, 2, '2018-07-13 09:32:20'),
(20, 'Login', 13, 'Google Chrome 67.0.3396.99 on windows', '183.83.65.216', '2018-07-13 09:32:40', NULL, 1, 2, '2018-07-13 09:32:40'),
(21, 'Logout', 13, 'Google Chrome 67.0.3396.99 on windows', '183.83.65.216', NULL, '2018-07-13 09:36:16', 1, 2, '2018-07-13 09:36:16'),
(22, 'Login', 1, 'Google Chrome 67.0.3396.99 on windows', '183.83.65.216', '2018-07-13 09:36:18', NULL, 1, 2, '2018-07-13 09:36:18'),
(23, 'Logout', 1, 'Google Chrome 67.0.3396.99 on windows', '183.83.65.216', NULL, '2018-07-13 11:17:48', 1, 2, '2018-07-13 11:17:48'),
(24, 'Login', 2, 'Google Chrome 67.0.3396.99 on windows', '183.83.65.216', '2018-07-13 11:17:55', NULL, 1, 2, '2018-07-13 11:17:55'),
(25, 'Logout', 2, 'Google Chrome 67.0.3396.99 on windows', '183.83.65.216', NULL, '2018-07-13 11:20:29', 1, 2, '2018-07-13 11:20:29'),
(26, 'Login', 1, 'Google Chrome 67.0.3396.99 on windows', '183.83.65.216', '2018-07-13 11:20:43', NULL, 1, 2, '2018-07-13 11:20:43'),
(27, 'Logout', 1, 'Google Chrome 67.0.3396.99 on windows', '183.83.65.216', NULL, '2018-07-13 11:25:48', 1, 2, '2018-07-13 11:25:48'),
(28, 'Login', 2, 'Google Chrome 67.0.3396.99 on windows', '183.83.65.216', '2018-07-13 11:25:57', NULL, 1, 2, '2018-07-13 11:25:57'),
(29, 'Logout', 2, 'Google Chrome 67.0.3396.99 on windows', '183.83.65.216', NULL, '2018-07-13 11:26:17', 1, 2, '2018-07-13 11:26:17'),
(30, 'Login', 1, 'Google Chrome 67.0.3396.99 on windows', '183.83.65.216', '2018-07-13 11:26:21', NULL, 1, 2, '2018-07-13 11:26:21'),
(31, 'Logout', 1, 'Google Chrome 67.0.3396.99 on windows', '183.83.65.216', NULL, '2018-07-13 11:31:45', 1, 2, '2018-07-13 11:31:45'),
(32, 'Login', 2, 'Google Chrome 67.0.3396.99 on windows', '183.83.65.216', '2018-07-13 11:31:54', NULL, 1, 2, '2018-07-13 11:31:54'),
(33, 'Logout', 2, 'Google Chrome 67.0.3396.99 on windows', '183.83.65.216', NULL, '2018-07-13 11:33:03', 1, 2, '2018-07-13 11:33:03'),
(34, 'Login', 1, 'Google Chrome 67.0.3396.99 on windows', '183.83.65.216', '2018-07-13 11:33:07', NULL, 1, 2, '2018-07-13 11:33:07'),
(35, 'Logout', 1, 'Google Chrome 67.0.3396.99 on windows', '183.83.65.216', NULL, '2018-07-13 11:35:45', 1, 2, '2018-07-13 11:35:45'),
(36, 'Login', 2, 'Google Chrome 67.0.3396.99 on windows', '183.83.65.216', '2018-07-13 11:35:52', NULL, 1, 2, '2018-07-13 11:35:52'),
(37, 'Logout', 2, 'Google Chrome 67.0.3396.99 on windows', '183.83.65.216', NULL, '2018-07-13 11:36:34', 1, 2, '2018-07-13 11:36:34'),
(38, 'Login', 8, 'Google Chrome 67.0.3396.99 on windows', '183.83.65.216', '2018-07-13 11:36:44', NULL, 1, 2, '2018-07-13 11:36:44'),
(39, 'Logout', 8, 'Google Chrome 67.0.3396.99 on windows', '183.83.65.216', NULL, '2018-07-13 11:37:18', 1, 2, '2018-07-13 11:37:18'),
(40, 'Login', 1, 'Google Chrome 67.0.3396.99 on windows', '183.83.65.216', '2018-07-13 11:37:21', NULL, 1, 2, '2018-07-13 11:37:21'),
(41, 'Login', 2, 'Google Chrome 67.0.3396.99 on windows', '183.83.65.216', '2018-07-13 11:43:27', NULL, 1, 2, '2018-07-13 11:43:27'),
(42, 'Logout', 2, 'Google Chrome 67.0.3396.99 on windows', '183.83.65.216', NULL, '2018-07-13 11:45:14', 1, 2, '2018-07-13 11:45:14'),
(43, 'Login', 1, 'Google Chrome 67.0.3396.99 on windows', '183.83.65.216', '2018-07-13 11:45:23', NULL, 1, 2, '2018-07-13 11:45:23'),
(44, 'Logout', 1, 'Google Chrome 67.0.3396.99 on windows', '183.83.65.216', NULL, '2018-07-13 11:48:00', 1, 2, '2018-07-13 11:48:00'),
(45, 'Login', 3, 'Google Chrome 67.0.3396.99 on windows', '183.83.65.216', '2018-07-13 11:48:09', NULL, 1, 2, '2018-07-13 11:48:09'),
(46, 'Logout', 1, 'Google Chrome 67.0.3396.99 on windows', '183.83.65.216', NULL, '2018-07-13 11:50:19', 1, 2, '2018-07-13 11:50:19'),
(47, 'Login', 13, 'Google Chrome 67.0.3396.99 on windows', '183.83.65.216', '2018-07-13 11:50:41', NULL, 1, 2, '2018-07-13 11:50:41'),
(48, 'Logout', 3, 'Google Chrome 67.0.3396.99 on windows', '183.83.65.216', NULL, '2018-07-13 12:20:09', 1, 2, '2018-07-13 12:20:09'),
(49, 'Login', 2, 'Google Chrome 67.0.3396.99 on windows', '183.83.65.216', '2018-07-13 12:20:32', NULL, 1, 2, '2018-07-13 12:20:32'),
(50, 'Logout', 2, 'Google Chrome 67.0.3396.99 on windows', '183.83.65.216', NULL, '2018-07-13 12:20:48', 1, 2, '2018-07-13 12:20:48'),
(51, 'Login', 1, 'Google Chrome 67.0.3396.99 on windows', '183.83.65.216', '2018-07-13 12:20:57', NULL, 1, 2, '2018-07-13 12:20:57'),
(52, 'Logout', 1, 'Google Chrome 67.0.3396.99 on windows', '183.83.65.216', NULL, '2018-07-13 12:27:31', 1, 2, '2018-07-13 12:27:31'),
(53, 'Login', 2, 'Google Chrome 67.0.3396.99 on windows', '183.83.65.216', '2018-07-13 12:27:39', NULL, 1, 2, '2018-07-13 12:27:39'),
(54, 'Logout', 2, 'Google Chrome 67.0.3396.99 on windows', '183.83.65.216', NULL, '2018-07-13 12:31:24', 1, 2, '2018-07-13 12:31:24'),
(55, 'Login', 1, 'Google Chrome 67.0.3396.99 on windows', '183.83.65.216', '2018-07-13 12:31:30', NULL, 1, 2, '2018-07-13 12:31:30'),
(56, 'Logout', 1, 'Google Chrome 67.0.3396.99 on windows', '183.83.65.216', NULL, '2018-07-13 12:32:59', 1, 2, '2018-07-13 12:32:59'),
(57, 'Login', 2, 'Google Chrome 67.0.3396.99 on windows', '183.83.65.216', '2018-07-13 12:33:07', NULL, 1, 2, '2018-07-13 12:33:07'),
(58, 'Login', 1, 'Google Chrome 67.0.3396.99 on windows', '157.48.59.200', '2018-07-13 16:50:36', NULL, 1, 2, '2018-07-13 16:50:36'),
(59, 'Login', 1, 'Google Chrome 67.0.3396.87 on mac', '68.80.167.135', '2018-07-14 07:35:49', NULL, 1, 2, '2018-07-14 07:35:49'),
(60, 'Login', 1, 'Google Chrome 67.0.3396.87 on linux', '117.209.244.191', '2018-07-16 17:25:19', NULL, 1, 2, '2018-07-16 17:25:19'),
(61, 'Login', 1, 'Google Chrome 67.0.3396.99 on windows', '183.83.65.216', '2018-07-18 16:29:30', NULL, 1, 2, '2018-07-18 16:29:30'),
(62, 'Login', 1, 'Google Chrome 67.0.3396.87 on mac', '68.80.167.135', '2018-07-19 10:26:26', NULL, 1, 2, '2018-07-19 10:26:26'),
(63, 'Login', 1, 'Google Chrome 67.0.3396.99 on windows', '183.83.65.216', '2018-07-19 13:30:36', NULL, 1, 2, '2018-07-19 13:30:36'),
(64, 'Login', 1, 'Google Chrome 67.0.3396.99 on windows', '183.83.65.216', '2018-07-19 20:32:00', NULL, 1, 2, '2018-07-19 20:32:00'),
(65, 'Logout', 1, 'Google Chrome 67.0.3396.99 on windows', '183.83.65.216', NULL, '2018-07-19 22:01:12', 1, 2, '2018-07-19 22:01:12'),
(66, 'Login', 1, 'Google Chrome 67.0.3396.99 on windows', '183.83.65.216', '2018-07-20 08:42:26', NULL, 1, 2, '2018-07-20 08:42:26'),
(67, 'Login', 1, 'Google Chrome 67.0.3396.99 on windows', '183.83.65.216', '2018-07-20 08:42:36', NULL, 1, 2, '2018-07-20 08:42:36'),
(68, 'Login', 1, 'Google Chrome 67.0.3396.99 on mac', '68.80.167.135', '2018-07-23 00:06:39', NULL, 1, 2, '2018-07-23 00:06:39'),
(69, 'Login', 1, 'Google Chrome 67.0.3396.99 on mac', '68.80.167.135', '2018-07-23 10:06:43', NULL, 1, 2, '2018-07-23 10:06:43'),
(70, 'Login', 1, 'Google Chrome 67.0.3396.99 on windows', '183.83.65.216', '2018-07-23 14:34:04', NULL, 1, 2, '2018-07-23 14:34:04'),
(71, 'Login', 1, 'Google Chrome 67.0.3396.99 on windows', '183.83.65.216', '2018-07-24 05:57:49', NULL, 1, 2, '2018-07-24 05:57:49'),
(72, 'Login', 1, 'Google Chrome 67.0.3396.99 on windows', '157.48.223.194', '2018-07-24 08:14:42', NULL, 1, 2, '2018-07-24 08:14:42'),
(73, 'Login', 1, 'Google Chrome 67.0.3396.99 on windows', '157.48.223.251', '2018-07-24 13:19:59', NULL, 1, 2, '2018-07-24 13:19:59'),
(74, 'Login', 1, 'Google Chrome 67.0.3396.99 on windows', '183.83.65.216', '2018-07-25 07:58:48', NULL, 1, 2, '2018-07-25 07:58:48'),
(75, 'Login', 1, 'Google Chrome 67.0.3396.99 on windows', '183.83.65.216', '2018-07-25 11:05:26', NULL, 1, 2, '2018-07-25 11:05:26'),
(76, 'Login', 1, 'Google Chrome 67.0.3396.99 on mac', '68.80.167.135', '2018-07-26 07:52:51', NULL, 1, 2, '2018-07-26 07:52:51'),
(77, 'Login', 1, 'Google Chrome 67.0.3396.99 on windows', '183.83.65.216', '2018-07-26 08:44:38', NULL, 1, 2, '2018-07-26 08:44:38'),
(78, 'Logout', 1, 'Google Chrome 67.0.3396.99 on mac', '68.80.167.135', NULL, '2018-07-26 09:12:38', 1, 2, '2018-07-26 09:12:38'),
(79, 'Login', 2, 'Google Chrome 67.0.3396.99 on mac', '68.80.167.135', '2018-07-26 09:12:45', NULL, 1, 2, '2018-07-26 09:12:45'),
(80, 'Logout', 2, 'Google Chrome 67.0.3396.99 on mac', '68.80.167.135', NULL, '2018-07-26 09:26:33', 1, 2, '2018-07-26 09:26:33'),
(81, 'Login', 1, 'Google Chrome 67.0.3396.99 on mac', '68.80.167.135', '2018-07-26 09:26:53', NULL, 1, 2, '2018-07-26 09:26:53'),
(82, 'Login', 1, 'Google Chrome 67.0.3396.99 on windows', '183.83.65.216', '2018-07-26 10:45:02', NULL, 1, 2, '2018-07-26 10:45:02'),
(83, 'Login', 1, 'Google Chrome 67.0.3396.99 on windows', '183.83.65.216', '2018-07-26 11:48:44', NULL, 1, 2, '2018-07-26 11:48:44'),
(84, 'Login', 1, 'Google Chrome 67.0.3396.99 on windows', '183.83.65.216', '2018-07-26 12:49:22', NULL, 1, 2, '2018-07-26 12:49:22'),
(85, 'Login', 1, 'Google Chrome 67.0.3396.99 on windows', '183.83.65.216', '2018-07-26 16:11:01', NULL, 1, 2, '2018-07-26 16:11:01'),
(86, 'Login', 1, 'Google Chrome 67.0.3396.99 on windows', '183.83.65.216', '2018-07-26 20:28:25', NULL, 1, 2, '2018-07-26 20:28:25'),
(87, 'Login', 1, 'Google Chrome 67.0.3396.99 on windows', '183.83.65.216', '2018-07-26 20:28:27', NULL, 1, 2, '2018-07-26 20:28:27'),
(88, 'Login', 1, 'Google Chrome 67.0.3396.99 on windows', '183.83.65.216', '2018-07-26 20:37:37', NULL, 1, 2, '2018-07-26 20:37:37'),
(89, 'Login', 1, 'Google Chrome 67.0.3396.87 on windows', '108.52.4.200', '2018-07-26 22:37:55', NULL, 1, 2, '2018-07-26 22:37:55'),
(90, 'Login', 1, 'Google Chrome 67.0.3396.87 on windows', '108.52.4.200', '2018-07-26 22:45:48', NULL, 1, 2, '2018-07-26 22:45:48'),
(91, 'Login', 1, 'Google Chrome 67.0.3396.99 on mac', '68.80.167.135', '2018-07-27 02:46:13', NULL, 1, 2, '2018-07-27 02:46:13'),
(92, 'Login', 1, 'Google Chrome 67.0.3396.99 on windows', '183.83.65.216', '2018-07-27 07:48:24', NULL, 1, 2, '2018-07-27 07:48:24'),
(93, 'Login', 1, 'Apple Safari 11.1.2 on mac', '68.80.167.135', '2018-07-28 08:02:50', NULL, 1, 2, '2018-07-28 08:02:50'),
(94, 'Login', 1, 'Google Chrome 68.0.3440.75 on windows', '68.80.167.135', '2018-07-30 01:59:09', NULL, 1, 2, '2018-07-30 01:59:09'),
(95, 'Login', 1, 'Google Chrome 68.0.3440.75 on windows', '68.80.167.135', '2018-07-30 04:19:35', NULL, 1, 2, '2018-07-30 04:19:35'),
(96, 'Logout', 1, 'Google Chrome 68.0.3440.75 on windows', '68.80.167.135', NULL, '2018-07-30 05:00:30', 1, 2, '2018-07-30 05:00:30'),
(97, 'Login', 1, 'Google Chrome 68.0.3440.75 on windows', '68.80.167.135', '2018-07-30 05:00:46', NULL, 1, 2, '2018-07-30 05:00:46'),
(98, 'Logout', 1, 'Google Chrome 68.0.3440.75 on windows', '68.80.167.135', NULL, '2018-07-30 05:01:03', 1, 2, '2018-07-30 05:01:03'),
(99, 'Login', 2, 'Google Chrome 68.0.3440.75 on windows', '68.80.167.135', '2018-07-30 05:01:31', NULL, 1, 2, '2018-07-30 05:01:31'),
(100, 'Logout', 2, 'Google Chrome 68.0.3440.75 on windows', '68.80.167.135', NULL, '2018-07-30 05:03:03', 1, 2, '2018-07-30 05:03:03'),
(101, 'Login', 1, 'Google Chrome 68.0.3440.75 on windows', '68.80.167.135', '2018-07-30 05:03:12', NULL, 1, 2, '2018-07-30 05:03:12'),
(102, 'Logout', 1, 'Google Chrome 68.0.3440.75 on windows', '68.80.167.135', NULL, '2018-07-30 05:04:01', 1, 2, '2018-07-30 05:04:01'),
(103, 'Login', 69, 'Google Chrome 68.0.3440.75 on windows', '68.80.167.135', '2018-07-30 05:04:09', NULL, 1, 2, '2018-07-30 05:04:09'),
(104, 'Logout', 69, 'Google Chrome 68.0.3440.75 on windows', '68.80.167.135', NULL, '2018-07-30 05:06:36', 1, 2, '2018-07-30 05:06:36'),
(105, 'Login', 1, 'Google Chrome 68.0.3440.75 on windows', '68.80.167.135', '2018-07-30 05:06:51', NULL, 1, 2, '2018-07-30 05:06:51'),
(106, 'Logout', 1, 'Google Chrome 68.0.3440.75 on windows', '68.80.167.135', NULL, '2018-07-30 05:08:19', 1, 2, '2018-07-30 05:08:19'),
(107, 'Login', 8, 'Google Chrome 68.0.3440.75 on windows', '68.80.167.135', '2018-07-30 05:08:29', NULL, 1, 2, '2018-07-30 05:08:29'),
(108, 'Logout', 8, 'Google Chrome 68.0.3440.75 on windows', '68.80.167.135', NULL, '2018-07-30 05:09:28', 1, 2, '2018-07-30 05:09:28'),
(109, 'Login', 1, 'Google Chrome 68.0.3440.75 on windows', '68.80.167.135', '2018-07-30 05:10:25', NULL, 1, 2, '2018-07-30 05:10:25'),
(110, 'Login', 1, 'Google Chrome 67.0.3396.99 on windows', '183.83.65.216', '2018-07-30 08:20:27', NULL, 1, 2, '2018-07-30 08:20:27'),
(111, 'Login', 1, 'Google Chrome 67.0.3396.99 on windows', '183.83.65.216', '2018-07-30 12:28:37', NULL, 1, 2, '2018-07-30 12:28:37'),
(112, 'Login', 1, 'Google Chrome 67.0.3396.99 on windows', '183.83.65.216', '2018-07-30 18:22:29', NULL, 1, 2, '2018-07-30 18:22:29'),
(113, 'Login', 1, 'Google Chrome 67.0.3396.99 on windows', '183.83.65.216', '2018-07-31 07:11:41', NULL, 1, 2, '2018-07-31 07:11:41');

-- --------------------------------------------------------

--
-- Table structure for table `log_details`
--

CREATE TABLE IF NOT EXISTS `log_details` (
  `id` int(11) NOT NULL AUTO_INCREMENT,
  `log_type` varchar(255) NOT NULL,
  `message` text NOT NULL,
  `old_value` text NOT NULL,
  `new_value` text NOT NULL,
  `user_login_id` int(11) NOT NULL,
  `academic_year_id` int(11) NOT NULL,
  `status` int(11) NOT NULL DEFAULT '1',
  `created_at` timestamp NOT NULL DEFAULT CURRENT_TIMESTAMP,
  PRIMARY KEY (`id`)
) ENGINE=InnoDB  DEFAULT CHARSET=latin1 AUTO_INCREMENT=112 ;

--
-- Dumping data for table `log_details`
--

INSERT INTO `log_details` (`id`, `log_type`, `message`, `old_value`, `new_value`, `user_login_id`, `academic_year_id`, `status`, `created_at`) VALUES
(1, 'Academic year added successfully!', 'Added', 'No old values', '01-06-2018-01-06-2019', 1, 0, 1, '2018-05-30 12:15:33'),
(2, 'Academic year added successfully!', 'Added', 'No old values', '30-05-2018-01-06-2019', 1, 0, 1, '2018-05-30 12:18:11'),
(3, 'settings Add Institution details', 'first time institute_details', 'Global High School,ghjvbnkjc@gjhkji.com,1234,9704244851,9704244851,4,1,3,1,1,chgxjvbdhjhjhchbdj,jhcbdjk hkciudkj,UCkZO__3PN4uBE2krqjiXMOw,2001,cvsgdhbcyusdj,vdujhcyuds,global@school.com,9752655358,9635244568,1', 'No New Value for Add Activity', 1, 0, 1, '2018-05-30 12:18:39'),
(4, 'Academic year deleted successfully!', 'Deleted', '[{"id":3,"from_date":"2018-06-01","to_date":"2019-06-01","status":"1","created_user_id":"1","updated_user_id":"0","created_at":"2018-05-30 17:45:33","updated_at":"2018-05-30 17:45:33"}]', 'No new values', 1, 0, 1, '2018-05-30 13:20:45'),
(5, 'Academic year deleted successfully!', 'Deleted', '[{"id":4,"from_date":"2018-05-30","to_date":"2019-06-01","status":1,"created_user_id":1,"updated_user_id":0,"created_at":"2018-05-30 17:48:11","updated_at":"2018-05-30 17:48:11"}]', 'No new values', 1, 0, 1, '2018-07-12 13:07:36'),
(6, 'Student details updated successfully!', 'Updated', '{"id":20,"user_login_id":47,"user_type_id":5,"first_name":"Harsha","last_name":"reddy","email":"mallareddy.g19@gmail.com","contact_number":"9876543210","emergency_number":"9876540321","date_of_birth":"20-06-2013","mark_1":"a mole on the left arm","photo":"2018-01-23-12-49-11","present_address":"H no:1-26;\\r\\nVillage: Fathepur;\\r\\nMandal:Shankar pally;\\r\\nDist: Ranga reddy;\\r\\nPin code : 501203;\\r\\nState: Telangana.\\r\\n\\r\\n\\r\\n\\r\\n","admission_number":"812142","academic_year_id":2,"class_id":2,"section_id":0,"roll_number":"8","gender":"Male","aadhaar_number":"987654321012","joined_date":"08-06-2017","student_type_id":3,"status":1,"created_user_id":1,"updated_user_id":0,"created_at":"2018-02-04 04:28:48","updated_at":"2018-02-04 04:28:48","class_section_id":14,"unique_id":"VIDS0001-S-1015","middle_name":"vardhan","father_name":"Venkat reddy","mother_name":"Deepika","father_number":"9876543210","mother_number":"9876543210","permanent_address":"H no:1-26;\\r\\nVillage: Fathepur;\\r\\nMandal:Shankar pally;\\r\\nDist: Ranga reddy;\\r\\nPin code : 501203;\\r\\nState: Telangana.","blood_group":"A","religion":"Hindhu","caste":"oc","nationality":"Indian","domicile":"","physical_handicapped":0,"siblings":0,"mark_2":"a mole on the right arm","hobbies":"","view_rights":1,"edit_rights":0,"add_rights":0,"student_academic_year_id":1,"joined_class_id":1,"joined_section_id":1,"joined_roll_number":"8","route_id":0,"stop_id":0,"student_id":15,"promoted":0}', 'Harsha', 1, 2, 1, '2018-07-12 13:33:53'),
(7, ' staff salary added successfully!', 'Added', 'No old values', 'Gross salary15,000deducted0', 1, 2, 1, '2018-07-12 15:10:16'),
(8, 'Staff details updated successfully!', 'Updated', '{"id":22,"staff_id":6,"migrated":0,"user_login_id":7,"user_type_id":4,"employee_id":"10006","first_name":"Sujanya","middle_name":"","last_name":"Parankusham","email":"Sujanya@gmail.com","contact_number":"9874986524","emergency_number":"9864165321","staff_department_id":6,"emp_designation":"Teacher","photo":"2017-12-19-13-03-18-srilatha.jpg","address":"","date_of_birth":"10-10-1990","joined_date":"05-12-2017","experience":"5 years","academic_year_id":2,"status":1,"staff_type_id":1,"add_rights":1,"edit_rights":0,"view_rights":0,"delete_rights":0,"created_user_id":1,"updated_user_id":0,"created_at":"2018-01-17 14:36:43","updated_at":"2018-01-17 14:36:43","basic_salary":"20000","incentives":"0","other_salary":"0","salary_cuttings":"0","total_salary":"20000","aadhaar_number":"532165431653","father_name":"Amarendhar","father_number":"8986451305","present_address":"Manikonda","permanent_address":"Manikonda","gender":"Female","blood_group":"Ab+","religion":"","caste":"","nationality":"Indian","marital_status":"Married","spouse_name":"Naresh","occupation":"","child_number":"","domicile":"","staff_unique_id":"VIDS0001-E-1006"}', 'Sujanya', 1, 2, 1, '2018-07-13 03:41:03'),
(9, 'Staff details updated successfully!', 'Updated', '{"id":23,"staff_id":7,"migrated":0,"user_login_id":8,"user_type_id":6,"employee_id":"1007","first_name":"Rajesh","middle_name":"","last_name":"Kumar","email":"Rajesh@gmail.com","contact_number":"9862636326","emergency_number":"9841653216","staff_department_id":8,"emp_designation":"Driver","photo":"2017-12-19-13-07-56-staff4.jpg","address":"","date_of_birth":"23-12-1986","joined_date":"14-11-2017","experience":"5 Years","academic_year_id":2,"status":1,"staff_type_id":2,"add_rights":1,"edit_rights":1,"view_rights":1,"delete_rights":1,"created_user_id":1,"updated_user_id":0,"created_at":"2018-01-17 14:36:43","updated_at":"2018-01-17 14:36:43","basic_salary":"16000","incentives":"0","other_salary":"0","salary_cuttings":"0","total_salary":"16000","aadhaar_number":"321687546153","father_name":"Naresh","father_number":"9874165321","present_address":"Manikonda","permanent_address":"Manikonda","gender":"Male","blood_group":"A+","religion":"Hindi","caste":"oc","nationality":"India","marital_status":"Married","spouse_name":"Lakshmi","occupation":"job","child_number":"2","domicile":"Telangana","staff_unique_id":"VIDS0001-E-1007"}', 'Rajesh', 1, 2, 1, '2018-07-13 03:43:54'),
(10, 'Staff details updated successfully!', 'Updated', '{"id":25,"staff_id":9,"migrated":0,"user_login_id":10,"user_type_id":8,"employee_id":"1009","first_name":"Madhan","middle_name":"","last_name":"Gopal","email":"Madhan@gmail.com","contact_number":"9874865418","emergency_number":"9856741653","staff_department_id":7,"emp_designation":"","photo":"2017-12-19-14-19-20-s4.jpg","address":"","date_of_birth":"25-05-1898","joined_date":"12-12-2017","experience":"3 years","academic_year_id":2,"status":1,"staff_type_id":2,"add_rights":1,"edit_rights":1,"view_rights":1,"delete_rights":1,"created_user_id":1,"updated_user_id":0,"created_at":"2018-01-17 14:36:43","updated_at":"2018-01-17 14:36:43","basic_salary":"24000","incentives":"0","other_salary":"0","salary_cuttings":"0","total_salary":"24000","aadhaar_number":"426498651498","father_name":"Rakesh","father_number":"8746153416","present_address":"Manikonda","permanent_address":"Manikonda","gender":"Male","blood_group":"","religion":"","caste":"","nationality":"Indian","marital_status":"Single","spouse_name":"Samantha","occupation":"","child_number":"2","domicile":"Telangana","staff_unique_id":"VIDS0001-E-1009"}', 'Madhan', 1, 2, 1, '2018-07-13 03:44:48'),
(11, 'Staff details updated successfully!', 'Updated', '{"id":26,"staff_id":10,"migrated":0,"user_login_id":11,"user_type_id":3,"employee_id":"1010","first_name":"Gopalreddy","middle_name":"","last_name":"Patlolla","email":"Gopalreddy@gmail.com","contact_number":"8574165421","emergency_number":"9874865315","staff_department_id":9,"emp_designation":"","photo":"2017-12-19-14-25-45-driver.jpg","address":"","date_of_birth":"27-04-1990","joined_date":"14-11-2017","experience":"2 years","academic_year_id":2,"status":1,"staff_type_id":2,"add_rights":1,"edit_rights":1,"view_rights":1,"delete_rights":1,"created_user_id":1,"updated_user_id":0,"created_at":"2018-01-17 14:36:43","updated_at":"2018-01-17 14:36:43","basic_salary":"24000","incentives":"0","other_salary":"0","salary_cuttings":"0","total_salary":"24000","aadhaar_number":"354986542152","father_name":"Narayana","father_number":"8745124651","present_address":"Lingampally","permanent_address":"Lingampally","gender":"Male","blood_group":"","religion":"","caste":"","nationality":"Indian","marital_status":"Married","spouse_name":"","occupation":"","child_number":"","domicile":"","staff_unique_id":"VIDS0001-E-1010"}', 'Gopalreddy', 1, 2, 1, '2018-07-13 03:46:14'),
(12, 'Staff details updated successfully!', 'Updated', '{"id":27,"staff_id":11,"migrated":0,"user_login_id":12,"user_type_id":9,"employee_id":"1012","first_name":"Shakar ","middle_name":"","last_name":"Reddy","email":"Shakar@gmail.com","contact_number":"9864165342","emergency_number":"8741653241","staff_department_id":10,"emp_designation":"Accountant","photo":"2017-12-19-14-41-00-staff1.jpg","address":"","date_of_birth":"13-12-1898","joined_date":"10-10-2017","experience":"5 years","academic_year_id":2,"status":1,"staff_type_id":2,"add_rights":1,"edit_rights":1,"view_rights":1,"delete_rights":1,"created_user_id":1,"updated_user_id":0,"created_at":"2018-01-17 14:36:43","updated_at":"2018-01-17 14:36:43","basic_salary":"25000","incentives":"0","other_salary":"0","salary_cuttings":"0","total_salary":"25000","aadhaar_number":"896541654816","father_name":"Nalla Mallareddy","father_number":"8675461532","present_address":"Hyderabad","permanent_address":"Hyderabad","gender":"Male","blood_group":"AB +","religion":"Hindu","caste":"OC","nationality":"Indian","marital_status":"Married","spouse_name":"Nirmala","occupation":"","child_number":"2","domicile":"Telangana","staff_unique_id":"VIDS0001-E-1011"}', 'Shakar ', 1, 2, 1, '2018-07-13 03:47:24'),
(13, 'Staff details updated successfully!', 'Updated', '{"id":32,"staff_id":16,"migrated":0,"user_login_id":33,"user_type_id":1,"employee_id":"54163","first_name":"Ramdas","middle_name":"","last_name":" Reddy","email":"Ramdas@gmail.com","contact_number":"9874615321","emergency_number":"8974615321","staff_department_id":1,"emp_designation":"","photo":"2018-01-17-10-09-09-Raghu Babu-Image.jpg","address":"","date_of_birth":"12-02-1985","joined_date":"02-01-2018","experience":"2 years","academic_year_id":2,"status":1,"staff_type_id":1,"add_rights":1,"edit_rights":1,"view_rights":1,"delete_rights":1,"created_user_id":1,"updated_user_id":0,"created_at":"2018-01-17 14:36:43","updated_at":"2018-01-17 14:36:43","basic_salary":"24000","incentives":"0","other_salary":"0","salary_cuttings":"0","total_salary":"24000","aadhaar_number":"","father_name":"Rajkonda","father_number":"","present_address":"Kondakal","permanent_address":"","gender":"Male","blood_group":"","religion":"","caste":"","nationality":"Indian","marital_status":"Single","spouse_name":"","occupation":"","child_number":"","domicile":"","staff_unique_id":"VIDS0001-E-1016"}', 'Ramdas', 1, 2, 1, '2018-07-13 03:48:58'),
(14, 'Student details updated successfully!', 'Updated', '{"id":12,"user_login_id":13,"user_type_id":5,"first_name":"Sweetha ","last_name":"Reddy","email":"Sweetha@gmail.com","contact_number":"9032562283","emergency_number":"9563263523","date_of_birth":"03-10-1993","mark_1":"Mole on Right Hand","photo":"2017-12-19-15-44-35-ss4.png","present_address":"Shankarpally","admission_number":"111222","academic_year_id":2,"class_id":9,"section_id":1,"roll_number":"10","gender":"Male","aadhaar_number":"865748165416","joined_date":"04-12-2017","student_type_id":3,"status":1,"created_user_id":1,"updated_user_id":0,"created_at":"2018-01-20 16:24:21","updated_at":"2018-01-20 16:24:21","class_section_id":22,"unique_id":"VIDS0001-S-1001","middle_name":"","father_name":"Venkatreddt","mother_name":"Kavitha","father_number":"8974653241","mother_number":"9874865418","permanent_address":"Shankarpally","blood_group":"Ab+","religion":"Hindu","caste":"OC","nationality":"Indian","domicile":"Telangana","physical_handicapped":0,"siblings":0,"mark_2":"","hobbies":"Singing","view_rights":1,"edit_rights":0,"add_rights":0,"student_academic_year_id":1,"joined_class_id":1,"joined_section_id":1,"joined_roll_number":"10","route_id":0,"stop_id":0,"student_id":1,"promoted":0}', 'Sweetha ', 1, 2, 1, '2018-07-13 03:52:57'),
(15, ' Parent added successfully!', 'Added', 'No old values', 'venkatreddyp', 1, 2, 1, '2018-07-13 03:54:22'),
(16, ' Parent added successfully!', 'Added', 'No old values', 'venkatreddym', 1, 2, 1, '2018-07-13 04:00:40'),
(17, ' Parent added successfully!', 'Added', 'No old values', 'mvenkatreddy', 1, 2, 1, '2018-07-13 04:01:33'),
(18, ' class subject added successfully!', 'Added', 'No old values', 'IX - A,Telugu,All days', 1, 2, 1, '2018-07-13 04:12:44'),
(19, ' class subject added successfully!', 'Added', 'No old values', 'IX - A,Hindi,All days', 1, 2, 1, '2018-07-13 04:13:06'),
(20, ' class subject added successfully!', 'Added', 'No old values', 'IX - A,English,All days', 1, 2, 1, '2018-07-13 04:13:23'),
(21, ' class subject added successfully!', 'Added', 'No old values', 'IX - A,Maths,All days', 1, 2, 1, '2018-07-13 04:13:43'),
(22, ' class subject added successfully!', 'Added', 'No old values', 'IX - A,Science,All days', 1, 2, 1, '2018-07-13 04:14:07'),
(23, ' class subject added successfully!', 'Added', 'No old values', 'IX - A,Social,All days', 1, 2, 1, '2018-07-13 04:14:25'),
(24, 'Student details updated successfully!', 'Updated', '{"id":1,"user_login_id":13,"user_type_id":5,"first_name":"Sweetha ","last_name":"Reddy","email":"pvrvenkatreddy@gmail.com","contact_number":"9032562283","emergency_number":"9563263523","date_of_birth":"03-10-1993","mark_1":"Mole on Right Hand","photo":"2018-01-31-12-54-05","present_address":"Shankarpally","admission_number":"111222","academic_year_id":1,"class_id":1,"section_id":1,"roll_number":"10","gender":"Male","aadhaar_number":"865748165416","joined_date":"04-12-2017","student_type_id":3,"status":1,"created_user_id":1,"updated_user_id":1,"created_at":"2018-01-31 07:24:05","updated_at":"2018-01-31 12:54:05","class_section_id":1,"unique_id":"VIDS0001-S-1001","middle_name":"","father_name":"venkat reddy","mother_name":"kavitha reddy","father_number":"8974653241","mother_number":"9874865418","permanent_address":"Shankarpally","blood_group":"Ab+","religion":"Hindu","caste":"OC","nationality":"Indian","domicile":"Telangana","physical_handicapped":0,"siblings":0,"mark_2":"","hobbies":"Singing","view_rights":1,"edit_rights":0,"add_rights":0,"student_academic_year_id":1,"joined_class_id":1,"joined_section_id":1,"joined_roll_number":"10","route_id":0,"stop_id":0,"student_id":1,"promoted":1}', 'Sweetha ', 1, 1, 1, '2018-07-13 04:26:03'),
(25, 'Parent details updated successfully!', 'Updated', '{"id":1,"student_id":1,"parent_id":1,"user_type_id":7,"user_login_id":14,"mother_name":"Kavitha","father_name":"Venkatreddt","mother_email":"Kavitha1234@gmail.com","mother_number":"9874865418","father_number":"8974653241","mother_education":"Degree","father_education":"Inter","address":"Shankarpally","academic_year_id":1,"status":1,"created_user_id":1,"updated_user_id":1,"created_at":"2018-01-25 03:28:31","updated_at":"2018-01-25 08:58:31","mother_photo":"2017-12-19-15-19-28-images (36).jpg","father_photo":"2018-01-24-08-27-56","father_email":"bharrathreddy@gmail.com","mother_occupation":"House Wife","father_occupation":"Teacher","family_income":"100000"}', 'venkat reddy', 1, 1, 1, '2018-07-13 04:26:27'),
(26, 'Staff details updated successfully!', 'Updated', '{"id":1,"staff_id":1,"migrated":1,"user_login_id":2,"user_type_id":4,"employee_id":"1001","first_name":"Malla","middle_name":"","last_name":"Reddy","email":"bharrathreddy@gmail.com","contact_number":"9256529999","emergency_number":"8954541541","staff_department_id":6,"emp_designation":"Class Teacher","photo":"2017-12-19-12-26-34-d1.jpg","address":"","date_of_birth":"12-05-1990","joined_date":"01-12-2017","experience":"5 years","academic_year_id":1,"status":1,"staff_type_id":1,"add_rights":1,"edit_rights":1,"view_rights":1,"delete_rights":1,"created_user_id":1,"updated_user_id":0,"created_at":"2018-04-12 01:25:27","updated_at":"2018-04-12 06:55:27","basic_salary":"15000","incentives":"0","other_salary":"0","salary_cuttings":"0","total_salary":"15000","aadhaar_number":"574132416532","father_name":"Ananth Reddy","father_number":"8764615426","present_address":"Shankarpally","permanent_address":"Shankarpally","gender":"Male","blood_group":"A+","religion":"Hindu","caste":"oc","nationality":"Indian","marital_status":"Single","spouse_name":"","occupation":"Teacher","child_number":"","domicile":"Telangana","staff_unique_id":"VIDS0001-E-1001"}', 'Malla', 1, 1, 1, '2018-07-13 05:41:28'),
(27, 'Staff details updated successfully!', 'Updated', '{"id":7,"staff_id":7,"migrated":1,"user_login_id":8,"user_type_id":6,"employee_id":"1007","first_name":"Rajesh","middle_name":"","last_name":"Kumar","email":"Rajesh@gmail.com","contact_number":"9862636326","emergency_number":"9841653216","staff_department_id":8,"emp_designation":"Driver","photo":"2017-12-19-13-07-56-staff4.jpg","address":"","date_of_birth":"23-12-1986","joined_date":"14-11-2017","experience":"5 Years","academic_year_id":1,"status":1,"staff_type_id":2,"add_rights":1,"edit_rights":1,"view_rights":1,"delete_rights":1,"created_user_id":1,"updated_user_id":0,"created_at":"2018-01-17 09:06:43","updated_at":"2018-01-17 14:36:43","basic_salary":"16000","incentives":"0","other_salary":"0","salary_cuttings":"0","total_salary":"16000","aadhaar_number":"321687546153","father_name":"Naresh","father_number":"9874165321","present_address":"Manikonda","permanent_address":"Manikonda","gender":"Male","blood_group":"A+","religion":"Hindi","caste":"oc","nationality":"India","marital_status":"Married","spouse_name":"Lakshmi","occupation":"job","child_number":"2","domicile":"Telangana","staff_unique_id":"VIDS0001-E-1007"}', 'Rajesh', 1, 1, 1, '2018-07-13 05:42:11'),
(28, 'Staff details updated successfully!', 'Updated', '{"id":9,"staff_id":9,"migrated":1,"user_login_id":10,"user_type_id":8,"employee_id":"1009","first_name":"Madhan","middle_name":"","last_name":"Gopal","email":"Madhan@gmail.com","contact_number":"9874865418","emergency_number":"9856741653","staff_department_id":7,"emp_designation":"","photo":"2017-12-19-14-19-20-s4.jpg","address":"","date_of_birth":"25-05-1898","joined_date":"12-12-2017","experience":"3 years","academic_year_id":1,"status":1,"staff_type_id":2,"add_rights":1,"edit_rights":1,"view_rights":1,"delete_rights":1,"created_user_id":1,"updated_user_id":0,"created_at":"2018-01-17 09:06:43","updated_at":"2018-01-17 14:36:43","basic_salary":"24000","incentives":"0","other_salary":"0","salary_cuttings":"0","total_salary":"24000","aadhaar_number":"426498651498","father_name":"Rakesh","father_number":"8746153416","present_address":"Manikonda","permanent_address":"Manikonda","gender":"Male","blood_group":"","religion":"","caste":"","nationality":"Indian","marital_status":"Single","spouse_name":"Samantha","occupation":"","child_number":"2","domicile":"Telangana","staff_unique_id":"VIDS0001-E-1009"}', 'Madhan', 1, 1, 1, '2018-07-13 05:42:55'),
(29, 'Staff details updated successfully!', 'Updated', '{"id":10,"staff_id":10,"migrated":1,"user_login_id":11,"user_type_id":3,"employee_id":"1010","first_name":"Gopalreddy","middle_name":"","last_name":"Patlolla","email":"Gopalreddy@gmail.com","contact_number":"8574165421","emergency_number":"9874865315","staff_department_id":9,"emp_designation":"","photo":"2017-12-19-14-25-45-driver.jpg","address":"","date_of_birth":"27-04-1990","joined_date":"14-11-2017","experience":"2 years","academic_year_id":1,"status":1,"staff_type_id":2,"add_rights":1,"edit_rights":1,"view_rights":1,"delete_rights":1,"created_user_id":1,"updated_user_id":0,"created_at":"2018-01-17 09:06:43","updated_at":"2018-01-17 14:36:43","basic_salary":"24000","incentives":"0","other_salary":"0","salary_cuttings":"0","total_salary":"24000","aadhaar_number":"354986542152","father_name":"Narayana","father_number":"8745124651","present_address":"Lingampally","permanent_address":"Lingampally","gender":"Male","blood_group":"","religion":"","caste":"","nationality":"Indian","marital_status":"Married","spouse_name":"","occupation":"","child_number":"","domicile":"","staff_unique_id":"VIDS0001-E-1010"}', 'Gopalreddy', 1, 1, 1, '2018-07-13 05:43:39'),
(30, 'Staff details updated successfully!', 'Updated', '{"id":11,"staff_id":11,"migrated":1,"user_login_id":12,"user_type_id":9,"employee_id":"1012","first_name":"Shakar ","middle_name":"","last_name":"Reddy","email":"Shakar@gmail.com","contact_number":"9864165342","emergency_number":"8741653241","staff_department_id":10,"emp_designation":"Accountant","photo":"2017-12-19-14-41-00-staff1.jpg","address":"","date_of_birth":"13-12-1898","joined_date":"10-10-2017","experience":"5 years","academic_year_id":1,"status":1,"staff_type_id":2,"add_rights":1,"edit_rights":1,"view_rights":1,"delete_rights":1,"created_user_id":1,"updated_user_id":0,"created_at":"2018-01-17 09:06:43","updated_at":"2018-01-17 14:36:43","basic_salary":"25000","incentives":"0","other_salary":"0","salary_cuttings":"0","total_salary":"25000","aadhaar_number":"896541654816","father_name":"Nalla Mallareddy","father_number":"8675461532","present_address":"Hyderabad","permanent_address":"Hyderabad","gender":"Male","blood_group":"AB +","religion":"Hindu","caste":"OC","nationality":"Indian","marital_status":"Married","spouse_name":"Nirmala","occupation":"","child_number":"2","domicile":"Telangana","staff_unique_id":"VIDS0001-E-1011"}', 'Shakar ', 1, 1, 1, '2018-07-13 05:44:28'),
(31, 'Staff details updated successfully!', 'Updated', '{"id":16,"staff_id":16,"migrated":1,"user_login_id":33,"user_type_id":1,"employee_id":"54163","first_name":"Ramdas","middle_name":"","last_name":" Reddy","email":"jhonson@gmail.com","contact_number":"9874615321","emergency_number":"8974615321","staff_department_id":1,"emp_designation":"","photo":"2018-01-31-12-49-54","address":"","date_of_birth":"12-02-1985","joined_date":"02-01-2018","experience":"2 years","academic_year_id":1,"status":1,"staff_type_id":1,"add_rights":1,"edit_rights":1,"view_rights":1,"delete_rights":1,"created_user_id":1,"updated_user_id":0,"created_at":"2018-01-31 07:19:54","updated_at":"2018-01-31 12:49:54","basic_salary":"24000","incentives":"0","other_salary":"0","salary_cuttings":"0","total_salary":"24000","aadhaar_number":"","father_name":"Rajkonda","father_number":"","present_address":"Kondakal","permanent_address":"","gender":"Male","blood_group":"","religion":"","caste":"","nationality":"Indian","marital_status":"Single","spouse_name":"","occupation":"","child_number":"","domicile":"","staff_unique_id":"VIDS0001-E-1016"}', 'Ramdas', 1, 1, 1, '2018-07-13 05:45:10'),
(32, ' Staff attendance added successfully!', 'Added', 'No old values', '', 1, 1, 1, '2018-07-13 05:59:40'),
(33, ' Staff attendance added successfully!', 'Added', 'No old values', '', 1, 1, 1, '2018-07-13 06:00:19'),
(34, ' Staff attendance added successfully!', 'Added', 'No old values', '', 1, 1, 1, '2018-07-13 06:01:07'),
(35, ' staff salary added successfully!', 'Added', 'No old values', 'Gross salary15,000deducted0', 1, 1, 1, '2018-07-13 06:01:38'),
(36, ' class teacher added successfully!', 'Added', 'No old values', 'IX - A class Teacher Malla', 1, 2, 1, '2018-07-13 06:04:05'),
(37, 'Staff type updated successfully!', 'Updated', '{"id":3,"title":"others ","status":1,"academic_year_id":1,"created_user_id":1,"updated_user_id":1,"created_at":"2017-07-15 11:19:39","updated_at":"2018-01-25 15:52:50"}', 'others ', 1, 2, 1, '2018-07-13 11:21:54'),
(38, 'Student details updated successfully!', 'Updated', '{"id":12,"user_login_id":13,"user_type_id":5,"first_name":"Sweetha ","last_name":"Reddy","email":"Sweetha@gmail.com","contact_number":"9032562283","emergency_number":"9563263523","date_of_birth":"03-10-1993","mark_1":"Mole on Right Hand","photo":"2018-07-13-09-22-57.jpg","present_address":"Shankarpally","admission_number":"111222","academic_year_id":2,"class_id":9,"section_id":1,"roll_number":"10","gender":"Male","aadhaar_number":"865748165416","joined_date":"04-12-2017","student_type_id":3,"status":1,"created_user_id":1,"updated_user_id":1,"created_at":"2018-07-13 03:52:57","updated_at":"2018-07-13 09:22:57","class_section_id":22,"unique_id":"VIDS0001-S-1001","middle_name":"","father_name":"Venkatreddt","mother_name":"Kavitha","father_number":"8974653241","mother_number":"9874865418","permanent_address":"Shankarpally","blood_group":"Ab+","religion":"Hindu","caste":"OC","nationality":"Indian","domicile":"Telangana","physical_handicapped":0,"siblings":0,"mark_2":"","hobbies":"Singing","view_rights":1,"edit_rights":0,"add_rights":0,"student_academic_year_id":1,"joined_class_id":9,"joined_section_id":1,"joined_roll_number":"10","route_id":0,"stop_id":0,"student_id":1,"promoted":0}', 'Sweetha ', 1, 2, 1, '2018-07-19 08:03:07'),
(39, ' Parent added successfully!', 'Added', 'No old values', 'venkatreddy patlolla', 1, 2, 1, '2018-07-19 08:25:06'),
(40, 'Student details updated successfully!', 'Updated', '{"id":20,"user_login_id":47,"user_type_id":5,"first_name":"Harsha","last_name":"reddy","email":"mallareddy.g19@gmail.com","contact_number":"9876543210","emergency_number":"9876540321","date_of_birth":"20-06-2013","mark_1":"a mole on the left arm","photo":"2018-07-12-19-03-53.JPG","present_address":"H no:1-26;\\r\\nVillage: Fathepur;\\r\\nMandal:Shankar pally;\\r\\nDist: Ranga reddy;\\r\\nPin code : 501203;\\r\\nState: Telangana.\\r\\n\\r\\n\\r\\n\\r\\n","admission_number":"812142","academic_year_id":2,"class_id":2,"section_id":0,"roll_number":"8","gender":"Male","aadhaar_number":"987654321012","joined_date":"08-06-2017","student_type_id":3,"status":1,"created_user_id":1,"updated_user_id":1,"created_at":"2018-07-12 13:33:53","updated_at":"2018-07-12 19:03:53","class_section_id":14,"unique_id":"VIDS0001-S-1015","middle_name":"vardhan","father_name":"Venkat reddy","mother_name":"Deepika","father_number":"9876543210","mother_number":"9876543210","permanent_address":"H no:1-26;\\r\\nVillage: Fathepur;\\r\\nMandal:Shankar pally;\\r\\nDist: Ranga reddy;\\r\\nPin code : 501203;\\r\\nState: Telangana.","blood_group":"A","religion":"Hindhu","caste":"oc","nationality":"Indian","domicile":"","physical_handicapped":0,"siblings":0,"mark_2":"a mole on the right arm","hobbies":"","view_rights":1,"edit_rights":0,"add_rights":0,"student_academic_year_id":1,"joined_class_id":2,"joined_section_id":0,"joined_roll_number":"8","route_id":0,"stop_id":0,"student_id":15,"promoted":0}', 'malla', 1, 2, 1, '2018-07-19 08:29:56'),
(41, 'Student details updated successfully!', 'Updated', '{"id":20,"user_login_id":47,"user_type_id":5,"first_name":"malla","last_name":"G","email":"mallareddy.g19@gmail.com","contact_number":"9876543210","emergency_number":"9876540321","date_of_birth":"20-06-2013","mark_1":"a mole on the left arm","photo":"2018-07-19-13-59-56.jpg","present_address":"H no:1-26;\\r\\nVillage: Fathepur;\\r\\nMandal:Shankar pally;\\r\\nDist: Ranga reddy;\\r\\nPin code : 501203;\\r\\nState: Telangana.\\r\\n\\r\\n\\r\\n\\r\\n","admission_number":"812142","academic_year_id":2,"class_id":2,"section_id":0,"roll_number":"8","gender":"Male","aadhaar_number":"987654321012","joined_date":"08-06-2017","student_type_id":3,"status":1,"created_user_id":1,"updated_user_id":1,"created_at":"2018-07-19 08:29:56","updated_at":"2018-07-19 13:59:56","class_section_id":14,"unique_id":"VIDS0001-S-1015","middle_name":"reddy","father_name":"Ananth reddy","mother_name":"Deepika","father_number":"9876543210","mother_number":"9876543210","permanent_address":"H no:1-26;\\r\\nVillage: Fathepur;\\r\\nMandal:Shankar pally;\\r\\nDist: Ranga reddy;\\r\\nPin code : 501203;\\r\\nState: Telangana.","blood_group":"A","religion":"Hindhu","caste":"oc","nationality":"Indian","domicile":"Telangana","physical_handicapped":0,"siblings":0,"mark_2":"a mole on the right arm","hobbies":"","view_rights":1,"edit_rights":0,"add_rights":0,"student_academic_year_id":1,"joined_class_id":2,"joined_section_id":0,"joined_roll_number":"8","route_id":0,"stop_id":0,"student_id":15,"promoted":0}', 'malla', 1, 2, 1, '2018-07-19 08:31:22'),
(42, ' Parent added successfully!', 'Added', 'No old values', 'ananthreddy.g', 1, 2, 1, '2018-07-19 08:33:07'),
(43, ' Student added successfully!', 'Added', 'No old values', 'Sri Vivekananda High School', 1, 2, 1, '2018-07-19 08:34:20'),
(44, ' Student added successfully!', 'Added', 'No old values', 'vikramreddy.b', 1, 2, 1, '2018-07-19 08:45:17'),
(45, ' Parent added successfully!', 'Added', 'No old values', 'sathyanarayanareddy123', 1, 2, 1, '2018-07-19 08:46:58'),
(46, ' Student added successfully!', 'Added', 'No old values', 'shwethareddy', 1, 2, 1, '2018-07-19 08:57:34'),
(47, ' Parent added successfully!', 'Added', 'No old values', 'ganeshreddy', 1, 2, 1, '2018-07-19 08:58:56'),
(48, ' Student attendance added successfully!', 'Added', 'No old values', '', 1, 2, 1, '2018-07-19 09:01:01'),
(49, ' Student attendance added successfully!', 'Added', 'No old values', '', 1, 2, 1, '2018-07-19 15:03:59'),
(50, ' Student attendance added successfully!', 'Added', 'No old values', '', 1, 2, 1, '2018-07-19 15:04:17'),
(51, ' Student attendance added successfully!', 'Added', 'No old values', '', 1, 2, 1, '2018-07-19 15:04:36'),
(52, ' Student attendance added successfully!', 'Added', 'No old values', '', 1, 2, 1, '2018-07-19 15:04:49'),
(53, ' Student attendance added successfully!', 'Added', 'No old values', '', 1, 2, 1, '2018-07-19 15:05:01'),
(54, ' Student attendance added successfully!', 'Added', 'No old values', '', 1, 2, 1, '2018-07-19 15:05:15'),
(55, ' Student attendance added successfully!', 'Added', 'No old values', '', 1, 2, 1, '2018-07-19 15:05:35'),
(56, ' Student attendance added successfully!', 'Added', 'No old values', '', 1, 2, 1, '2018-07-19 15:06:06'),
(57, ' Student attendance added successfully!', 'Added', 'No old values', '', 1, 2, 1, '2018-07-19 15:06:18'),
(58, ' Student attendance added successfully!', 'Added', 'No old values', '', 1, 2, 1, '2018-07-19 15:06:35'),
(59, ' Student attendance added successfully!', 'Added', 'No old values', '', 1, 2, 1, '2018-07-19 15:07:00'),
(60, ' Student attendance added successfully!', 'Added', 'No old values', '', 1, 2, 1, '2018-07-19 15:07:19'),
(61, ' Student attendance added successfully!', 'Added', 'No old values', '', 1, 2, 1, '2018-07-19 15:07:44'),
(62, ' Student attendance added successfully!', 'Added', 'No old values', '', 1, 2, 1, '2018-07-19 15:07:58'),
(63, ' Student attendance added successfully!', 'Added', 'No old values', '', 1, 2, 1, '2018-07-19 15:08:13'),
(64, ' class teacher added successfully!', 'Added', 'No old values', 'I  - A class Teacher Anand', 1, 2, 1, '2018-07-19 15:10:26'),
(65, ' class exam added successfully!', 'Added', 'No old values', '', 1, 2, 1, '2018-07-19 15:21:04'),
(66, ' class exam added successfully!', 'Added', 'No old values', '', 1, 2, 1, '2018-07-19 15:21:33'),
(67, ' class exam added successfully!', 'Added', 'No old values', '', 1, 2, 1, '2018-07-19 15:26:42'),
(68, ' class exam added successfully!', 'Added', 'No old values', '', 1, 2, 1, '2018-07-19 15:27:25'),
(69, ' class exam added successfully!', 'Added', 'No old values', '', 1, 2, 1, '2018-07-19 15:27:59'),
(70, ' Transport Fee  added successfully!', 'Added', 'No old values', '2500', 1, 2, 1, '2018-07-19 15:29:49'),
(71, ' Transport Fee  added successfully!', 'Added', 'No old values', '2000', 1, 2, 1, '2018-07-19 15:30:19'),
(72, ' Vehicle driver added successfully!', 'Added', 'No old values', '', 1, 2, 1, '2018-07-19 15:32:50'),
(73, ' Meter Reading added successfully!', 'Added', 'No old values', '', 1, 2, 1, '2018-07-19 15:34:09'),
(74, ' Fuel added successfully!', 'Added', 'No old values', '', 1, 2, 1, '2018-07-19 15:35:00'),
(75, ' Vehicle driver added successfully!', 'Added', 'No old values', '', 1, 2, 1, '2018-07-19 15:37:14'),
(76, ' Vehicle driver added successfully!', 'Added', 'No old values', '', 1, 2, 1, '2018-07-19 15:37:55'),
(77, 'Student details updated successfully!', 'Updated', '{"id":24,"user_login_id":69,"user_type_id":5,"first_name":"Shwetha","last_name":"reddy","email":"","contact_number":"9876543210","emergency_number":"0123456789","date_of_birth":"20-06-2013","mark_1":"A mole on the left arm","photo":"2018-07-19-14-27-34.jpg","present_address":"H.No:4-66\\/89, vlg:Shankarpally,MON:Shankarpally,Rangareddy(dist),Telangana,501203.","admission_number":"112233","academic_year_id":2,"class_id":1,"section_id":1,"roll_number":"2","gender":"Male","aadhaar_number":"987654321012","joined_date":"06-06-2018","student_type_id":1,"status":1,"created_user_id":1,"updated_user_id":0,"created_at":"2018-07-19 14:27:34","updated_at":"2018-07-19 14:27:34","class_section_id":13,"unique_id":"VIDS0001-S-1024","middle_name":"","father_name":"Ganesh reddy","mother_name":"Soumya","father_number":"9876543210","mother_number":"9876543210","permanent_address":"H.No:4-66\\/89, vlg:Shankarpally,MON:Shankarpally,Rangareddy(dist),Telangana,501203.","blood_group":"AB-","religion":"Hindu","caste":"OC","nationality":"Indian","domicile":"Telangana","physical_handicapped":0,"siblings":0,"mark_2":"A mole on the right arm","hobbies":"Reading books","view_rights":1,"edit_rights":0,"add_rights":0,"student_academic_year_id":2,"joined_class_id":1,"joined_section_id":1,"joined_roll_number":"2","route_id":1,"stop_id":4,"student_id":24,"promoted":0}', 'Shwetha', 1, 2, 1, '2018-07-19 15:40:47'),
(78, ' Expenses added successfully!', 'Added', 'No old values', '', 1, 2, 1, '2018-07-19 15:46:15'),
(79, 'Fee payment successfully completed!', 'Added', 'No old values', '3000-sathyanarayana reddy', 1, 0, 1, '2018-07-19 15:48:15'),
(80, 'Fee payment successfully completed!', 'Added', 'No old values', '500-sathyanarayana reddy', 1, 0, 1, '2018-07-19 15:48:43'),
(81, 'Fee payment successfully completed!', 'Added', 'No old values', '1500-sathyanarayana reddy', 1, 0, 1, '2018-07-19 15:49:09'),
(82, ' Student attendance added successfully!', 'Added', 'No old values', '', 1, 2, 1, '2018-07-19 15:59:31'),
(83, ' Student attendance added successfully!', 'Added', 'No old values', '', 1, 2, 1, '2018-07-19 15:59:44'),
(84, ' Student attendance added successfully!', 'Added', 'No old values', '', 1, 2, 1, '2018-07-19 15:59:56'),
(85, ' Student attendance added successfully!', 'Added', 'No old values', '', 1, 2, 1, '2018-07-19 16:00:09'),
(86, ' Student attendance added successfully!', 'Added', 'No old values', '', 1, 2, 1, '2018-07-19 16:00:26'),
(87, ' Student attendance added successfully!', 'Added', 'No old values', '', 1, 2, 1, '2018-07-19 16:00:41'),
(88, ' Student attendance added successfully!', 'Added', 'No old values', '', 1, 2, 1, '2018-07-19 16:00:53'),
(89, ' Student attendance added successfully!', 'Added', 'No old values', '', 1, 2, 1, '2018-07-19 16:01:05'),
(90, ' Student attendance added successfully!', 'Added', 'No old values', '', 1, 2, 1, '2018-07-19 16:01:17'),
(91, ' Student attendance added successfully!', 'Added', 'No old values', '', 1, 2, 1, '2018-07-19 16:01:42'),
(92, ' Student attendance added successfully!', 'Added', 'No old values', '', 1, 2, 1, '2018-07-19 16:01:59'),
(93, ' Student attendance added successfully!', 'Added', 'No old values', '', 1, 2, 1, '2018-07-19 16:02:13'),
(94, ' Student attendance added successfully!', 'Added', 'No old values', '', 1, 2, 1, '2018-07-19 16:02:25'),
(95, ' Student attendance added successfully!', 'Added', 'No old values', '', 1, 2, 1, '2018-07-19 16:02:37'),
(96, ' Student attendance added successfully!', 'Added', 'No old values', '', 1, 2, 1, '2018-07-19 16:02:48'),
(97, ' Student attendance added successfully!', 'Added', 'No old values', '', 1, 2, 1, '2018-07-19 16:02:59'),
(98, ' Fee  added to class successfully!', 'Added', 'No old values', '250', 1, 2, 1, '2018-07-19 16:04:05'),
(99, 'Fee payment successfully completed!', 'Added', 'No old values', '250-Ganesh reddy', 1, 0, 1, '2018-07-19 16:06:25'),
(100, 'Fee payment successfully completed!', 'Added', 'No old values', '1500-Ganesh reddy', 1, 0, 1, '2018-07-19 16:07:06'),
(101, ' Events added successfully!', 'Added', 'No old values', '', 1, 2, 1, '2018-07-19 16:09:08'),
(102, ' Book added successfully!', 'Added', 'No old values', '', 1, 2, 1, '2018-07-19 16:11:49'),
(103, ' Student ReMarks added successfully!', 'Added', 'No old values', '', 1, 2, 1, '2018-07-19 16:13:54'),
(104, ' Student ReMarks added successfully!', 'Added', 'No old values', '', 1, 2, 1, '2018-07-19 16:14:56'),
(105, ' Student Assignment added successfully!', 'Added', 'No old values', '', 1, 2, 1, '2018-07-19 16:20:51'),
(106, 'Student details updated successfully!', 'Updated', '{"id":23,"user_login_id":67,"user_type_id":5,"first_name":"vikram","last_name":"reddy","email":"","contact_number":"9876543210","emergency_number":"9876543210","date_of_birth":"20-06-2013","mark_1":"a mole on the right arm middle finger","photo":"2018-07-19-14-15-17.jpg","present_address":"H no:1-54, vlg:Ravulpally,mon:Shankarpally,Rangareddy(dist),Telangana,501203","admission_number":"123456","academic_year_id":2,"class_id":1,"section_id":1,"roll_number":"01","gender":"Male","aadhaar_number":"012345677890","joined_date":"04-06-2018","student_type_id":2,"status":1,"created_user_id":1,"updated_user_id":0,"created_at":"2018-07-19 14:15:17","updated_at":"2018-07-19 14:15:17","class_section_id":3,"unique_id":"VIDS0001-S-1023","middle_name":"","father_name":"Sathyanarayana reddy","mother_name":"Shwetha","father_number":"9876543210","mother_number":"9876543210","permanent_address":"H no:1-54, vlg:Ravulpally,mon:Shankarpally,Rangareddy(dist),Telangana,501203","blood_group":"B-","religion":"Hindu","caste":"OC","nationality":"Indian","domicile":"Telangana","physical_handicapped":0,"siblings":0,"mark_2":"a mole on the left arm","hobbies":"playing cricket","view_rights":1,"edit_rights":0,"add_rights":0,"student_academic_year_id":2,"joined_class_id":1,"joined_section_id":1,"joined_roll_number":"01","route_id":0,"stop_id":0,"student_id":23,"promoted":0}', 'vikram', 1, 2, 1, '2018-07-19 16:26:43'),
(107, ' Staff attendance added successfully!', 'Added', 'No old values', '', 1, 2, 1, '2018-07-26 17:17:19'),
(108, 'Student details updated successfully!', 'Updated', '{"id":20,"user_login_id":47,"user_type_id":5,"first_name":"malla","last_name":"reddy","email":"mallareddy.g19@gmail.com","contact_number":"9876543210","emergency_number":"9876540321","date_of_birth":"20-06-2013","mark_1":"a mole on the left arm","photo":"2018-07-19-14-01-22.jpg","present_address":"H no:1-26;\\r\\nVillage: Fathepur;\\r\\nMandal:Shankar pally;\\r\\nDist: Ranga reddy;\\r\\nPin code : 501203;\\r\\nState: Telangana.\\r\\n\\r\\n\\r\\n\\r\\n","admission_number":"812142","academic_year_id":2,"class_id":2,"section_id":0,"roll_number":"8","gender":"Male","aadhaar_number":"987654321012","joined_date":"08-06-2017","student_type_id":3,"status":1,"created_user_id":1,"updated_user_id":1,"created_at":"2018-07-19 08:31:22","updated_at":"2018-07-19 14:01:22","class_section_id":14,"unique_id":"VIDS0001-S-1015","middle_name":"","father_name":"Ananth reddy","mother_name":"Deepika","father_number":"9876543210","mother_number":"9876543210","permanent_address":"H no:1-26;\\r\\nVillage: Fathepur;\\r\\nMandal:Shankar pally;\\r\\nDist: Ranga reddy;\\r\\nPin code : 501203;\\r\\nState: Telangana.","blood_group":"A","religion":"Hindhu","caste":"oc","nationality":"Indian","domicile":"Telangana","physical_handicapped":0,"siblings":0,"mark_2":"a mole on the right arm","hobbies":"","view_rights":1,"edit_rights":0,"add_rights":0,"student_academic_year_id":1,"joined_class_id":2,"joined_section_id":0,"joined_roll_number":"8","route_id":0,"stop_id":0,"student_id":15,"promoted":0}', 'malla', 1, 2, 1, '2018-07-28 02:39:46'),
(109, 'Student details updated successfully!', 'Updated', '{"id":20,"user_login_id":47,"user_type_id":5,"first_name":"malla","last_name":"reddy","email":"mallareddy.g19@gmail.com","contact_number":"9876543210","emergency_number":"9876540321","date_of_birth":"20-06-2013","mark_1":"a mole on the left arm","photo":"2018-07-19-14-01-22.jpg","present_address":"H no:1-26;\\r\\nVillage: Fathepur;\\r\\nMandal:Shankar pally;\\r\\nDist: Ranga reddy;\\r\\nPin code : 501203;\\r\\nState: Telangana.\\r\\n\\r\\n\\r\\n\\r\\n","admission_number":"812142","academic_year_id":2,"class_id":2,"section_id":0,"roll_number":"8","gender":"Male","aadhaar_number":"","joined_date":"08-06-2017","student_type_id":3,"status":1,"created_user_id":1,"updated_user_id":1,"created_at":"2018-07-28 02:39:46","updated_at":"2018-07-28 08:09:46","class_section_id":14,"unique_id":"VIDS0001-S-1015","middle_name":"","father_name":"Ananth reddy","mother_name":"Deepika","father_number":"9701404012","mother_number":"9701404012","permanent_address":"H no:1-26;\\r\\nVillage: Fathepur;\\r\\nMandal:Shankar pally;\\r\\nDist: Ranga reddy;\\r\\nPin code : 501203;\\r\\nState: Telangana.","blood_group":"A","religion":"Hindhu","caste":"oc","nationality":"Indian","domicile":"Telangana","physical_handicapped":0,"siblings":0,"mark_2":"a mole on the right arm","hobbies":"","view_rights":1,"edit_rights":0,"add_rights":0,"student_academic_year_id":1,"joined_class_id":2,"joined_section_id":0,"joined_roll_number":"8","route_id":0,"stop_id":0,"student_id":15,"promoted":0}', 'malla', 1, 2, 1, '2018-07-28 02:42:23'),
(110, 'Student details updated successfully!', 'Updated', '{"id":1,"user_login_id":13,"user_type_id":5,"first_name":"Sweetha ","last_name":"Reddy","email":"pvrvenkatreddy@gmail.com","contact_number":"9032562283","emergency_number":"9563263523","date_of_birth":"03-10-1993","mark_1":"Mole on Right Hand","photo":"2018-07-13-09-56-03.jpg","present_address":"Shankarpally","admission_number":"111222","academic_year_id":1,"class_id":1,"section_id":1,"roll_number":"10","gender":"Male","aadhaar_number":"865748165416","joined_date":"04-12-2017","student_type_id":3,"status":1,"created_user_id":1,"updated_user_id":1,"created_at":"2018-07-13 04:26:03","updated_at":"2018-07-13 09:56:03","class_section_id":1,"unique_id":"VIDS0001-S-1001","middle_name":"","father_name":"venkat reddy","mother_name":"kavitha reddy","father_number":"8974653241","mother_number":"9874865418","permanent_address":"Shankarpally","blood_group":"Ab+","religion":"Hindu","caste":"OC","nationality":"Indian","domicile":"Telangana","physical_handicapped":0,"siblings":0,"mark_2":"","hobbies":"Singing","view_rights":1,"edit_rights":0,"add_rights":0,"student_academic_year_id":1,"joined_class_id":1,"joined_section_id":1,"joined_roll_number":"10","route_id":0,"stop_id":0,"student_id":1,"promoted":1}', 'Sweetha ', 1, 1, 1, '2018-07-29 20:34:29'),
(111, 'Parent details updated successfully!', 'Updated', '{"id":1,"student_id":1,"parent_id":1,"user_type_id":7,"user_login_id":14,"mother_name":"kavitha reddy","father_name":"venkat reddy","mother_email":"Kavitha1234@gmail.com","mother_number":"9874865418","father_number":"8974653241","mother_education":"Degree","father_education":"Inter","address":"Shankarpally","academic_year_id":1,"status":1,"created_user_id":1,"updated_user_id":1,"created_at":"2018-07-13 04:26:27","updated_at":"2018-07-13 09:56:27","mother_photo":"2018-07-13-09-56-27","father_photo":"2018-07-13-09-56-27","father_email":"bharrathreddy@gmail.com","mother_occupation":"House Wife","father_occupation":"Teacher","family_income":"100000"}', 'venkat reddy', 1, 1, 1, '2018-07-29 20:34:41');

-- --------------------------------------------------------

--
-- Table structure for table `meter_readings`
--

CREATE TABLE IF NOT EXISTS `meter_readings` (
  `id` int(11) NOT NULL AUTO_INCREMENT,
  `vehicle_driver_id` int(11) NOT NULL,
  `reading` varchar(255) NOT NULL,
  `date` varchar(255) NOT NULL,
  `remarks` text NOT NULL,
  `status` int(3) NOT NULL DEFAULT '1',
  `academic_year_id` int(3) NOT NULL,
  `created_at` timestamp NOT NULL DEFAULT CURRENT_TIMESTAMP,
  `updated_at` timestamp NOT NULL DEFAULT '0000-00-00 00:00:00',
  `created_user_id` int(11) NOT NULL,
  `updated_user_id` int(11) NOT NULL,
  PRIMARY KEY (`id`)
) ENGINE=InnoDB  DEFAULT CHARSET=latin1 AUTO_INCREMENT=3 ;

--
-- Dumping data for table `meter_readings`
--

INSERT INTO `meter_readings` (`id`, `vehicle_driver_id`, `reading`, `date`, `remarks`, `status`, `academic_year_id`, `created_at`, `updated_at`, `created_user_id`, `updated_user_id`) VALUES
(1, 3, '54841111', '14-11-2017', 'No Remarks  ', 1, 1, '2018-01-18 14:35:00', '2018-01-25 16:03:36', 1, 0),
(2, 6, '89564', '19-07-2018', 'NA', 1, 2, '2018-07-19 21:04:09', '2018-07-19 21:04:09', 1, 0);

-- --------------------------------------------------------

--
-- Table structure for table `migrations`
--

CREATE TABLE IF NOT EXISTS `migrations` (
  `migration` varchar(255) COLLATE utf8_unicode_ci NOT NULL,
  `batch` int(11) NOT NULL
) ENGINE=InnoDB DEFAULT CHARSET=utf8 COLLATE=utf8_unicode_ci;

-- --------------------------------------------------------

--
-- Table structure for table `migration_students`
--

CREATE TABLE IF NOT EXISTS `migration_students` (
  `id` int(11) NOT NULL AUTO_INCREMENT,
  `from_class_section_id` int(11) NOT NULL,
  `students` varchar(255) NOT NULL,
  `to_class_section_id` int(11) NOT NULL,
  `status` int(3) NOT NULL DEFAULT '1',
  `created_user_id` int(11) NOT NULL,
  `updated_user_id` int(11) NOT NULL,
  `created_at` timestamp NOT NULL DEFAULT CURRENT_TIMESTAMP ON UPDATE CURRENT_TIMESTAMP,
  `updated_at` timestamp NOT NULL DEFAULT '0000-00-00 00:00:00',
  `from_class_id` int(11) NOT NULL,
  `from_section_id` int(11) NOT NULL,
  `to_class_id` int(11) NOT NULL,
  `to_section_id` int(11) NOT NULL,
  `academic_year_id` int(11) NOT NULL,
  `from_academic_year_id` int(11) NOT NULL,
  `to_academic_year_id` int(11) NOT NULL,
  PRIMARY KEY (`id`)
) ENGINE=InnoDB  DEFAULT CHARSET=latin1 AUTO_INCREMENT=5 ;

--
-- Dumping data for table `migration_students`
--

INSERT INTO `migration_students` (`id`, `from_class_section_id`, `students`, `to_class_section_id`, `status`, `created_user_id`, `updated_user_id`, `created_at`, `updated_at`, `from_class_id`, `from_section_id`, `to_class_id`, `to_section_id`, `academic_year_id`, `from_academic_year_id`, `to_academic_year_id`) VALUES
(1, 1, '1', 22, 1, 1, 0, '2018-01-20 16:24:21', '2018-01-20 16:24:21', 1, 1, 9, 1, 2, 1, 2),
(2, 1, '2', 22, 1, 1, 0, '2018-01-20 16:24:21', '2018-01-20 16:24:21', 1, 1, 9, 1, 2, 1, 2),
(3, 1, '3', 22, 1, 1, 0, '2018-01-20 16:24:21', '2018-01-20 16:24:21', 1, 1, 9, 1, 2, 1, 2),
(4, 1, '15', 14, 1, 1, 0, '2018-02-04 04:28:48', '2018-02-04 04:28:48', 1, 1, 2, 0, 1, 1, 2);

-- --------------------------------------------------------

--
-- Table structure for table `modules`
--

CREATE TABLE IF NOT EXISTS `modules` (
  `id` int(11) NOT NULL AUTO_INCREMENT,
  `module` varchar(255) NOT NULL,
  `rank` int(11) NOT NULL,
  `image` varchar(255) NOT NULL,
  `link` varchar(255) NOT NULL,
  `academic_year_id` int(11) NOT NULL,
  `status` int(11) NOT NULL DEFAULT '1',
  `created_user_id` int(11) NOT NULL,
  `updated_user_id` int(11) DEFAULT NULL,
  `created_at` timestamp NOT NULL DEFAULT CURRENT_TIMESTAMP ON UPDATE CURRENT_TIMESTAMP,
  `updated_at` timestamp NULL DEFAULT NULL,
  PRIMARY KEY (`id`)
) ENGINE=InnoDB  DEFAULT CHARSET=latin1 AUTO_INCREMENT=40 ;

--
-- Dumping data for table `modules`
--

INSERT INTO `modules` (`id`, `module`, `rank`, `image`, `link`, `academic_year_id`, `status`, `created_user_id`, `updated_user_id`, `created_at`, `updated_at`) VALUES
(1, 'Classes', 2, 'fa fa-book', 'view-classes', 1, 1, 1, 2, '2017-06-30 14:22:07', '2017-06-30 19:52:07'),
(2, 'Staff', 3, 'fa fa-user', 'view-staff', 1, 1, 1, 2, '2017-06-30 14:22:31', '2017-06-30 19:52:31'),
(3, 'Settings', 50, 'fa fa-cog', 'view-academic-years', 1, 1, 1, 1, '2017-07-05 14:23:01', '2017-06-19 11:59:02'),
(4, 'Logs', 51, 'fa fa-history', 'log-history', 1, 1, 1, 1, '2017-07-05 14:23:11', '2017-06-19 11:58:35'),
(5, 'Dashboard', 1, 'fa fa-home', 'admin-dashboard', 1, 1, 1, 1, '2018-01-25 10:48:38', '2018-01-25 16:18:38'),
(6, 'Users', 49, 'fa fa-users', 'view-user', 1, 1, 1, 1, '2017-07-05 14:23:55', '2017-06-24 06:24:42'),
(7, 'Fees', 6, 'fa fa-rupee', 'view-fee-types', 1, 1, 1, NULL, '2017-06-28 15:17:40', '2017-06-24 06:43:05'),
(8, 'Students', 4, 'fa fa-users', 'view-students', 1, 1, 2, 2, '2017-06-30 14:21:15', '2017-06-30 19:51:15'),
(9, 'Transport', 7, 'fa fa-bus', 'view-vehicle-types', 1, 1, 2, 2, '2017-07-05 14:25:17', '2017-06-27 22:34:46'),
(10, 'Exams', 5, 'fa fa-book', 'view-exams', 1, 1, 2, 2, '2017-07-05 14:24:45', '2017-07-03 20:58:44'),
(11, 'Expenses', 8, 'fa fa-rupee', 'view-expenses', 1, 1, 2, NULL, '2017-07-05 14:26:59', '2017-07-05 19:47:39'),
(12, 'Inventory', 9, 'fa fa-file', 'view-product-quantities', 1, 1, 2, 1, '2017-07-28 13:19:06', '2017-07-28 18:49:06'),
(13, 'Events', 13, 'fa fa-file-image-o', 'view-events', 1, 1, 2, 1, '2017-07-27 12:01:51', '2017-07-27 17:31:51'),
(14, 'Payments', 10, 'fa fa-rupee', 'payment-history-institute', 1, 1, 2, 1, '2017-07-28 13:17:43', '2017-07-28 18:47:43'),
(15, 'Marks', 14, 'fa fa-bar-chart', 'view-students-marks', 1, 1, 2, 2, '2017-07-13 02:22:17', '2017-07-13 07:52:17'),
(16, 'Library', 15, 'fa fa-file', 'view-books', 1, 1, 2, NULL, '2017-07-13 00:36:19', '2017-07-13 00:36:19'),
(17, 'Remarks', 16, 'fa fa-comment', 'view-students-remarks', 1, 1, 1, NULL, '2017-07-13 11:51:25', '2017-07-13 11:51:25'),
(18, 'Assignments', 17, 'fa fa-inbox', 'view-class-assignments', 1, 1, 1, 1, '2017-07-13 06:26:22', '2017-07-13 11:56:22'),
(19, 'Reports', 18, 'fa fa-line-chart', 'view-institute-classes', 1, 1, 1, NULL, '2017-07-17 20:06:14', '2017-07-17 20:06:14'),
(20, 'Balance Sheet', 20, 'fa fa-rupee', 'balance-sheet-payments-academic-years', 1, 1, 1, 1, '2017-07-19 19:24:34', '2017-07-20 00:54:34'),
(21, 'Media', 21, 'fa fa-image', 'view-gallery', 1, 1, 1, 1, '2018-01-30 08:02:35', '2018-01-30 13:32:35'),
(22, 'My Profile', 11, 'fa fa-user', 'view-staff-profile', 1, 1, 1, 1, '2017-07-27 12:06:33', '2017-07-27 17:36:33'),
(23, 'My  profile', 12, 'fa fa-user', 'view-student-profile', 1, 1, 1, 1, '2017-07-27 12:06:56', '2017-07-27 17:36:56'),
(24, 'Institute timings', 19, 'fa fa-calendar-check-o ', 'view-institute-timings', 1, 1, 1, 1, '2017-07-27 11:55:35', '2017-07-27 17:25:35'),
(25, 'Institute holidays', 22, 'fa fa-compass', 'view-institute-holidays', 1, 1, 1, 1, '2017-07-27 11:58:43', '2017-07-27 17:28:43'),
(26, 'View staff', 23, 'fa fa-users', 'view-staffs', 1, 1, 1, NULL, '2017-07-26 19:44:36', '2017-07-26 19:44:36'),
(27, 'View Students', 24, 'fa fa-user', 'view-institutes-student', 1, 1, 1, 1, '2017-07-27 12:05:55', '2017-07-27 17:35:55'),
(28, 'View Routes', 25, 'fa fa-bus', 'view-vehicles-routes', 1, 1, 1, NULL, '2017-07-26 21:26:59', '2017-07-26 21:26:59'),
(29, 'Student Attendance', 30, 'fa fa-calendar', 'staff-view-students-attendance', 1, 1, 1, 1, '2017-07-28 06:49:39', '2017-07-28 12:19:39'),
(30, 'Student Marks', 35, 'fa fa-pencil', 'staff-view-students-marks', 1, 1, 1, 1, '2017-07-28 06:52:40', '2017-07-28 12:22:40'),
(31, 'Student Remarks', 38, 'fa fa-edit', 'staff-view-students-remarks', 1, 1, 1, NULL, '2017-07-28 12:15:06', '2017-07-28 12:15:06'),
(32, 'Student Assignments', 39, 'fa fa-book', 'staff-view-class-assignments', 1, 1, 1, NULL, '2017-07-28 12:16:00', '2017-07-28 12:16:00'),
(33, 'My books', 41, 'fa fa-book', 'student-books', 1, 1, 1, NULL, '2017-07-28 14:13:56', '2017-07-28 14:13:56'),
(34, 'Transport students', 42, 'fa fa-bus', 'driver-route-students', 1, 1, 1, NULL, '2017-07-28 14:48:45', '2017-07-28 14:48:45'),
(35, 'My stops', 45, 'fa fa-stop', 'driver-my-stops', 1, 1, 1, NULL, '2017-07-28 15:52:35', '2017-07-28 15:52:35'),
(36, 'Sent Messages', 46, 'fa fa-envelope-o', 'view-messages', 1, 1, 1, 1, '2017-07-28 12:54:52', '2017-07-28 18:24:52'),
(37, 'Messages', 47, 'fa fa-envelope', 'admin-view-messages', 1, 1, 1, 1, '2017-07-28 12:54:07', '2017-07-28 18:24:07'),
(38, 'Migration', 36, 'fa fa-arrow-right', 'classes-migration', 1, 1, 1, 1, '2017-08-08 02:22:48', '2017-08-08 07:52:48'),
(39, 'SMS', 26, 'fa fa-edit', 'sms-sent', 1, 1, 1, 1, '2018-02-16 04:07:54', '2018-02-16 09:37:54');

-- --------------------------------------------------------

--
-- Table structure for table `months`
--

CREATE TABLE IF NOT EXISTS `months` (
  `id` int(11) NOT NULL AUTO_INCREMENT,
  `month` varchar(50) NOT NULL,
  `work_days` int(11) NOT NULL,
  PRIMARY KEY (`id`)
) ENGINE=InnoDB  DEFAULT CHARSET=latin1 AUTO_INCREMENT=13 ;

--
-- Dumping data for table `months`
--

INSERT INTO `months` (`id`, `month`, `work_days`) VALUES
(1, 'January', 31),
(2, 'February', 28),
(3, 'March', 31),
(4, 'April', 30),
(5, 'May', 31),
(6, 'June', 30),
(7, 'July', 31),
(8, 'August', 31),
(9, 'September', 30),
(10, 'October', 31),
(11, 'November', 30),
(12, 'December', 31);

-- --------------------------------------------------------

--
-- Table structure for table `parent_details`
--

CREATE TABLE IF NOT EXISTS `parent_details` (
  `id` int(11) NOT NULL AUTO_INCREMENT,
  `student_id` int(11) NOT NULL,
  `parent_id` int(11) NOT NULL,
  `user_type_id` int(11) NOT NULL,
  `user_login_id` int(11) NOT NULL,
  `mother_name` varchar(255) NOT NULL,
  `father_name` varchar(255) NOT NULL,
  `mother_email` varchar(255) NOT NULL,
  `mother_number` varchar(20) NOT NULL,
  `father_number` varchar(20) NOT NULL,
  `mother_education` varchar(255) NOT NULL,
  `father_education` varchar(255) NOT NULL,
  `address` text NOT NULL,
  `academic_year_id` int(11) NOT NULL,
  `status` int(3) NOT NULL DEFAULT '1',
  `created_user_id` int(11) NOT NULL,
  `updated_user_id` int(11) NOT NULL,
  `created_at` timestamp NOT NULL DEFAULT CURRENT_TIMESTAMP ON UPDATE CURRENT_TIMESTAMP,
  `updated_at` timestamp NOT NULL DEFAULT '0000-00-00 00:00:00',
  `mother_photo` varchar(255) NOT NULL,
  `father_photo` varchar(255) NOT NULL,
  `father_email` varchar(255) NOT NULL,
  `mother_occupation` varchar(255) NOT NULL,
  `father_occupation` varchar(255) NOT NULL,
  `family_income` varchar(255) NOT NULL,
  PRIMARY KEY (`id`)
) ENGINE=InnoDB  DEFAULT CHARSET=latin1 AUTO_INCREMENT=29 ;

--
-- Dumping data for table `parent_details`
--

INSERT INTO `parent_details` (`id`, `student_id`, `parent_id`, `user_type_id`, `user_login_id`, `mother_name`, `father_name`, `mother_email`, `mother_number`, `father_number`, `mother_education`, `father_education`, `address`, `academic_year_id`, `status`, `created_user_id`, `updated_user_id`, `created_at`, `updated_at`, `mother_photo`, `father_photo`, `father_email`, `mother_occupation`, `father_occupation`, `family_income`) VALUES
(1, 1, 1, 7, 14, 'kavitha reddy', 'venkat reddy', 'praveenreddy5333@gmail.com', '9874865418', '8974653241', 'Degree', 'Inter', 'Shankarpally', 1, 1, 1, 1, '2018-07-29 20:34:41', '2018-07-30 02:04:41', '2018-07-13-09-56-27', '2018-07-13-09-56-27', 'praveenreddy5333@gmail.com', 'House Wife', 'Teacher', '100000'),
(2, 2, 2, 7, 16, 'Vasantha', 'Bopal', '', '8646532416', '8567416532', '', '', 'Lingampally', 1, 1, 1, 0, '2017-12-19 15:32:59', '2017-12-19 15:32:59', '2017-12-19-15-32-59-7.JPG', '2017-12-19-15-32-59-9.jpg', '', '', 'Self Business', '150000'),
(3, 3, 3, 7, 18, 'Shamala', 'Rukkaya', '', '9874653215', '9865545419', 'Inter', '', 'Mokila', 1, 1, 1, 0, '2017-12-19 15:49:43', '2017-12-19 15:49:43', '2017-12-19-15-49-42-images (23).jpg', '2017-12-19-15-49-42-images (54).jpg', 'Rukkaya@gmail.com', '', 'Business', '200000'),
(4, 4, 4, 7, 20, 'Lakshmi', 'Vittal', '', '8967465341', '8798548574', '', '', 'Shankarpally', 1, 1, 1, 1, '2018-01-24 10:22:18', '2018-01-24 15:52:18', '2017-12-19-15-57-01-t1.jpg', '2017-12-19-15-57-01-staff1.jpg', 'gghjh@gmail.com', '', 'Teacher', '140000'),
(5, 5, 5, 7, 22, 'Shobha', 'Janardhan', '', '8746532186', '8774654151', '', '', 'Mokila', 1, 1, 1, 0, '2017-12-19 16:03:57', '2017-12-19 16:03:57', '2017-12-19-16-03-57-images (34).jpg', '2017-12-19-16-03-57-images (47).jpg', '', '', 'Business', '200000'),
(6, 6, 6, 7, 24, 'jayamma', 'laxma reddy', '', '', '4255687989', '', '', 'hameedulla nagar', 1, 1, 1, 1, '2018-01-08 11:35:48', '2018-01-08 17:05:48', '2018-01-08-17-05-48-staff3.jpg', '2018-01-08-17-05-48-d9.jpg', '', '', 'farmer', '1500000'),
(7, 7, 7, 7, 28, 'dfghj', 'xcv', 'ghbnk@gmail.com', '4986541534', '8654986536', 'rtk', 'dfghjk', 'dfdghgfd', 1, 1, 1, 1, '2018-01-24 10:16:15', '2018-01-24 15:46:15', '2018-01-08-12-04-55-7.JPG', '2018-01-08-12-04-55-5.JPG', 'Mallareddy@gmail.com', 'rtyuil;', 'cdfnghsdfb', '258888'),
(8, 8, 8, 7, 37, 'Swetha Reddy', 'Venkatreddy', '', '9874651651', '8746532489', 'Degree', '', 'Lingampally', 1, 1, 1, 1, '2018-01-23 10:29:43', '2018-01-23 15:59:43', '2018-01-18-12-25-02-images (15).jpg', '2018-01-18-12-25-02-images (21).jpg', 'bharrathreddy.com@gmail.com', 'House Maker ', 'Software', '800000'),
(9, 9, 9, 7, 39, 'Kavitha', 'Venkatreddy', '', '9874653241', '7984515324', 'Tenth', 'Inter', 'Lingampally', 1, 1, 1, 0, '2018-01-19 11:59:36', '2018-01-19 11:59:36', '2018-01-19-11-59-36', '2018-01-19-11-59-36', 'Venkatreddy@gmail.com', 'House wife', 'Agriculture ', '250000'),
(10, 10, 10, 7, 41, 'Anasuya', 'Venkatreddy', '', '9874513746', '9874654964', '', 'Inter', 'Shankarpally', 1, 1, 1, 0, '2018-01-20 10:01:46', '2018-01-20 10:01:46', '2018-01-20-10-01-46', '2018-01-20-10-01-46', '', '', 'Self employee ', '250000'),
(11, 11, 11, 7, 46, 'Sathyamma', 'Sagar', '', '', '9897486549', '', '', 'fyu', 1, 1, 1, 1, '2018-01-20 09:32:54', '2018-01-20 15:02:54', '2018-01-20-15-02-54', '2018-01-20-14-56-14', '', '', 'sghj', '42838383'),
(12, 12, 1, 7, 14, 'Kavitha', 'Venkatreddt', '', '9874865418', '8974653241', 'Degree', 'Inter', 'Shankarpally', 2, 1, 1, 0, '2018-01-20 16:24:21', '2018-01-20 16:24:21', '2017-12-19-15-19-28-images (36).jpg', '2018-01-17-08-34-40-bharath.jpg', '', '', 'Teacher', '100000'),
(13, 13, 2, 7, 16, 'Vasantha', 'Bopal', '', '8646532416', '8567416532', '', '', 'Lingampally', 2, 1, 1, 0, '2018-01-20 16:24:21', '2018-01-20 16:24:21', '2017-12-19-15-32-59-7.JPG', '2017-12-19-15-32-59-9.jpg', '', '', 'Self Business', '150000'),
(14, 14, 3, 7, 18, 'Shamala', 'Rukkaya', '', '9874653215', '9865545419', 'Inter', '', 'Mokila', 2, 1, 1, 0, '2018-01-20 16:24:21', '2018-01-20 16:24:21', '2017-12-19-15-49-42-images (23).jpg', '2017-12-19-15-49-42-images (54).jpg', 'Rukkaya@gmail.com', '', 'Business', '200000'),
(15, 15, 15, 7, 48, 'Deepika', 'Venkat reddy', 'deepika@gmail.com', '9876543212', '9876543211', 'Inter', 'Degree', 'H no:1-26;\r\nVillage: Fathepur;\r\nMandal:Shankar pally;\r\nDist: Ranga reddy;\r\nPin code : 501203;\r\nState: Telangana.\r\n\r\n\r\n\r\n', 1, 1, 1, 1, '2018-02-22 06:43:26', '2018-02-22 12:13:26', '', '2018-01-23-12-59-06', 'ganesh@gmail.com', 'Houewife', 'former', '350000'),
(16, 16, 16, 7, 50, 'Kanchana', 'Somi Reddy', 'Kanchana@gmail.com', '8987416532', '9874132415', '10 th', 'Inter', 'Lingamoally, hgfg', 1, 1, 1, 1, '2018-01-24 06:56:10', '2018-01-24 12:26:10', '2018-01-24-10-50-09', '2018-01-24-10-50-09', 'Somireddy@gmail.com', 'House Wife', 'Self Employee ', '250000'),
(17, 17, 17, 7, 53, 'Basavatarakamma', 'Senior NTR ', '', '9874165346', '8565635963', '', 'Inter', 'ghrghtjkkj', 1, 1, 1, 1, '2018-01-29 04:33:39', '2018-01-29 10:03:39', '2018-01-24-14-22-06', '2018-01-24-14-22-06', 'pvrvenkatreddy@gmail.com', '', 'Teacher', '5454613'),
(18, 18, 18, 7, 56, 'adasdgfghj', 'gghghj', 'dssfgh@gmail.com', '9865416534', '9784516532', 'sdfghjkk', 'dgthj', 'fghhjjghjb ', 1, 1, 1, 1, '2018-01-29 05:01:56', '2018-01-29 10:31:56', '2018-01-24-16-21-06', '2018-01-24-16-21-06', 'hjgkjhjklk@gmail.com', 'wretrytuyu', 'wertyui', '853863'),
(19, 19, 19, 7, 58, 'Kalpana', 'Ramesh reddy', 'kalpana@gmail.com', '9000628062', '1234567890', 'SSC', 'Degree', 'Ravulpally kalaan', 1, 1, 1, 1, '2018-01-30 10:28:49', '2018-01-30 15:58:49', '', '', 'rameshreddy@gmail.com', 'House wife', 'Former', '320000'),
(20, 20, 15, 7, 48, 'deepika', 'ganesh reddy', 'deepika@gmail.com', '9876543210', '9876543210', 'Inter', 'Degree', 'H no:1-26;\r\nvillage: fathepur;\r\nmondal:shankar pally;\r\ndist: ranga reddy;\r\npin num : 501203;\r\nstate: telangana.\r\n\r\n\r\n\r\n', 2, 1, 1, 0, '2018-02-04 04:28:48', '2018-02-04 04:28:48', '', '2018-01-23-12-59-06', 'ganesh@gmail.com', 'Houewife', 'former', '350000'),
(21, 22, 21, 7, 61, 'Lakshmi', 'Suresh', '', '9754175185', '8889641842', '', '', 'Hyderabad', 1, 1, 1, 0, '2018-04-12 12:01:50', '2018-04-12 12:01:50', '', '', '', '', 'Farmer', '100000'),
(22, 12, 22, 7, 62, 'Kavitha', 'Venkatreddt', '', '9874865418', '8974653241', '', '', 'Shankarpally', 2, 1, 1, 0, '2018-07-13 09:24:22', '2018-07-13 09:24:22', '', '', '', '', 'teacher', '180000'),
(23, 12, 23, 7, 63, 'Kavitha', 'Venkatreddt', '', '9874865418', '8974653241', '', '', 'Shankarpally', 2, 1, 1, 0, '2018-07-13 09:30:40', '2018-07-13 09:30:40', '', '', '', '', 'teacher', '180000'),
(24, 12, 24, 7, 64, 'Kavitha', 'Venkatreddt', '', '9874865418', '8974653241', '', '', 'Shankarpally', 2, 1, 1, 0, '2018-07-13 09:31:33', '2018-07-13 09:31:33', '2018-07-13-09-31-33', '2018-07-13-09-31-33', '', '', 'teacher', '180000'),
(25, 12, 25, 7, 65, 'Kavitha', 'Venkatreddy', '', '9874865418', '8974653241', 'Inter', 'Degree', 'Shankarpally', 2, 1, 1, 0, '2018-07-19 13:55:06', '2018-07-19 13:55:06', '2018-07-19-13-55-06', '2018-07-19-13-55-06', '', '', 'Job', '350000'),
(26, 20, 26, 7, 66, 'Deepika', 'Ananth reddy', '', '9876543210', '9876543210', 'SSC', 'Inter', 'H no:1-26;\r\nVillage: Fathepur;\r\nMandal:Shankar pally;\r\nDist: Ranga reddy;\r\nPin code : 501203;\r\nState: Telangana.\r\n\r\n\r\n\r\n', 2, 1, 1, 0, '2018-07-19 14:03:07', '2018-07-19 14:03:07', '2018-07-19-14-03-07', '2018-07-19-14-03-07', '', '', 'Former', '320000'),
(27, 23, 27, 7, 68, 'Shwetha', 'Sathyanarayana reddy', '', '9876543210', '9876543210', 'SSC', 'Inter', 'H no:1-54, vlg:Ravulpally,mon:Shankarpally,Rangareddy(dist),Telangana,501203', 2, 1, 1, 0, '2018-07-19 14:16:58', '2018-07-19 14:16:58', '2018-07-19-14-16-58', '2018-07-19-14-16-58', '', 'House wife', 'Former', '350000'),
(28, 24, 28, 7, 70, 'Soumya', 'Ganesh reddy', '', '9876543210', '9876543210', 'SSC', 'Inter', 'H.No:4-66/89, vlg:Shankarpally,MON:Shankarpally,Rangareddy(dist),Telangana,501203.', 2, 1, 1, 0, '2018-07-19 14:28:56', '2018-07-19 14:28:56', '2018-07-19-14-28-56', '2018-07-19-14-28-56', '', 'House wife', 'Buisness', '450000');

-- --------------------------------------------------------

--
-- Table structure for table `parent_messages`
--

CREATE TABLE IF NOT EXISTS `parent_messages` (
  `id` int(11) NOT NULL AUTO_INCREMENT,
  `student_id` int(11) NOT NULL,
  `parent_id` int(11) NOT NULL,
  `message` text NOT NULL,
  `academic_year_id` int(11) NOT NULL,
  `status` int(3) NOT NULL DEFAULT '1',
  `created_user_id` int(11) NOT NULL,
  `updated_user_id` int(11) NOT NULL,
  `created_at` timestamp NOT NULL DEFAULT CURRENT_TIMESTAMP ON UPDATE CURRENT_TIMESTAMP,
  `updated_at` timestamp NOT NULL DEFAULT '0000-00-00 00:00:00',
  `subject` varchar(255) NOT NULL,
  PRIMARY KEY (`id`)
) ENGINE=InnoDB  DEFAULT CHARSET=latin1 AUTO_INCREMENT=17 ;

--
-- Dumping data for table `parent_messages`
--

INSERT INTO `parent_messages` (`id`, `student_id`, `parent_id`, `message`, `academic_year_id`, `status`, `created_user_id`, `updated_user_id`, `created_at`, `updated_at`, `subject`) VALUES
(1, 5, 5, 'Send my son Summative assessment II Marks', 1, 0, 22, 22, '2017-12-20 11:36:10', '2017-12-20 17:06:10', 'Marks'),
(2, 5, 5, 'Send My daughter attendance for this Month (November)', 1, 0, 22, 22, '2018-01-08 10:58:31', '2018-01-08 16:28:31', 'Attendance'),
(3, 1, 1, 'Send my child exam results', 1, 0, 14, 0, '2018-01-08 09:28:12', '2018-01-08 14:58:12', 'Exam results'),
(4, 3, 3, 'Hi, sir,   My name is Rukkaya. I want to know my  Daughter Exam results ', 1, 0, 18, 0, '2018-01-17 08:34:18', '2018-01-17 14:04:18', 'Student information'),
(5, 3, 3, 'Hi, sir, I''m Waiting for your response ', 1, 0, 18, 0, '2018-01-18 10:12:25', '2018-01-18 15:42:25', 'Student Infromation'),
(6, 1, 1, 'Hi, sir, I''m the father of sweetha , I want to know my daughter Attendance of this month', 1, 0, 14, 0, '2018-01-18 10:12:21', '2018-01-18 15:42:21', 'Student Attendance'),
(7, 2, 2, 'I want to know my Daughter fee status ', 1, 0, 16, 0, '2018-01-11 03:18:00', '2018-01-11 08:48:00', 'Fee status '),
(8, 8, 8, 'Send Republic day event photos', 1, 0, 37, 0, '2018-01-18 09:43:30', '2018-01-18 15:13:30', 'Event photos'),
(9, 8, 8, 'Send my daughter half yearly exam results ', 1, 0, 37, 0, '2018-01-18 10:08:12', '2018-01-18 15:38:12', 'exam results'),
(15, 4, 4, 'Bhdkdbdkxh hrkdkkdbfnd gejjdd', 1, 1, 20, 0, '2018-03-09 07:34:08', '0000-00-00 00:00:00', 'Vbmxmd gfkofkd jjdkbd'),
(16, 22, 21, 'Marks', 1, 1, 61, 0, '2018-04-12 12:28:42', '2018-04-12 12:28:42', 'Ragrding  Marks');

-- --------------------------------------------------------

--
-- Table structure for table `payments`
--

CREATE TABLE IF NOT EXISTS `payments` (
  `payment_id` int(11) NOT NULL AUTO_INCREMENT,
  `receipt_no` int(11) NOT NULL,
  `fee_id` int(11) NOT NULL,
  `student_id` int(11) NOT NULL,
  `payed_amount` varchar(20) NOT NULL,
  `academic_year_id` int(11) NOT NULL,
  `active` int(3) NOT NULL DEFAULT '1',
  `created_user_id` int(11) NOT NULL,
  `updated_user_id` int(11) NOT NULL,
  `created_at` timestamp NOT NULL DEFAULT CURRENT_TIMESTAMP,
  `updated_at` timestamp NULL DEFAULT NULL,
  PRIMARY KEY (`payment_id`)
) ENGINE=InnoDB DEFAULT CHARSET=latin1 AUTO_INCREMENT=1 ;

-- --------------------------------------------------------

--
-- Table structure for table `payment_records`
--

CREATE TABLE IF NOT EXISTS `payment_records` (
  `id` int(11) NOT NULL AUTO_INCREMENT,
  `payment_id` int(11) NOT NULL,
  `fee_id` int(11) NOT NULL,
  `student_id` int(11) NOT NULL,
  `payment_date` date NOT NULL,
  `paid_amount` varchar(255) NOT NULL,
  `paid_by` varchar(255) NOT NULL,
  `created_at` timestamp NOT NULL DEFAULT CURRENT_TIMESTAMP,
  `updated_at` timestamp NOT NULL DEFAULT '0000-00-00 00:00:00',
  `created_user_id` int(11) NOT NULL,
  `updated_user_id` int(11) NOT NULL,
  `academic_year_id` int(11) NOT NULL,
  `status` int(11) NOT NULL DEFAULT '1',
  `received_by` varchar(255) NOT NULL,
  `class_section_id` int(11) NOT NULL,
  `receipt_number` varchar(255) NOT NULL,
  `payment_mode` varchar(255) NOT NULL,
  `payment_details` text NOT NULL,
  PRIMARY KEY (`id`)
) ENGINE=InnoDB  DEFAULT CHARSET=latin1 AUTO_INCREMENT=35 ;

--
-- Dumping data for table `payment_records`
--

INSERT INTO `payment_records` (`id`, `payment_id`, `fee_id`, `student_id`, `payment_date`, `paid_amount`, `paid_by`, `created_at`, `updated_at`, `created_user_id`, `updated_user_id`, `academic_year_id`, `status`, `received_by`, `class_section_id`, `receipt_number`, `payment_mode`, `payment_details`) VALUES
(1, 0, 3, 1, '2017-12-20', '3000', 'Venkat', '2017-12-20 08:44:47', '2017-12-20 08:44:47', 1, 0, 1, 1, '', 1, 'VIDS0001-P-1 20171220', 'Cash', 'Tuition fee'),
(2, 0, 4, 1, '2017-12-20', '500', 'Venkat', '2017-12-20 08:45:16', '2017-12-20 08:45:16', 1, 0, 1, 1, '', 1, 'VIDS0001-P-2 20171220', 'Cash', 'Exam fee'),
(3, 0, 4, 2, '2017-12-20', '500', 'Venkat', '2017-12-20 08:46:12', '2017-12-20 08:46:12', 1, 0, 1, 1, '', 1, 'VIDS0001-P-3 20171220', 'Cash', 'Exam fee'),
(4, 0, 5, 2, '2017-12-20', '1500', 'Venkat', '2017-12-20 08:46:38', '2017-12-20 08:46:38', 1, 0, 1, 1, '', 1, 'VIDS0001-P-4 20171220', 'Online transfer', 'Books fee'),
(5, 0, 3, 4, '2017-12-28', '100', 'praveen', '2017-12-28 06:27:13', '2017-12-28 06:27:13', 1, 0, 1, 1, '', 2, 'VIDS0001-P-5 20171228', 'Cash', 'test'),
(6, 0, 3, 4, '2018-01-08', '5200', 'venkat', '2018-01-08 15:31:59', '2018-01-08 15:31:59', 1, 0, 1, 1, '', 2, 'VIDS0001-P-6 20180108', 'Credit Card', 'tyghk'),
(7, 0, 4, 4, '2018-01-08', '500', 'hfghlk', '2018-01-08 15:32:56', '2018-01-08 15:32:56', 1, 0, 1, 1, '', 2, 'VIDS0001-P-7 20180108', '', ''),
(8, 0, 5, 4, '2018-01-08', '1500', 'jhj', '2018-01-08 15:36:03', '2018-01-08 15:36:03', 1, 0, 1, 1, '', 2, 'VIDS0001-P-8 20180108', '', ''),
(9, 0, 3, 8, '2018-01-18', '10000', 'venkat', '2018-01-18 12:57:12', '2018-01-18 12:57:12', 1, 0, 1, 1, '', 9, 'VIDS0001-P-9 20180118', 'Cash', 'Tuition fee'),
(10, 0, 5, 8, '2018-01-18', '5000', 'Venkat', '2018-01-18 12:57:44', '2018-01-18 12:57:44', 1, 0, 1, 1, '', 9, 'VIDS0001-P-10 20180118', 'Cash', 'Books fee'),
(11, 0, 6, 8, '2018-01-19', '1500', 'venkat', '2018-01-19 11:03:12', '2018-01-19 11:03:12', 31, 0, 1, 1, '', 9, 'VIDS0001-P-11 20180119', 'Cheque', 'Extra ...\r\n'),
(12, 0, 3, 8, '2018-01-19', '1000', 'venkat', '2018-01-19 15:18:33', '2018-01-19 15:18:33', 31, 0, 1, 1, '', 9, 'VIDS0001-P-12 20180119', 'Demand draft', 'djfhguljm'),
(13, 0, 4, 8, '2018-01-19', '2000', 'venkat', '2018-01-19 15:19:46', '2018-01-19 15:19:46', 31, 0, 1, 1, '', 9, 'VIDS0001-P-13 20180119', 'Cash', 'nnnnnnn'),
(14, 0, 1, 10, '2018-01-20', '2000', 'venkat', '2018-01-20 12:17:00', '2018-01-20 12:17:00', 31, 0, 1, 1, '', 8, 'VIDS0001-P-14 20180120', 'Credit Card', 'gfgfgukj'),
(15, 0, 1, 8, '2018-01-20', '1000', 'Venkat', '2018-01-20 15:15:08', '2018-01-20 15:15:08', 44, 0, 1, 1, '', 9, 'VIDS0001-P-15 20180120', 'Demand draft', 'werty'),
(16, 0, 2, 6, '2018-01-23', '15000', 'venkat', '2018-01-23 12:13:40', '2018-01-23 12:13:40', 1, 0, 1, 1, '', 4, 'VIDS0001-P-16 20180123', 'Debit Card', 'werty'),
(17, 0, 3, 15, '2018-01-23', '7200', 'ganesh reddy', '2018-01-23 14:51:10', '2018-01-23 14:51:10', 1, 0, 1, 1, '', 1, 'VIDS0001-P-17 20180123', 'Cash', 'ttution fee'),
(18, 0, 4, 15, '2018-01-23', '450', 'Ganesh reddy', '2018-01-23 16:56:46', '2018-01-23 16:56:46', 1, 0, 1, 1, '', 1, 'VIDS0001-P-18 20180123', 'Cheque', 'exam fees'),
(19, 0, 2, 16, '2018-01-24', '9000', 'Venkatreddy', '2018-01-24 12:19:43', '2018-01-24 12:19:43', 1, 0, 1, 1, '', 12, 'VIDS0001-P-19 20180124', 'Cash', 'ertyu'),
(20, 0, 5, 16, '2018-01-24', '3000', 'Venkatreddy', '2018-01-24 14:00:08', '2018-01-24 14:00:08', 1, 0, 1, 1, '', 12, 'VIDS0001-P-20 20180124', 'Online transfer', 'wewrtyt'),
(21, 0, 3, 7, '2018-01-24', '2000', 'sfdgfgh', '2018-01-24 15:48:13', '2018-01-24 15:48:13', 1, 0, 1, 1, '', 4, 'VIDS0001-P-21 20180124', '', 'asdfghj'),
(22, 0, 3, 18, '2018-01-24', '4522', 'SDSDHKJ', '2018-01-24 16:29:14', '2018-01-24 16:29:14', 1, 0, 1, 1, '', 2, 'VIDS0001-P-22 20180124', 'Online transfer', 'WRETYUI'),
(23, 0, 3, 3, '2018-01-30', '5000', 'bharath reddy', '2018-01-30 15:18:29', '2018-01-30 15:18:29', 1, 0, 1, 1, '', 1, 'VIDS0001-P-23 20180130', 'Cash', 'some fee'),
(24, 0, 3, 19, '2018-01-30', '4000', 'Ramesh reddy', '2018-01-30 16:31:26', '2018-01-30 16:31:26', 1, 0, 1, 1, '', 2, 'VIDS0001-P-24 20180130', 'Cash', '123456'),
(25, 0, 4, 19, '2018-01-30', '475', 'xyz', '2018-01-30 16:31:59', '2018-01-30 16:31:59', 1, 0, 1, 1, '', 2, 'VIDS0001-P-25 20180130', 'Cheque', 'dfghj'),
(26, 0, 5, 19, '2018-01-30', '1420', 'nmo', '2018-01-30 16:32:34', '2018-01-30 16:32:34', 1, 0, 1, 1, '', 2, 'VIDS0001-P-26 20180130', 'Credit Card', 'sfrr5eeue'),
(27, 0, 3, 1, '2018-01-30', '900', 'kjh', '2018-01-30 16:33:51', '2018-01-30 16:33:51', 1, 0, 1, 1, '', 1, 'VIDS0001-P-27 20180130', 'Online transfer', 'jhgf'),
(28, 0, 3, 1, '2018-02-17', '123', 'bharath', '2018-02-17 11:17:07', '2018-02-17 11:17:07', 1, 0, 1, 1, '', 1, 'VIDS0001-P-28 20180217', 'Cheque', 'cvfghj'),
(29, 0, 3, 5, '2018-02-18', '5400', 'father', '2018-02-18 14:19:30', '2018-02-18 14:19:30', 1, 0, 1, 1, '', 2, 'VIDS0001-P-29 20180218', 'Cash', 'paid'),
(30, 0, 3, 23, '2018-07-19', '3000', 'sathyanarayana reddy', '2018-07-19 21:18:15', '2018-07-19 21:18:15', 1, 0, 2, 1, '', 3, 'VIDS0001-P-30 20180719', 'Cash', 'FEE'),
(31, 0, 4, 23, '2018-07-19', '500', 'sathyanarayana reddy', '2018-07-19 21:18:43', '2018-07-19 21:18:43', 1, 0, 2, 1, '', 3, 'VIDS0001-P-31 20180719', 'Cash', 'Exam fee'),
(32, 0, 5, 23, '2018-07-19', '1500', 'sathyanarayana reddy', '2018-07-19 21:19:09', '2018-07-19 21:19:09', 1, 0, 2, 1, '', 3, 'VIDS0001-P-32 20180719', 'Cash', 'Book fee'),
(33, 0, 4, 24, '2018-07-19', '250', 'Ganesh reddy', '2018-07-19 21:36:25', '2018-07-19 21:36:25', 1, 0, 2, 1, '', 13, 'VIDS0001-P-33 20180719', 'Cash', 'NA'),
(34, 0, 1, 24, '2018-07-19', '1500', 'Ganesh reddy', '2018-07-19 21:37:06', '2018-07-19 21:37:06', 1, 0, 2, 1, '', 13, 'VIDS0001-P-34 20180719', 'Credit Card', 'NA');

-- --------------------------------------------------------

--
-- Table structure for table `percentages`
--

CREATE TABLE IF NOT EXISTS `percentages` (
  `id` int(11) NOT NULL AUTO_INCREMENT,
  `percentage_from` int(11) NOT NULL,
  `percentage_to` int(11) NOT NULL,
  `created_at` timestamp NOT NULL DEFAULT CURRENT_TIMESTAMP ON UPDATE CURRENT_TIMESTAMP,
  `updated_at` timestamp NOT NULL DEFAULT '0000-00-00 00:00:00',
  `status` varchar(255) NOT NULL DEFAULT '1',
  `created_user_id` int(11) NOT NULL,
  `updated_user_id` int(11) NOT NULL,
  `academic_year_id` int(11) NOT NULL,
  PRIMARY KEY (`id`)
) ENGINE=InnoDB  DEFAULT CHARSET=latin1 ROW_FORMAT=COMPACT AUTO_INCREMENT=11 ;

--
-- Dumping data for table `percentages`
--

INSERT INTO `percentages` (`id`, `percentage_from`, `percentage_to`, `created_at`, `updated_at`, `status`, `created_user_id`, `updated_user_id`, `academic_year_id`) VALUES
(1, 0, 9, '2017-07-14 20:36:55', '2017-07-14 20:36:55', '1', 1, 0, 1),
(2, 10, 20, '2017-07-14 20:37:03', '2017-07-14 20:37:03', '1', 1, 0, 1),
(3, 21, 30, '2017-07-14 20:37:11', '2017-07-14 20:37:11', '1', 1, 0, 1),
(4, 31, 40, '2017-07-14 20:37:18', '2017-07-14 20:37:18', '1', 1, 0, 1),
(5, 41, 50, '2017-07-14 20:37:27', '2017-07-14 20:37:27', '1', 1, 0, 1),
(6, 51, 60, '2017-07-14 20:37:41', '2017-07-14 20:37:41', '1', 1, 0, 1),
(7, 61, 70, '2017-07-14 20:37:49', '2017-07-14 20:37:49', '1', 1, 0, 1),
(8, 71, 80, '2017-07-14 20:37:57', '2017-07-14 20:37:57', '1', 1, 0, 1),
(9, 81, 90, '2017-07-14 20:38:05', '2017-07-14 20:38:05', '1', 1, 0, 1),
(10, 91, 100, '2018-01-25 10:53:39', '2018-01-25 16:23:39', '1', 1, 0, 1);

-- --------------------------------------------------------

--
-- Table structure for table `products`
--

CREATE TABLE IF NOT EXISTS `products` (
  `id` int(11) NOT NULL AUTO_INCREMENT,
  `title` varchar(255) NOT NULL,
  `status` int(11) NOT NULL DEFAULT '1',
  `academic_year_id` int(11) NOT NULL,
  `created_at` timestamp NOT NULL DEFAULT CURRENT_TIMESTAMP,
  `updated_at` timestamp NOT NULL DEFAULT '0000-00-00 00:00:00',
  `created_user_id` int(11) NOT NULL,
  `updated_user_id` int(11) NOT NULL,
  PRIMARY KEY (`id`)
) ENGINE=InnoDB  DEFAULT CHARSET=latin1 AUTO_INCREMENT=4 ;

--
-- Dumping data for table `products`
--

INSERT INTO `products` (`id`, `title`, `status`, `academic_year_id`, `created_at`, `updated_at`, `created_user_id`, `updated_user_id`) VALUES
(1, 'Books', 1, 1, '2017-12-19 17:56:13', '2017-12-19 17:56:13', 1, 0),
(2, 'Tables ', 1, 1, '2017-12-19 17:56:37', '2017-12-19 17:56:37', 1, 0),
(3, 'chairs ', 1, 1, '2018-01-08 13:11:44', '2018-01-30 17:12:36', 31, 0);

-- --------------------------------------------------------

--
-- Table structure for table `product_quantities`
--

CREATE TABLE IF NOT EXISTS `product_quantities` (
  `id` int(11) NOT NULL AUTO_INCREMENT,
  `product_id` int(11) NOT NULL,
  `total_quantity` varchar(255) NOT NULL,
  `each_quantity_price` varchar(255) NOT NULL,
  `total_price` varchar(255) NOT NULL,
  `product_description` text NOT NULL,
  `status` int(3) NOT NULL DEFAULT '1',
  `academic_year_id` int(4) NOT NULL,
  `created_at` timestamp NOT NULL DEFAULT CURRENT_TIMESTAMP,
  `updated_at` timestamp NOT NULL DEFAULT '0000-00-00 00:00:00',
  `created_user_id` int(11) NOT NULL,
  `updated_user_id` int(11) NOT NULL,
  PRIMARY KEY (`id`)
) ENGINE=InnoDB  DEFAULT CHARSET=latin1 AUTO_INCREMENT=2 ;

--
-- Dumping data for table `product_quantities`
--

INSERT INTO `product_quantities` (`id`, `product_id`, `total_quantity`, `each_quantity_price`, `total_price`, `product_description`, `status`, `academic_year_id`, `created_at`, `updated_at`, `created_user_id`, `updated_user_id`) VALUES
(1, 1, '235', '565', '132775', 'edrtyuio', 1, 1, '2018-01-25 15:58:55', '2018-01-30 17:11:27', 1, 0);

-- --------------------------------------------------------

--
-- Table structure for table `return_books`
--

CREATE TABLE IF NOT EXISTS `return_books` (
  `id` int(11) NOT NULL AUTO_INCREMENT,
  `assign_book_id` int(11) NOT NULL,
  `fine` varchar(255) NOT NULL,
  `late_by` varchar(255) NOT NULL,
  `fine_per_day` varchar(255) NOT NULL,
  `status` int(3) NOT NULL DEFAULT '1',
  `academic_year_id` int(11) NOT NULL,
  `created_at` timestamp NOT NULL DEFAULT CURRENT_TIMESTAMP,
  `updated_at` timestamp NOT NULL DEFAULT '0000-00-00 00:00:00',
  `created_user_id` int(11) NOT NULL,
  `updated_user_id` int(11) NOT NULL,
  PRIMARY KEY (`id`)
) ENGINE=InnoDB  DEFAULT CHARSET=latin1 AUTO_INCREMENT=10 ;

--
-- Dumping data for table `return_books`
--

INSERT INTO `return_books` (`id`, `assign_book_id`, `fine`, `late_by`, `fine_per_day`, `status`, `academic_year_id`, `created_at`, `updated_at`, `created_user_id`, `updated_user_id`) VALUES
(1, 1, '0', '0', '', 1, 1, '2017-12-20 09:19:19', '2017-12-20 09:19:19', 1, 0),
(2, 2, '0', '0', '2', 1, 1, '2017-12-20 17:18:10', '2017-12-20 17:18:10', 1, 0),
(3, 5, '30', '3', '10', 1, 1, '2018-01-23 16:11:56', '2018-01-23 16:11:56', 1, 0),
(4, 3, '120', '6', '20', 1, 1, '2018-01-24 16:41:00', '2018-01-24 16:41:00', 1, 0),
(5, 4, '0', '0', '10', 1, 1, '2018-01-24 16:41:42', '2018-01-24 16:41:42', 1, 0),
(6, 12, '0', '0', '0', 1, 1, '2018-02-02 16:03:38', '2018-02-02 16:03:38', 1, 0),
(7, 10, 'NaN', '0', '25', 1, 1, '2018-02-02 16:16:58', '2018-02-02 16:16:58', 1, 0),
(8, 8, '50', '2', '25', 1, 1, '2018-02-02 16:19:12', '2018-02-02 16:19:12', 1, 0),
(9, 6, '70', '70', '1', 1, 1, '2018-04-12 13:32:19', '2018-04-12 13:32:19', 1, 0);

-- --------------------------------------------------------

--
-- Table structure for table `route_stops`
--

CREATE TABLE IF NOT EXISTS `route_stops` (
  `id` int(11) NOT NULL AUTO_INCREMENT,
  `route_id` int(11) NOT NULL,
  `stop_name` varchar(255) NOT NULL,
  `stop_latitude` varchar(255) NOT NULL,
  `stop_longitude` varchar(255) NOT NULL,
  `status` int(11) NOT NULL DEFAULT '1',
  `academic_year_id` int(11) NOT NULL,
  `created_at` timestamp NOT NULL DEFAULT CURRENT_TIMESTAMP,
  `updated_at` timestamp NOT NULL DEFAULT '0000-00-00 00:00:00',
  `created_user_id` int(11) NOT NULL,
  `updated_user_id` int(11) NOT NULL,
  `pickup_time` varchar(255) NOT NULL,
  `drop_time` varchar(255) NOT NULL,
  `stop_address` text NOT NULL,
  PRIMARY KEY (`id`)
) ENGINE=InnoDB  DEFAULT CHARSET=latin1 AUTO_INCREMENT=8 ;

--
-- Dumping data for table `route_stops`
--

INSERT INTO `route_stops` (`id`, `route_id`, `stop_name`, `stop_latitude`, `stop_longitude`, `status`, `academic_year_id`, `created_at`, `updated_at`, `created_user_id`, `updated_user_id`, `pickup_time`, `drop_time`, `stop_address`) VALUES
(1, 2, 'Bhulkapur', '17.439940', '78.158581', 1, 1, '2017-12-19 15:06:58', '2017-12-19 15:06:58', 1, 0, '8:15 AM', '4:15 PM', 'Bulkapuram '),
(2, 2, 'Kondakal', '17.447163', '78.191737', 1, 1, '2017-12-19 15:09:22', '2017-12-19 15:09:22', 1, 0, '8:30 AM', '5:30 PM', 'Kondakal'),
(3, 2, 'Mokila', '17.418648', '78.222105', 1, 1, '2017-12-19 15:10:43', '2017-12-19 15:10:43', 1, 0, '8:45 AM', '5:45 PM', 'Mokila'),
(4, 1, 'Bus stand', '685465468532', '6874615315', 1, 1, '2018-01-08 11:51:00', '2018-01-08 11:51:00', 1, 0, '8:00 AM', '5:00 PM', 'Shankarpally Bus stop'),
(5, 4, 'Yelvarthi', '355755', '142252535', 1, 1, '2018-01-18 14:32:14', '2018-01-23 11:03:26', 1, 0, '8:15 AM', '4:30 PM', 'Yelvarthi'),
(6, 4, 'Tangatur', '45253535', '53533535', 1, 1, '2018-01-18 14:33:37', '2018-01-25 16:02:50', 1, 0, '8:45 AM', '4:45 PM', 'Tangatur Village '),
(7, 3, 'Shamshabad', '17.25116', '78.43773490000001', 1, 1, '2018-04-12 12:19:49', '2018-04-12 12:19:49', 1, 0, '6:30 AM', '6:00 PM', 'Near hospital,beside petrolpump');

-- --------------------------------------------------------

--
-- Table structure for table `schedule_exams`
--

CREATE TABLE IF NOT EXISTS `schedule_exams` (
  `id` int(11) NOT NULL AUTO_INCREMENT,
  `exam_id` int(11) NOT NULL,
  `class_section_id` int(11) NOT NULL,
  `class_id` int(11) NOT NULL,
  `section_id` int(11) NOT NULL,
  `subject_id` int(11) NOT NULL,
  `exams_start_time` varchar(255) NOT NULL,
  `exams_end_time` varchar(255) NOT NULL,
  `exam_duration` varchar(255) NOT NULL,
  `max_marks` varchar(255) NOT NULL,
  `pass_marks` varchar(255) NOT NULL,
  `exam_syllabus` varchar(255) NOT NULL,
  `status` int(11) NOT NULL DEFAULT '1',
  `academic_year_id` int(11) NOT NULL,
  `created_at` timestamp NOT NULL DEFAULT CURRENT_TIMESTAMP,
  `updated_at` timestamp NOT NULL DEFAULT '0000-00-00 00:00:00',
  `created_user_id` int(11) NOT NULL,
  `updated_user_id` int(11) NOT NULL,
  `exam_date` varchar(255) NOT NULL,
  PRIMARY KEY (`id`)
) ENGINE=InnoDB  DEFAULT CHARSET=latin1 AUTO_INCREMENT=28 ;

--
-- Dumping data for table `schedule_exams`
--

INSERT INTO `schedule_exams` (`id`, `exam_id`, `class_section_id`, `class_id`, `section_id`, `subject_id`, `exams_start_time`, `exams_end_time`, `exam_duration`, `max_marks`, `pass_marks`, `exam_syllabus`, `status`, `academic_year_id`, `created_at`, `updated_at`, `created_user_id`, `updated_user_id`, `exam_date`) VALUES
(1, 2, 1, 1, 1, 1, '9:00 AM', '12:00 PM', '3 hrs.00  mins.', '100', '40', 'Telugu', 1, 1, '2017-12-20 08:32:48', '2017-12-20 08:32:48', 1, 0, '25-12-2017'),
(2, 2, 1, 1, 1, 2, '9:00 AM', '12:00 PM', '3 hrs.00  mins.', '100', '40', 'Hindi', 1, 1, '2017-12-20 08:33:33', '2017-12-20 08:33:33', 1, 0, '26-12-2017'),
(3, 2, 1, 1, 1, 3, '9:00 AM', '12:00 PM', '3 hrs.00  mins.', '100', '40', 'English', 1, 1, '2017-12-20 08:34:21', '2017-12-20 08:34:21', 1, 0, '27-12-2017'),
(4, 2, 1, 1, 1, 4, '9:00 AM', '12:00 PM', '3 hrs.00  mins.', '100', '40', 'Maths', 1, 1, '2017-12-20 08:35:06', '2017-12-20 08:35:06', 1, 0, '28-12-2017'),
(5, 2, 1, 1, 1, 5, '9:00 AM', '12:00 PM', '3 hrs.00  mins.', '100', '40', 'Science', 1, 1, '2017-12-20 08:35:53', '2017-12-20 08:35:53', 1, 0, '29-12-2017'),
(6, 2, 1, 1, 1, 6, '9:00 AM', '12:00 PM', '3 hrs.00  mins.', '100', '40', 'Social', 1, 1, '2017-12-20 08:36:51', '2017-12-20 08:36:51', 1, 0, '02-01-2018'),
(7, 3, 4, 3, 2, 1, '3:15 PM', '3:45 PM', '0 hrs.30  mins.', '99', '35', '', 1, 1, '2017-12-30 01:32:21', '2017-12-30 01:32:21', 1, 0, '25-12-2017'),
(8, 3, 2, 2, 0, 6, '9:00 AM', '12:00 PM', '3 hrs.00  mins.', '100', '40', 'social', 1, 1, '2018-01-08 11:26:11', '2018-01-08 11:26:11', 1, 0, '04-01-2018'),
(10, 2, 2, 2, 0, 1, '9:00 AM', '12:00 PM', '3 hrs.00  mins.', '100', '40', 'Telugu', 0, 1, '2018-01-17 11:09:32', '2018-01-17 11:15:57', 1, 0, '02-01-2018'),
(11, 2, 2, 2, 0, 2, '9:00 AM', '12:00 PM', '3 hrs.00  mins.', '100', '40', 'Hindi', 0, 1, '2018-01-17 11:10:21', '2018-01-17 11:15:48', 1, 0, '03-01-2018'),
(12, 2, 2, 2, 0, 3, '9:00 AM', '12:00 PM', '3 hrs.00  mins.', '100', '40', 'English', 1, 1, '2018-01-17 11:11:20', '2018-01-18 10:27:38', 1, 0, '04-01-2018'),
(13, 2, 2, 2, 0, 4, '9:00 AM', '12:00 PM', '3 hrs.00  mins.', '100', '40', 'Maths', 1, 1, '2018-01-17 11:12:27', '2018-01-18 14:21:42', 1, 0, '05-01-2018'),
(14, 2, 2, 2, 0, 5, '9:00 AM', '12:00 PM', '3 hrs.00  mins.', '100', '40', 'Science', 1, 1, '2018-01-17 11:13:29', '2018-01-18 14:21:31', 1, 0, '06-01-2018'),
(15, 2, 2, 2, 0, 6, '9:00 AM', '12:00 PM', '3 hrs.00  mins.', '100', '40', 'Social', 1, 1, '2018-01-17 11:14:23', '2018-01-18 14:21:23', 1, 0, '09-01-2018'),
(16, 1, 9, 7, 2, 1, '9:00 AM', '12:00 PM', '3 hrs.00  mins.', '100', '40', 'Telugu', 1, 1, '2018-01-18 13:10:07', '2018-01-18 14:20:19', 1, 0, '02-01-2018'),
(17, 1, 9, 7, 2, 2, '9:00 AM', '12:00 PM', '3 hrs.00  mins.', '100', '40', 'Hindi', 1, 1, '2018-01-18 13:10:49', '2018-01-18 13:10:49', 1, 0, '03-01-2018'),
(18, 1, 9, 7, 2, 3, '9:15 AM', '12:00 PM', '2 hrs.45  mins.', '100', '40', 'English', 1, 1, '2018-01-18 13:11:31', '2018-01-18 13:11:31', 1, 0, '08-01-2018'),
(19, 1, 9, 7, 2, 4, '9:00 AM', '12:00 PM', '3 hrs.00  mins.', '100', '40', 'Maths', 1, 1, '2018-01-18 13:12:10', '2018-01-18 13:12:10', 1, 0, '04-01-2018'),
(20, 1, 9, 7, 2, 5, '9:00 AM', '12:00 PM', '3 hrs.00  mins.', '100', '40', 'Science', 1, 1, '2018-01-18 13:13:01', '2018-01-18 13:13:01', 1, 0, '05-01-2018'),
(21, 1, 9, 7, 2, 6, '9:00 AM', '12:00 PM', '3 hrs.00  mins.', '100', '40', 'Social', 1, 1, '2018-01-18 13:13:41', '2018-01-18 13:13:41', 1, 0, '06-01-2018'),
(22, 4, 1, 1, 1, 1, '9:00 AM', '12:00 PM', '3 hrs.00  mins.', '100', '40', 'Telugu', 1, 1, '2018-01-19 15:48:58', '2018-01-19 15:48:58', 1, 0, '02-01-2018'),
(23, 4, 1, 1, 1, 2, '9:00 AM', '12:00 PM', '3 hrs.00  mins.', '100', '40', 'Hindi', 1, 1, '2018-01-19 15:49:39', '2018-01-23 11:06:55', 1, 0, '03-01-2018'),
(24, 4, 1, 1, 1, 3, '9:00 AM', '12:00 PM', '3 hrs.00  mins.', '100', '40', 'English', 1, 1, '2018-01-19 15:50:24', '2018-01-19 15:50:24', 1, 0, '04-01-2018'),
(25, 4, 1, 1, 1, 4, '9:00 AM', '12:00 PM', '3 hrs.00  mins.', '100', '40', 'Maths', 1, 1, '2018-01-19 15:51:12', '2018-01-19 15:51:12', 1, 0, '05-01-2018'),
(26, 4, 1, 1, 1, 5, '9:00 AM', '12:00 PM', '3 hrs.00  mins.', '100', '40', 'Science', 1, 1, '2018-01-20 15:48:11', '2018-01-30 16:46:27', 1, 0, '06-01-2018'),
(27, 2, 6, 4, 2, 1, '1:30 PM', '4:30 PM', '3 hrs.00  mins.', '100', '25', 'First and 3 rd units', 1, 1, '2018-04-12 12:23:37', '2018-04-12 12:23:37', 1, 0, '09-04-2018');

-- --------------------------------------------------------

--
-- Table structure for table `sections`
--

CREATE TABLE IF NOT EXISTS `sections` (
  `id` int(11) NOT NULL AUTO_INCREMENT,
  `section_name` varchar(255) NOT NULL,
  `academic_year_id` int(11) NOT NULL,
  `status` int(11) NOT NULL DEFAULT '1',
  `created_user_id` int(11) NOT NULL,
  `updated_user_id` int(11) NOT NULL,
  `created_at` timestamp NOT NULL DEFAULT CURRENT_TIMESTAMP,
  `updated_at` timestamp NULL DEFAULT NULL,
  PRIMARY KEY (`id`)
) ENGINE=InnoDB  DEFAULT CHARSET=latin1 AUTO_INCREMENT=5 ;

--
-- Dumping data for table `sections`
--

INSERT INTO `sections` (`id`, `section_name`, `academic_year_id`, `status`, `created_user_id`, `updated_user_id`, `created_at`, `updated_at`) VALUES
(1, 'A', 1, 1, 1, 0, '2017-12-19 11:52:37', '2017-12-19 11:52:37'),
(2, 'B', 1, 1, 1, 0, '2017-12-19 11:52:47', '2017-12-19 11:52:47'),
(3, 'C', 1, 1, 1, 1, '2018-01-18 10:30:13', '2018-01-24 11:40:09'),
(4, 'D', 1, 1, 1, 0, '2018-01-24 11:40:27', '2018-07-12 20:40:55');

-- --------------------------------------------------------

--
-- Table structure for table `sent_messages`
--

CREATE TABLE IF NOT EXISTS `sent_messages` (
  `id` int(11) NOT NULL AUTO_INCREMENT,
  `message` text NOT NULL,
  `message_count` int(11) NOT NULL,
  `created_at` timestamp NOT NULL DEFAULT CURRENT_TIMESTAMP,
  `updated_at` timestamp NOT NULL DEFAULT '0000-00-00 00:00:00',
  `created_user_id` int(11) NOT NULL,
  `updated_user_id` int(11) NOT NULL,
  `academic_year_id` int(11) NOT NULL,
  PRIMARY KEY (`id`)
) ENGINE=InnoDB  DEFAULT CHARSET=latin1 AUTO_INCREMENT=5 ;

--
-- Dumping data for table `sent_messages`
--

INSERT INTO `sent_messages` (`id`, `message`, `message_count`, `created_at`, `updated_at`, `created_user_id`, `updated_user_id`, `academic_year_id`) VALUES
(1, 'Hi Sir', 2, '2018-04-12 13:49:06', '2018-04-12 13:49:06', 1, 0, 1),
(2, 'We need testing users', 2, '2018-07-12 18:36:40', '2018-07-12 18:36:40', 1, 0, 1),
(3, 'I am testing sms', 1, '2018-07-28 08:10:52', '2018-07-28 08:10:52', 1, 0, 2),
(4, 'testing sms', 1, '2018-07-28 08:12:41', '2018-07-28 08:12:41', 1, 0, 2);

-- --------------------------------------------------------

--
-- Table structure for table `settings_check`
--

CREATE TABLE IF NOT EXISTS `settings_check` (
  `settings_check_id` int(11) NOT NULL AUTO_INCREMENT,
  `acadamic_year_id` int(11) NOT NULL,
  `set_institute_details` int(11) NOT NULL,
  `set_fee_details` int(11) NOT NULL,
  `created_user_id` int(11) NOT NULL,
  `updated_user_id` int(11) NOT NULL,
  `created_at` timestamp NOT NULL DEFAULT CURRENT_TIMESTAMP ON UPDATE CURRENT_TIMESTAMP,
  `updated_at` timestamp NULL DEFAULT NULL,
  PRIMARY KEY (`settings_check_id`)
) ENGINE=InnoDB DEFAULT CHARSET=latin1 AUTO_INCREMENT=1 ;

-- --------------------------------------------------------

--
-- Table structure for table `staff`
--

CREATE TABLE IF NOT EXISTS `staff` (
  `id` int(11) NOT NULL AUTO_INCREMENT,
  `staff_id` int(11) NOT NULL,
  `migrated` int(11) NOT NULL,
  `user_login_id` int(11) NOT NULL,
  `user_type_id` int(11) NOT NULL DEFAULT '6',
  `employee_id` varchar(50) NOT NULL,
  `first_name` varchar(255) NOT NULL,
  `middle_name` varchar(255) NOT NULL,
  `last_name` varchar(255) NOT NULL,
  `email` varchar(255) NOT NULL,
  `contact_number` varchar(20) NOT NULL,
  `emergency_number` varchar(20) NOT NULL,
  `staff_department_id` int(11) NOT NULL,
  `emp_designation` varchar(50) NOT NULL,
  `photo` varchar(255) NOT NULL,
  `address` text NOT NULL,
  `date_of_birth` varchar(255) NOT NULL,
  `joined_date` varchar(255) NOT NULL,
  `experience` varchar(50) NOT NULL,
  `academic_year_id` int(11) NOT NULL,
  `status` int(11) NOT NULL DEFAULT '1',
  `staff_type_id` int(11) NOT NULL,
  `add_rights` int(11) NOT NULL,
  `edit_rights` int(11) NOT NULL,
  `view_rights` int(11) NOT NULL,
  `delete_rights` int(11) NOT NULL,
  `created_user_id` int(11) NOT NULL,
  `updated_user_id` int(11) NOT NULL,
  `created_at` timestamp NOT NULL DEFAULT CURRENT_TIMESTAMP ON UPDATE CURRENT_TIMESTAMP,
  `updated_at` timestamp NOT NULL DEFAULT '0000-00-00 00:00:00',
  `basic_salary` varchar(255) NOT NULL,
  `incentives` varchar(255) NOT NULL,
  `other_salary` varchar(255) NOT NULL,
  `salary_cuttings` varchar(255) NOT NULL,
  `total_salary` varchar(255) NOT NULL,
  `aadhaar_number` varchar(255) NOT NULL,
  `father_name` varchar(255) NOT NULL,
  `father_number` varchar(255) NOT NULL,
  `present_address` text NOT NULL,
  `permanent_address` text NOT NULL,
  `gender` varchar(255) NOT NULL,
  `blood_group` varchar(255) NOT NULL,
  `religion` varchar(255) NOT NULL,
  `caste` varchar(255) NOT NULL,
  `nationality` varchar(255) NOT NULL,
  `marital_status` varchar(255) NOT NULL,
  `spouse_name` varchar(255) NOT NULL,
  `occupation` varchar(255) NOT NULL,
  `child_number` varchar(255) NOT NULL,
  `domicile` varchar(255) NOT NULL,
  `staff_unique_id` varchar(255) NOT NULL,
  PRIMARY KEY (`id`)
) ENGINE=InnoDB  DEFAULT CHARSET=latin1 AUTO_INCREMENT=39 ;

--
-- Dumping data for table `staff`
--

INSERT INTO `staff` (`id`, `staff_id`, `migrated`, `user_login_id`, `user_type_id`, `employee_id`, `first_name`, `middle_name`, `last_name`, `email`, `contact_number`, `emergency_number`, `staff_department_id`, `emp_designation`, `photo`, `address`, `date_of_birth`, `joined_date`, `experience`, `academic_year_id`, `status`, `staff_type_id`, `add_rights`, `edit_rights`, `view_rights`, `delete_rights`, `created_user_id`, `updated_user_id`, `created_at`, `updated_at`, `basic_salary`, `incentives`, `other_salary`, `salary_cuttings`, `total_salary`, `aadhaar_number`, `father_name`, `father_number`, `present_address`, `permanent_address`, `gender`, `blood_group`, `religion`, `caste`, `nationality`, `marital_status`, `spouse_name`, `occupation`, `child_number`, `domicile`, `staff_unique_id`) VALUES
(1, 1, 1, 2, 4, '1001', 'Malla', '', 'Reddy', 'bharrathreddy@gmail.com', '9256529999', '8954541541', 6, 'Class Teacher', '2018-07-13-11-11-28.jpg', '', '12-05-1990', '01-12-2017', '5 years', 1, 1, 1, 1, 1, 1, 1, 1, 0, '2018-07-13 05:41:28', '2018-07-13 11:11:28', '15000', '0', '0', '0', '15000', '574132416532', 'Ananth Reddy', '8764615426', 'Shankarpally', 'Shankarpally', 'Male', 'A+', 'Hindu', 'oc', 'Indian', 'Single', '', 'Teacher', '', 'Telangana', 'VIDS0001-E-1001'),
(2, 2, 1, 3, 4, '1002', 'Anand', '', 'Kumar', 'anandkumar@gmail.com', '9864161650', '9865461532', 2, 'Teacher', '2017-12-19-12-35-09-d7.jpg', '', '10-10-1990', '02-12-2017', '2 years', 1, 1, 1, 1, 1, 1, 1, 1, 0, '2018-01-31 09:46:17', '2018-01-31 15:16:17', '21000', '0', '0', '0', '21000', '986541532153', 'Tagore', '8974131020', 'patancheru', 'patancheru', 'Male', 'A', 'hindu', 'Bc', 'Indian', 'Single', '', '', '', 'Telangana', 'VIDS0001-E-1002'),
(3, 3, 1, 4, 4, '1003', 'Ganesh', '', 'Reddy', 'Ganesh@gmail.com', '9568354213', '9532202054', 3, 'Teacher', '2017-12-19-12-39-28-d9.jpg', '', '10-12-1889', '06-12-2017', '2 years', 1, 1, 1, 1, 1, 1, 1, 1, 0, '2018-01-17 09:06:43', '2018-01-17 14:36:43', '20000', '0', '0', '0', '20000', '456854235235', 'achari', '9867416321', 'kondapur', 'kondapur', 'Male', 'Ab-', 'Hindu', 'Oc', 'Indian', 'Single', '', '', '', '', 'VIDS0001-E-1003'),
(4, 4, 1, 5, 4, '1004', 'Suresh', '', 'Kumary', 'Sureshkumay@gmail.com', '8784523874', '5635412352', 4, 'Teacher', '2017-12-19-12-50-31-s5.jpg', '', '03-02-1896', '04-12-2017', '3 years', 1, 1, 1, 1, 1, 1, 1, 1, 0, '2018-01-17 09:06:43', '2018-01-17 14:36:43', '18000', '0', '0', '0', '18000', '984103200320', 'Maneyya', '8654153205', 'Hyderabad', 'Hyderabad', 'Female', 'AB +', 'Hindu', 'Bc', 'Indian', 'Married', 'Ganesh', 'Teacher', '', 'Telangana', 'VIDS0001-E-1004'),
(5, 5, 1, 6, 4, '1005', 'Harish', '', 'Reddy', 'Harish@gmail.com', '9865461534', '9867413216', 5, '', '2017-12-19-12-55-51-d10.jpg', '', '25-01-1987', '18-12-2017', '2 years', 1, 1, 1, 1, 1, 1, 1, 1, 0, '2018-01-17 09:06:43', '2018-01-17 14:36:43', '23000', '0', '0', '0', '23000', '987416524189', 'Ananad', '9874615321', 'Manikonda', 'Manikonda', 'Male', '', '', '', 'Indian', 'Single', '', '', '', '', 'VIDS0001-E-1005'),
(6, 6, 1, 7, 4, '10006', 'Sujanya', '', 'Parankusham', 'Sujanyafghnm@gmail.com', '9874986524', '9864165321', 6, 'Teacher', '2017-12-19-13-03-18-srilatha.jpg', '', '10-10-1990', '05-12-2017', '5 years', 1, 1, 1, 1, 1, 1, 1, 1, 0, '2018-01-22 11:53:02', '2018-01-22 17:23:02', '20000', '0', '0', '0', '20000', '532165431653', 'Amarendhar', '8986451305', 'Manikonda', 'Manikonda', 'Female', 'Ab+', '', '', 'Indian', 'Married', 'Naresh', '', '', '', 'VIDS0001-E-1006'),
(7, 7, 1, 8, 6, '1007', 'Rajesh', '', 'Kumar', 'Rajesh@gmail.com', '9862636326', '9841653216', 8, 'Driver', '2018-07-13-11-12-11.jpg', '', '23-12-1986', '14-11-2017', '5 Years', 1, 1, 2, 1, 1, 1, 1, 1, 0, '2018-07-13 05:42:11', '2018-07-13 11:12:11', '16000', '0', '0', '0', '16000', '321687546153', 'Naresh', '9874165321', 'Manikonda', 'Manikonda', 'Male', 'A+', 'Hindi', 'oc', 'India', 'Married', 'Lakshmi', 'job', '2', 'Telangana', 'VIDS0001-E-1007'),
(8, 8, 1, 9, 6, '1008', 'Srikanth', '', 'Reddy', 'Srikanth@gmail.com', '9874865321', '9876461532', 8, '', '2017-12-19-14-12-58-s2.jpg', '', '21-12-1990', '04-12-2017', '2 years', 1, 1, 2, 1, 1, 1, 1, 1, 0, '2018-01-17 09:06:43', '2018-01-17 14:36:43', '24000', '0', '0', '0', '24000', '218414154415', 'Manik reddy', '8894515415', 'Lingampally', 'Lingampally', 'Male', 'o+', '', '', 'Indian', 'Single', '', '', '', '', 'VIDS0001-E-1008'),
(9, 9, 1, 10, 8, '1009', 'Madhan', '', 'Gopal', 'Madhan@gmail.com', '9874865418', '9856741653', 7, '', '2018-07-13-11-12-55.jpg', '', '25-05-1898', '12-12-2017', '3 years', 1, 1, 2, 1, 1, 1, 1, 1, 0, '2018-07-13 05:42:55', '2018-07-13 11:12:55', '24000', '0', '0', '0', '24000', '426498651498', 'Rakesh', '8746153416', 'Manikonda', 'Manikonda', 'Male', '', '', '', 'Indian', 'Single', 'Samantha', '', '2', 'Telangana', 'VIDS0001-E-1009'),
(10, 10, 1, 11, 3, '1010', 'Gopalreddy', '', 'Patlolla', 'Gopalreddy@gmail.com', '8574165421', '9874865315', 9, '', '2018-07-13-11-13-39.jpg', '', '27-04-1990', '14-11-2017', '2 years', 1, 1, 2, 1, 1, 1, 1, 1, 0, '2018-07-13 05:43:39', '2018-07-13 11:13:39', '24000', '0', '0', '0', '24000', '354986542152', 'Narayana', '8745124651', 'Lingampally', 'Lingampally', 'Male', '', '', '', 'Indian', 'Married', '', '', '', '', 'VIDS0001-E-1010'),
(11, 11, 1, 12, 9, '1012', 'Shakar ', '', 'Reddy', 'Shakar@gmail.com', '9864165342', '8741653241', 10, 'Accountant', '2018-07-13-11-14-28.jpg', '', '13-12-1898', '10-10-2017', '5 years', 1, 1, 2, 1, 1, 1, 1, 1, 0, '2018-07-13 05:44:28', '2018-07-13 11:14:28', '25000', '0', '0', '0', '25000', '896541654816', 'Nalla Mallareddy', '8675461532', 'Hyderabad', 'Hyderabad', 'Male', 'AB +', 'Hindu', 'OC', 'Indian', 'Married', 'Nirmala', '', '2', 'Telangana', 'VIDS0001-E-1011'),
(12, 12, 1, 29, 8, '21613', 'Paramesh', '', 'Kumar', 'bharrathreddy.com@gmail.com', '9749864561', '5448555978', 7, 'Librarian', '2018-01-08-12-52-59-9.jpg', '', '10-05-1990', '10-02-2014', '2 years', 1, 1, 2, 1, 1, 1, 1, 1, 0, '2018-01-24 07:40:31', '2018-01-24 13:10:31', '18000', '0', '0', '0', '18000', '', 'natarajan', '', 'alingampally', '', 'Male', '', '', '', 'indian', 'Married', '', '', '', '', 'VIDS0001-E-1012'),
(13, 13, 1, 30, 3, 'njn', 'jnjn', 'njjn', 'jjn', 'djefj@jk.com', '8586568586', '6586756546', 9, 'dd', '', '', '08-01-2018', '25-01-2018', '66', 1, 1, 2, 1, 1, 1, 1, 1, 0, '2018-01-17 09:06:43', '2018-01-17 14:36:43', '252020', '0', '0', '0', '252020', '841549528652', 'dwcdlkx', '5653464964', 'mjek vjdfkcmedk', '9654964', 'Male', '874', '84', '85', 'ekkodk', 'Married', 'mdolks', 'kdsd', 'ddo', 'dd', 'VIDS0001-E-1013'),
(14, 14, 1, 31, 9, '549865', 'Srikanth', '', 'Reddy', 'Srikanthdjfhgkjh@gmail.com', '9876465312', '9876415321', 10, 'Accountant', '2018-01-08-13-09-04-images (47).jpg', '', '10-10-1990', '25-02-2015', '2 years', 1, 1, 2, 1, 1, 1, 1, 1, 0, '2018-01-17 09:06:43', '2018-01-17 14:36:43', '23000', '0', '0', '0', '23000', '', 'manikredy', '', 'vikarabad', '', 'Male', '', '', '', 'indian', 'Single', '', '', '', '', 'VIDS0001-E-1014'),
(15, 15, 1, 32, 6, '2168451', 'RajiReddy', '', 'Ycp', 'Raji@gmail.com', '8654653241', '9865416534', 8, 'Driver', '2018-01-08-13-20-59-images (6).jpg', '', '13-04-1989', '21-05-2015', '3 years', 1, 1, 2, 1, 1, 1, 1, 1, 0, '2018-01-17 09:06:43', '2018-01-17 14:36:43', '8645', '0', '0', '0', '8645', '986451653421', 'Ramchandra Reddy', '8946512653', 'sdfgh', 'sdgfhghjkjl', 'Male', 'AB+', 'hindu', 'oc', 'indian', 'Married', 'saroja', 'teacher', '5', 'Telangana', 'VIDS0001-E-1015'),
(16, 16, 1, 33, 1, '54163', 'Ramdas', '', ' Reddy', 'jhonson@gmail.com', '9874615321', '8974615321', 1, '', '2018-07-13-11-15-10.jpg', '', '12-02-1985', '02-01-2018', '2 years', 1, 1, 1, 1, 1, 1, 1, 1, 0, '2018-07-13 05:45:10', '2018-07-13 11:15:10', '24000', '0', '0', '0', '24000', '', 'Rajkonda', '', 'Kondakal', '', 'Male', '', '', '', 'Indian', 'Single', '', '', '', '', 'VIDS0001-E-1016'),
(17, 1, 0, 2, 4, '1001', 'Malla', '', 'Reddy', 'mallareddy@gmail.com', '9256523325', '8954541541', 1, 'Class Teacher', '2017-12-19-12-26-34-d1.jpg', '', '12-05-1990', '01-12-2017', '5 years', 2, 1, 1, 1, 1, 1, 1, 1, 0, '2018-01-17 14:36:43', '2018-01-17 14:36:43', '15000', '0', '0', '0', '15000', '574132416532', 'Ananth Reddy', '8764615426', 'Shankarpally', 'Shankarpally', 'Male', 'A+', 'Hindu', 'oc', 'Indian', 'Single', '', 'Teacher', '', 'Telangana', 'VIDS0001-E-1001'),
(18, 2, 0, 3, 4, '1002', 'Anand', '', 'Kumar', 'anandkumar@gmail.com', '9864161650', '9865461532', 2, 'Teacher', '2017-12-19-12-35-09-d7.jpg', '', '10-10-1990', '02-12-2017', '2 years', 2, 1, 1, 1, 1, 1, 1, 1, 0, '2018-01-17 14:36:43', '2018-01-17 14:36:43', '21000', '0', '0', '0', '21000', '986541532153', 'Tagore', '8974131020', 'patancheu', 'patancheu', 'Male', 'A', 'hindu', 'Bc', 'Indian', 'Single', '', '', '', 'Telangana', 'VIDS0001-E-1002'),
(19, 3, 0, 4, 4, '1003', 'Ganesh', '', 'Reddy', 'Ganesh@gmail.com', '9568354213', '9532202054', 3, 'Teacher', '2017-12-19-12-39-28-d9.jpg', '', '10-12-1889', '06-12-2017', '2 years', 2, 1, 1, 1, 1, 1, 1, 1, 0, '2018-01-17 14:36:43', '2018-01-17 14:36:43', '20000', '0', '0', '0', '20000', '456854235235', 'achari', '9867416321', 'kondapur', 'kondapur', 'Male', 'Ab-', 'Hindu', 'Oc', 'Indian', 'Single', '', '', '', '', 'VIDS0001-E-1003'),
(20, 4, 0, 5, 4, '1004', 'Suresh', '', 'Kumary', 'Sureshkumay@gmail.com', '8784523874', '5635412352', 4, 'Teacher', '2017-12-19-12-50-31-s5.jpg', '', '03-02-1896', '04-12-2017', '3 years', 2, 1, 1, 1, 1, 1, 1, 1, 0, '2018-01-17 14:36:43', '2018-01-17 14:36:43', '18000', '0', '0', '0', '18000', '984103200320', 'Maneyya', '8654153205', 'Hyderabad', 'Hyderabad', 'Female', 'AB +', 'Hindu', 'Bc', 'Indian', 'Married', 'Ganesh', 'Teacher', '', 'Telangana', 'VIDS0001-E-1004'),
(21, 5, 0, 6, 4, '1005', 'Harish', '', 'Reddy', 'Harish@gmail.com', '9865461534', '9867413216', 5, '', '2017-12-19-12-55-51-d10.jpg', '', '25-01-1987', '18-12-2017', '2 years', 2, 1, 1, 1, 1, 1, 1, 1, 0, '2018-01-17 14:36:43', '2018-01-17 14:36:43', '23000', '0', '0', '0', '23000', '987416524189', 'Ananad', '9874615321', 'Manikonda', 'Manikonda', 'Male', '', '', '', 'Indian', 'Single', '', '', '', '', 'VIDS0001-E-1005'),
(22, 6, 0, 7, 4, '10006', 'Sujanya', '', 'Parankusham', 'Sujanya@gmail.com', '9874986524', '9864165321', 6, 'Teacher', '2018-07-13-09-11-03.jpg', '', '10-10-1990', '05-12-2017', '5 years', 2, 1, 1, 1, 0, 0, 0, 1, 0, '2018-07-13 03:41:03', '2018-07-13 09:11:03', '20000', '0', '0', '0', '20000', '532165431653', 'Amarendhar', '8986451305', 'Manikonda', 'Manikonda', 'Female', 'Ab+', '', '', 'Indian', 'Married', 'Naresh', '', '', '', 'VIDS0001-E-1006'),
(23, 7, 0, 8, 6, '1007', 'Rajesh', '', 'Kumar', 'Rajesh@gmail.com', '9862636326', '9841653216', 8, 'Driver', '2018-07-13-09-13-54.jpg', '', '23-12-1986', '14-11-2017', '5 Years', 2, 1, 2, 1, 1, 1, 1, 1, 0, '2018-07-13 03:43:54', '2018-07-13 09:13:54', '16000', '0', '0', '0', '16000', '321687546153', 'Naresh', '9874165321', 'Manikonda', 'Manikonda', 'Male', 'A+', 'Hindi', 'oc', 'India', 'Married', 'Lakshmi', 'job', '2', 'Telangana', 'VIDS0001-E-1007'),
(24, 8, 0, 9, 6, '1008', 'Srikanth', '', 'Reddy', 'Srikanth@gmail.com', '9874865321', '9876461532', 8, '', '2017-12-19-14-12-58-s2.jpg', '', '21-12-1990', '04-12-2017', '2 years', 2, 1, 2, 1, 1, 1, 1, 1, 0, '2018-01-17 14:36:43', '2018-01-17 14:36:43', '24000', '0', '0', '0', '24000', '218414154415', 'Manik reddy', '8894515415', 'Lingampally', 'Lingampally', 'Male', 'o+', '', '', 'Indian', 'Single', '', '', '', '', 'VIDS0001-E-1008'),
(25, 9, 0, 10, 8, '1009', 'Madhan', '', 'Gopal', 'Madhan@gmail.com', '9874865418', '9856741653', 7, '', '2018-07-13-09-14-48.jpg', '', '25-05-1898', '12-12-2017', '3 years', 2, 1, 2, 1, 1, 1, 1, 1, 0, '2018-07-13 03:44:48', '2018-07-13 09:14:48', '24000', '0', '0', '0', '24000', '426498651498', 'Rakesh', '8746153416', 'Manikonda', 'Manikonda', 'Male', '', '', '', 'Indian', 'Single', 'Samantha', '', '2', 'Telangana', 'VIDS0001-E-1009'),
(26, 10, 0, 11, 3, '1010', 'Gopalreddy', '', 'Patlolla', 'Gopalreddy@gmail.com', '8574165421', '9874865315', 9, '', '2018-07-13-09-16-14.jpg', '', '27-04-1990', '14-11-2017', '2 years', 2, 1, 2, 1, 1, 1, 1, 1, 0, '2018-07-13 03:46:14', '2018-07-13 09:16:14', '24000', '0', '0', '0', '24000', '354986542152', 'Narayana', '8745124651', 'Lingampally', 'Lingampally', 'Male', 'AB+', 'Hindu', '', 'Indian', 'Married', '', '', '', '', 'VIDS0001-E-1010'),
(27, 11, 0, 12, 9, '1012', 'Shakar ', '', 'Reddy', 'Shakar@gmail.com', '9864165342', '8741653241', 10, 'Accountant', '2018-07-13-09-17-24.jpg', '', '13-12-1898', '10-10-2017', '5 years', 2, 1, 2, 1, 1, 1, 1, 1, 0, '2018-07-13 03:47:24', '2018-07-13 09:17:24', '25000', '0', '0', '0', '25000', '896541654816', 'Nalla Mallareddy', '8675461532', 'Hyderabad', 'Hyderabad', 'Male', 'AB +', 'Hindu', 'OC', 'Indian', 'Married', 'Nirmala', '', '2', 'Telangana', 'VIDS0001-E-1011'),
(28, 12, 0, 29, 8, '21613', 'Paramesh', '', 'Kumar', 'parameshkumar@gmail.com', '9749864561', '5448555978', 7, 'Librarian', '2018-01-08-12-52-59-9.jpg', '', '10-05-1990', '10-02-2014', '2 years', 2, 1, 2, 1, 1, 1, 1, 1, 0, '2018-01-17 14:36:43', '2018-01-17 14:36:43', '18000', '0', '0', '0', '18000', '', 'natarajan', '', 'alingampally', '', 'Male', '', '', '', 'indian', 'Married', '', '', '', '', 'VIDS0001-E-1012'),
(29, 13, 0, 30, 3, 'njn', 'jnjn', 'njjn', 'jjn', 'djefj@jk.com', '8586568586', '6586756546', 9, 'dd', '', '', '08-01-2018', '25-01-2018', '66', 2, 1, 2, 1, 1, 1, 1, 1, 0, '2018-01-17 14:36:43', '2018-01-17 14:36:43', '252020', '0', '0', '0', '252020', '841549528652', 'dwcdlkx', '5653464964', 'mjek vjdfkcmedk', '9654964', 'Male', '874', '84', '85', 'ekkodk', 'Married', 'mdolks', 'kdsd', 'ddo', 'dd', 'VIDS0001-E-1013'),
(30, 14, 0, 31, 9, '549865', 'Srikanth', '', 'Reddy', 'Srikanthdjfhgkjh@gmail.com', '9876465312', '9876415321', 10, 'Accountant', '2018-01-08-13-09-04-images (47).jpg', '', '10-10-1990', '25-02-2015', '2 years', 2, 1, 2, 1, 1, 1, 1, 1, 0, '2018-01-17 14:36:43', '2018-01-17 14:36:43', '23000', '0', '0', '0', '23000', '', 'manikredy', '', 'vikarabad', '', 'Male', '', '', '', 'indian', 'Single', '', '', '', '', 'VIDS0001-E-1014'),
(31, 15, 0, 32, 6, '2168451', 'RajiReddy', '', 'Ycp', 'Raji@gmail.com', '8654653241', '9865416534', 8, 'Driver', '2018-01-08-13-20-59-images (6).jpg', '', '13-04-1989', '21-05-2015', '3 years', 2, 1, 2, 1, 1, 1, 1, 1, 0, '2018-01-17 14:36:43', '2018-01-17 14:36:43', '8645', '0', '0', '0', '8645', '986451653421', 'Ramchandra Reddy', '8946512653', 'sdfgh', 'sdgfhghjkjl', 'Male', 'AB+', 'hindu', 'oc', 'indian', 'Married', 'saroja', 'teacher', '5', 'Telangana', 'VIDS0001-E-1015'),
(32, 16, 0, 33, 1, '54163', 'Ramdas', '', ' Reddy', 'Ramdas@gmail.com', '9874615321', '8974615321', 1, '', '2018-07-13-09-18-58.jpg', '', '12-02-1985', '02-01-2018', '2 years', 2, 1, 1, 1, 1, 1, 1, 1, 0, '2018-07-13 03:48:58', '2018-07-13 09:18:58', '24000', '0', '0', '0', '24000', '', 'Rajkonda', '', 'Kondakal', '', 'Male', '', '', '', 'Indian', 'Single', '', '', '', '', 'VIDS0001-E-1016'),
(33, 33, 0, 34, 4, '1001', 'Venkat', 'Reddy', 'Patlolla', 'venkat@gmail.com', '9658985568', '9698565598', 5, 'Teacher', '2018-01-18-11-03-21-tanikella-bharani-4488.jpg', '', '10-10-1990', '10-02-2016', '2 Years', 1, 1, 1, 1, 1, 1, 1, 1, 0, '2018-01-18 05:33:21', '2018-01-18 11:03:21', '25000', '0', '0', '0', '25000', '986465163132', 'Vittal Reddy', '8764986513', 'Manikonda', 'Lingampally', 'Male', 'Ab+', 'Hindu', 'OC', 'Indian', 'Single', '', 'Job', '', 'Telangana', 'VIDS0001-E-1033'),
(34, 34, 0, 35, 4, '50005', 'Srinivas ', '', 'Reddy', 'Srinivas@gmail.com', '9865465132', '9864516532', 6, 'Teacher ', '2018-01-18-11-52-17-download.jpg', '', '10-10-1994', '09-01-2018', '3 years', 1, 1, 1, 1, 1, 1, 1, 1, 0, '2018-01-18 11:52:17', '2018-01-18 11:52:17', '26000', '0', '0', '0', '26000', '986465418654', 'Vittal Reddy', '9874651326', 'Nawabpet', 'Lingampally', 'Male', '', '', '', 'indian', 'Single', '', '', '', '', 'VIDS0001-E-1034'),
(35, 35, 0, 43, 8, 'fgrh', 'Harish', '', 'Reddy', 'harishdfdfg@gmail.com', '9874986549', '9874654986', 7, '', '2018-01-31-13-49-09', '', '10-02-1990', '09-10-2017', 'hvhgjhk', 1, 1, 2, 1, 1, 1, 1, 1, 0, '2018-01-31 08:19:09', '2018-01-31 13:49:09', '25000', '0', '0', '0', '25000', '', 'hjgkhj', '', 'ertyuu', '', 'Male', '', '', '', 'wertyu', 'Single', '', '', '', '', 'VIDS0001-E-1035'),
(36, 36, 0, 44, 3, '5452', 'Pandurangam', '', ' Kanthi', 'pandurangam@gmail.com', '9874986542', '9874651532', 9, '', '2018-01-20-14-11-39-images (6).jpg', '', '21-02-1898', '13-09-2017', '3 Years', 1, 1, 2, 1, 1, 1, 1, 1, 0, '2018-01-20 14:11:39', '2018-01-20 14:11:39', '18000', '0', '0', '0', '18000', '', 'Ramalingam', '', 'vgukjbkj', '', 'Male', '', '', '', 'Indian', 'Single', '', '', '', '', 'VIDS0001-E-1036'),
(37, 37, 0, 51, 4, '123456', 'Patlolla chendra', 'Shekar                                               ', 'reddy', 'mallareddy.g19@gmail.com', '9876543210', '0123456789', 4, 'MBA', '2018-01-24-11-38-07', '', '24-01-1985', '08-08-2017', '4 Years', 1, 1, 1, 1, 1, 1, 1, 1, 0, '2018-01-24 09:35:18', '2018-01-24 15:05:18', '12450', '850', '500', '350', '13450', '112233445566', 'Krishna reddy', '9876543210', 'H NO:1-28;\r\nVillage: Mokila;\r\nMandal: Shankar pally;\r\nDist: Ranga reddy;\r\nState: Telangana.\r\n', 'H NO:1-28;\r\nVillage: Mokila;\r\nMandal: Shankar pally;\r\nDist: Ranga reddy;\r\nState: Telangana.', 'Male', 'B', 'Hindhu', 'OC', 'Indian', 'Married', 'Pinky', '', '2', 'Telangana', 'VIDS0001-E-1037'),
(38, 38, 0, 54, 4, '2461', 'Venkatesh', '', 'Rana', 'Venkatesh@gmail.com', '9874653241', '9874132153', 3, 'B-Tech', '2018-01-24-14-49-18', '', '10-10-1985', '11-04-2017', '3 Years', 1, 1, 1, 1, 1, 1, 1, 1, 0, '2018-01-24 14:49:18', '2018-01-24 14:49:18', '15000', '2000', '1000', '2500', '15500', '984132163524', 'Ramanaidu', '8741532186', 'Filmnagar', 'Hyderabad', 'Male', 'AB+', 'Hindi', 'BC', 'Indian', 'Married', 'Gauthami', 'Teacter', '2', 'Telangana', 'VIDS0001-E-1038');

-- --------------------------------------------------------

--
-- Table structure for table `staff_attendances`
--

CREATE TABLE IF NOT EXISTS `staff_attendances` (
  `id` int(11) NOT NULL AUTO_INCREMENT,
  `staff_id` int(11) NOT NULL,
  `attendance_date` date NOT NULL,
  `attendance_status` varchar(255) NOT NULL,
  `reason` varchar(255) NOT NULL,
  `status` int(11) NOT NULL DEFAULT '1',
  `academic_year_id` int(3) NOT NULL,
  `created_user_id` int(11) NOT NULL,
  `updated_user_id` int(11) NOT NULL,
  `created_at` timestamp NOT NULL DEFAULT CURRENT_TIMESTAMP ON UPDATE CURRENT_TIMESTAMP,
  `updated_at` timestamp NOT NULL DEFAULT '0000-00-00 00:00:00',
  `staff_type_id` int(11) NOT NULL,
  `staff_department_id` int(11) NOT NULL,
  PRIMARY KEY (`id`)
) ENGINE=InnoDB  DEFAULT CHARSET=latin1 AUTO_INCREMENT=298 ;

--
-- Dumping data for table `staff_attendances`
--

INSERT INTO `staff_attendances` (`id`, `staff_id`, `attendance_date`, `attendance_status`, `reason`, `status`, `academic_year_id`, `created_user_id`, `updated_user_id`, `created_at`, `updated_at`, `staff_type_id`, `staff_department_id`) VALUES
(1, 1, '2017-11-01', '1', '', 1, 1, 1, 1, '2017-12-28 20:18:48', '2017-12-29 01:48:48', 1, 1),
(2, 2, '2017-11-01', '1', '', 1, 1, 1, 1, '2018-01-17 04:56:31', '2018-01-17 10:26:31', 1, 2),
(3, 3, '2017-11-01', '1', '', 1, 1, 1, 1, '2018-01-17 04:56:31', '2018-01-17 10:26:31', 1, 3),
(4, 4, '2017-11-01', '1', '', 1, 1, 1, 1, '2018-01-17 04:56:31', '2018-01-17 10:26:31', 1, 4),
(5, 5, '2017-11-01', '1', '', 1, 1, 1, 1, '2018-01-17 04:56:31', '2018-01-17 10:26:31', 1, 5),
(6, 6, '2017-11-01', '0', 'personal Work', 1, 1, 1, 1, '2018-01-17 04:56:31', '2018-01-17 10:26:31', 1, 6),
(7, 1, '2017-11-02', '1', '', 1, 1, 1, 0, '2017-12-19 16:32:43', '2017-12-19 16:32:43', 1, 1),
(8, 2, '2017-11-02', '1', '', 1, 1, 1, 0, '2017-12-19 16:32:43', '2017-12-19 16:32:43', 1, 2),
(9, 3, '2017-11-02', '1', '', 1, 1, 1, 0, '2017-12-19 16:32:43', '2017-12-19 16:32:43', 1, 3),
(10, 4, '2017-11-02', '1', '', 1, 1, 1, 0, '2017-12-19 16:32:43', '2017-12-19 16:32:43', 1, 4),
(11, 5, '2017-11-02', '1', '', 1, 1, 1, 0, '2017-12-19 16:32:43', '2017-12-19 16:32:43', 1, 5),
(12, 6, '2017-11-02', '1', '', 1, 1, 1, 0, '2017-12-19 16:32:43', '2017-12-19 16:32:43', 1, 6),
(13, 1, '2017-11-03', '1', '', 1, 1, 1, 0, '2017-12-19 16:32:56', '2017-12-19 16:32:56', 1, 1),
(14, 2, '2017-11-03', '1', '', 1, 1, 1, 0, '2017-12-19 16:32:56', '2017-12-19 16:32:56', 1, 2),
(15, 3, '2017-11-03', '1', '', 1, 1, 1, 0, '2017-12-19 16:32:56', '2017-12-19 16:32:56', 1, 3),
(16, 4, '2017-11-03', '1', '', 1, 1, 1, 0, '2017-12-19 16:32:56', '2017-12-19 16:32:56', 1, 4),
(17, 5, '2017-11-03', '1', '', 1, 1, 1, 0, '2017-12-19 16:32:56', '2017-12-19 16:32:56', 1, 5),
(18, 6, '2017-11-03', '1', '', 1, 1, 1, 0, '2017-12-19 16:32:56', '2017-12-19 16:32:56', 1, 6),
(19, 1, '2017-11-04', '1', '', 1, 1, 1, 0, '2017-12-19 16:33:11', '2017-12-19 16:33:11', 1, 1),
(20, 2, '2017-11-04', '1', '', 1, 1, 1, 0, '2017-12-19 16:33:11', '2017-12-19 16:33:11', 1, 2),
(21, 3, '2017-11-04', '1', '', 1, 1, 1, 0, '2017-12-19 16:33:11', '2017-12-19 16:33:11', 1, 3),
(22, 4, '2017-11-04', '1', '', 1, 1, 1, 0, '2017-12-19 16:33:11', '2017-12-19 16:33:11', 1, 4),
(23, 5, '2017-11-04', '1', '', 1, 1, 1, 0, '2017-12-19 16:33:11', '2017-12-19 16:33:11', 1, 5),
(24, 6, '2017-11-04', '1', '', 1, 1, 1, 0, '2017-12-19 16:33:11', '2017-12-19 16:33:11', 1, 6),
(25, 1, '2017-11-06', '1', '', 1, 1, 1, 0, '2017-12-19 16:33:33', '2017-12-19 16:33:33', 1, 1),
(26, 2, '2017-11-06', '1', '', 1, 1, 1, 0, '2017-12-19 16:33:33', '2017-12-19 16:33:33', 1, 2),
(27, 3, '2017-11-06', '0', 'personal Work', 1, 1, 1, 0, '2017-12-19 16:33:33', '2017-12-19 16:33:33', 1, 3),
(28, 4, '2017-11-06', '0', 'personal Work', 1, 1, 1, 0, '2017-12-19 16:33:33', '2017-12-19 16:33:33', 1, 4),
(29, 5, '2017-11-06', '1', '', 1, 1, 1, 0, '2017-12-19 16:33:33', '2017-12-19 16:33:33', 1, 5),
(30, 6, '2017-11-06', '1', '', 1, 1, 1, 0, '2017-12-19 16:33:33', '2017-12-19 16:33:33', 1, 6),
(31, 1, '2017-11-07', '1', '', 1, 1, 1, 0, '2017-12-19 16:33:56', '2017-12-19 16:33:56', 1, 1),
(32, 2, '2017-11-07', '1', '', 1, 1, 1, 0, '2017-12-19 16:33:56', '2017-12-19 16:33:56', 1, 2),
(33, 3, '2017-11-07', '1', '', 1, 1, 1, 0, '2017-12-19 16:33:56', '2017-12-19 16:33:56', 1, 3),
(34, 4, '2017-11-07', '1', '', 1, 1, 1, 0, '2017-12-19 16:33:56', '2017-12-19 16:33:56', 1, 4),
(35, 5, '2017-11-07', '1', '', 1, 1, 1, 0, '2017-12-19 16:33:56', '2017-12-19 16:33:56', 1, 5),
(36, 6, '2017-11-07', '1', '', 1, 1, 1, 0, '2017-12-19 16:33:56', '2017-12-19 16:33:56', 1, 6),
(37, 1, '2017-11-08', '1', '', 1, 1, 1, 0, '2017-12-19 16:34:29', '2017-12-19 16:34:29', 1, 1),
(38, 2, '2017-11-08', '1', '', 1, 1, 1, 0, '2017-12-19 16:34:29', '2017-12-19 16:34:29', 1, 2),
(39, 3, '2017-11-08', '1', '', 1, 1, 1, 0, '2017-12-19 16:34:29', '2017-12-19 16:34:29', 1, 3),
(40, 4, '2017-11-08', '1', '', 1, 1, 1, 0, '2017-12-19 16:34:29', '2017-12-19 16:34:29', 1, 4),
(41, 5, '2017-11-08', '1', '', 1, 1, 1, 0, '2017-12-19 16:34:29', '2017-12-19 16:34:29', 1, 5),
(42, 6, '2017-11-08', '1', '', 1, 1, 1, 0, '2017-12-19 16:34:29', '2017-12-19 16:34:29', 1, 6),
(43, 1, '2017-11-09', '1', '', 1, 1, 1, 0, '2017-12-19 16:34:45', '2017-12-19 16:34:45', 1, 1),
(44, 2, '2017-11-09', '1', '', 1, 1, 1, 0, '2017-12-19 16:34:45', '2017-12-19 16:34:45', 1, 2),
(45, 3, '2017-11-09', '1', '', 1, 1, 1, 0, '2017-12-19 16:34:45', '2017-12-19 16:34:45', 1, 3),
(46, 4, '2017-11-09', '1', '', 1, 1, 1, 0, '2017-12-19 16:34:45', '2017-12-19 16:34:45', 1, 4),
(47, 5, '2017-11-09', '1', '', 1, 1, 1, 0, '2017-12-19 16:34:45', '2017-12-19 16:34:45', 1, 5),
(48, 6, '2017-11-09', '1', '', 1, 1, 1, 0, '2017-12-19 16:34:45', '2017-12-19 16:34:45', 1, 6),
(49, 1, '2017-11-10', '1', '', 1, 1, 1, 0, '2017-12-19 16:35:11', '2017-12-19 16:35:11', 1, 1),
(50, 2, '2017-11-10', '1', '', 1, 1, 1, 0, '2017-12-19 16:35:11', '2017-12-19 16:35:11', 1, 2),
(51, 3, '2017-11-10', '1', '', 1, 1, 1, 0, '2017-12-19 16:35:11', '2017-12-19 16:35:11', 1, 3),
(52, 4, '2017-11-10', '1', '', 1, 1, 1, 0, '2017-12-19 16:35:11', '2017-12-19 16:35:11', 1, 4),
(53, 5, '2017-11-10', '0', 'personal Work', 1, 1, 1, 0, '2017-12-19 16:35:11', '2017-12-19 16:35:11', 1, 5),
(54, 6, '2017-11-10', '1', '', 1, 1, 1, 0, '2017-12-19 16:35:11', '2017-12-19 16:35:11', 1, 6),
(55, 1, '2017-11-11', '1', '', 1, 1, 1, 0, '2017-12-19 16:35:29', '2017-12-19 16:35:29', 1, 1),
(56, 2, '2017-11-11', '1', '', 1, 1, 1, 0, '2017-12-19 16:35:29', '2017-12-19 16:35:29', 1, 2),
(57, 3, '2017-11-11', '1', '', 1, 1, 1, 0, '2017-12-19 16:35:29', '2017-12-19 16:35:29', 1, 3),
(58, 4, '2017-11-11', '1', '', 1, 1, 1, 0, '2017-12-19 16:35:29', '2017-12-19 16:35:29', 1, 4),
(59, 5, '2017-11-11', '1', '', 1, 1, 1, 0, '2017-12-19 16:35:29', '2017-12-19 16:35:29', 1, 5),
(60, 6, '2017-11-11', '1', '', 1, 1, 1, 0, '2017-12-19 16:35:29', '2017-12-19 16:35:29', 1, 6),
(61, 1, '2017-11-13', '1', '', 1, 1, 1, 0, '2017-12-19 16:35:50', '2017-12-19 16:35:50', 1, 1),
(62, 2, '2017-11-13', '1', '', 1, 1, 1, 0, '2017-12-19 16:35:50', '2017-12-19 16:35:50', 1, 2),
(63, 3, '2017-11-13', '1', '', 1, 1, 1, 0, '2017-12-19 16:35:50', '2017-12-19 16:35:50', 1, 3),
(64, 4, '2017-11-13', '1', '', 1, 1, 1, 0, '2017-12-19 16:35:50', '2017-12-19 16:35:50', 1, 4),
(65, 5, '2017-11-13', '1', '', 1, 1, 1, 0, '2017-12-19 16:35:50', '2017-12-19 16:35:50', 1, 5),
(66, 6, '2017-11-13', '1', '', 1, 1, 1, 0, '2017-12-19 16:35:50', '2017-12-19 16:35:50', 1, 6),
(67, 1, '2017-11-15', '1', '', 1, 1, 1, 0, '2017-12-19 16:36:03', '2017-12-19 16:36:03', 1, 1),
(68, 2, '2017-11-15', '1', '', 1, 1, 1, 0, '2017-12-19 16:36:03', '2017-12-19 16:36:03', 1, 2),
(69, 3, '2017-11-15', '1', '', 1, 1, 1, 0, '2017-12-19 16:36:03', '2017-12-19 16:36:03', 1, 3),
(70, 4, '2017-11-15', '1', '', 1, 1, 1, 0, '2017-12-19 16:36:03', '2017-12-19 16:36:03', 1, 4),
(71, 5, '2017-11-15', '1', '', 1, 1, 1, 0, '2017-12-19 16:36:03', '2017-12-19 16:36:03', 1, 5),
(72, 6, '2017-11-15', '1', '', 1, 1, 1, 0, '2017-12-19 16:36:03', '2017-12-19 16:36:03', 1, 6),
(73, 1, '2017-11-16', '0', 'personal Work', 1, 1, 1, 0, '2017-12-19 16:36:55', '2017-12-19 16:36:55', 1, 1),
(74, 2, '2017-11-16', '0', 'personal Work', 1, 1, 1, 0, '2017-12-19 16:36:55', '2017-12-19 16:36:55', 1, 2),
(75, 3, '2017-11-16', '1', '', 1, 1, 1, 0, '2017-12-19 16:36:55', '2017-12-19 16:36:55', 1, 3),
(76, 4, '2017-11-16', '1', '', 1, 1, 1, 0, '2017-12-19 16:36:55', '2017-12-19 16:36:55', 1, 4),
(77, 5, '2017-11-16', '1', '', 1, 1, 1, 0, '2017-12-19 16:36:55', '2017-12-19 16:36:55', 1, 5),
(78, 6, '2017-11-16', '1', '', 1, 1, 1, 0, '2017-12-19 16:36:55', '2017-12-19 16:36:55', 1, 6),
(79, 1, '2017-11-18', '1', '', 1, 1, 1, 0, '2017-12-19 16:38:00', '2017-12-19 16:38:00', 1, 1),
(80, 2, '2017-11-18', '1', '', 1, 1, 1, 0, '2017-12-19 16:38:00', '2017-12-19 16:38:00', 1, 2),
(81, 3, '2017-11-18', '1', '', 1, 1, 1, 0, '2017-12-19 16:38:00', '2017-12-19 16:38:00', 1, 3),
(82, 4, '2017-11-18', '1', '', 1, 1, 1, 0, '2017-12-19 16:38:00', '2017-12-19 16:38:00', 1, 4),
(83, 5, '2017-11-18', '0', 'personal Work', 1, 1, 1, 0, '2017-12-19 16:38:00', '2017-12-19 16:38:00', 1, 5),
(84, 6, '2017-11-18', '0', 'personal Work', 1, 1, 1, 0, '2017-12-19 16:38:00', '2017-12-19 16:38:00', 1, 6),
(85, 1, '2017-11-20', '0', '', 1, 1, 1, 0, '2017-12-19 11:08:48', '2017-12-19 16:38:14', 1, 1),
(86, 2, '2017-11-20', '0', '', 1, 1, 1, 0, '2017-12-19 11:08:48', '2017-12-19 16:38:14', 1, 2),
(87, 3, '2017-11-20', '0', '', 1, 1, 1, 0, '2017-12-19 11:08:48', '2017-12-19 16:38:14', 1, 3),
(88, 4, '2017-11-20', '1', '', 1, 1, 1, 0, '2017-12-19 11:08:48', '2017-12-19 16:38:14', 1, 4),
(89, 5, '2017-11-20', '1', '', 1, 1, 1, 0, '2017-12-19 11:08:48', '2017-12-19 16:38:14', 1, 5),
(90, 6, '2017-11-20', '1', '', 1, 1, 1, 0, '2017-12-19 11:08:48', '2017-12-19 16:38:14', 1, 6),
(91, 1, '2017-11-21', '1', '', 1, 1, 1, 0, '2017-12-19 16:38:29', '2017-12-19 16:38:29', 1, 1),
(92, 2, '2017-11-21', '1', '', 1, 1, 1, 0, '2017-12-19 16:38:29', '2017-12-19 16:38:29', 1, 2),
(93, 3, '2017-11-21', '1', '', 1, 1, 1, 0, '2017-12-19 16:38:29', '2017-12-19 16:38:29', 1, 3),
(94, 4, '2017-11-21', '1', '', 1, 1, 1, 0, '2017-12-19 16:38:29', '2017-12-19 16:38:29', 1, 4),
(95, 5, '2017-11-21', '1', '', 1, 1, 1, 0, '2017-12-19 16:38:29', '2017-12-19 16:38:29', 1, 5),
(96, 6, '2017-11-21', '1', '', 1, 1, 1, 0, '2017-12-19 16:38:29', '2017-12-19 16:38:29', 1, 6),
(97, 1, '2017-11-22', '1', '', 1, 1, 1, 0, '2017-12-19 16:38:53', '2017-12-19 16:38:53', 1, 1),
(98, 2, '2017-11-22', '1', '', 1, 1, 1, 0, '2017-12-19 16:38:53', '2017-12-19 16:38:53', 1, 2),
(99, 3, '2017-11-22', '1', '', 1, 1, 1, 0, '2017-12-19 16:38:53', '2017-12-19 16:38:53', 1, 3),
(100, 4, '2017-11-22', '1', '', 1, 1, 1, 0, '2017-12-19 16:38:53', '2017-12-19 16:38:53', 1, 4),
(101, 5, '2017-11-22', '1', '', 1, 1, 1, 0, '2017-12-19 16:38:53', '2017-12-19 16:38:53', 1, 5),
(102, 6, '2017-11-22', '1', '', 1, 1, 1, 0, '2017-12-19 16:38:53', '2017-12-19 16:38:53', 1, 6),
(103, 1, '2017-11-23', '1', '', 1, 1, 1, 0, '2017-12-19 16:39:07', '2017-12-19 16:39:07', 1, 1),
(104, 2, '2017-11-23', '1', '', 1, 1, 1, 0, '2017-12-19 16:39:07', '2017-12-19 16:39:07', 1, 2),
(105, 3, '2017-11-23', '1', '', 1, 1, 1, 0, '2017-12-19 16:39:07', '2017-12-19 16:39:07', 1, 3),
(106, 4, '2017-11-23', '1', '', 1, 1, 1, 0, '2017-12-19 16:39:07', '2017-12-19 16:39:07', 1, 4),
(107, 5, '2017-11-23', '1', '', 1, 1, 1, 0, '2017-12-19 16:39:07', '2017-12-19 16:39:07', 1, 5),
(108, 6, '2017-11-23', '1', '', 1, 1, 1, 0, '2017-12-19 16:39:07', '2017-12-19 16:39:07', 1, 6),
(109, 1, '2017-11-24', '1', '', 1, 1, 1, 0, '2017-12-19 16:39:21', '2017-12-19 16:39:21', 1, 1),
(110, 2, '2017-11-24', '1', '', 1, 1, 1, 0, '2017-12-19 16:39:21', '2017-12-19 16:39:21', 1, 2),
(111, 3, '2017-11-24', '1', '', 1, 1, 1, 0, '2017-12-19 16:39:21', '2017-12-19 16:39:21', 1, 3),
(112, 4, '2017-11-24', '1', '', 1, 1, 1, 0, '2017-12-19 16:39:21', '2017-12-19 16:39:21', 1, 4),
(113, 5, '2017-11-24', '1', '', 1, 1, 1, 0, '2017-12-19 16:39:21', '2017-12-19 16:39:21', 1, 5),
(114, 6, '2017-11-24', '1', '', 1, 1, 1, 0, '2017-12-19 16:39:21', '2017-12-19 16:39:21', 1, 6),
(115, 1, '2017-11-25', '1', '', 1, 1, 1, 0, '2017-12-19 16:39:40', '2017-12-19 16:39:40', 1, 1),
(116, 2, '2017-11-25', '1', '', 1, 1, 1, 0, '2017-12-19 16:39:40', '2017-12-19 16:39:40', 1, 2),
(117, 3, '2017-11-25', '0', 'personal Work', 1, 1, 1, 0, '2017-12-19 16:39:40', '2017-12-19 16:39:40', 1, 3),
(118, 4, '2017-11-25', '1', '', 1, 1, 1, 0, '2017-12-19 16:39:40', '2017-12-19 16:39:40', 1, 4),
(119, 5, '2017-11-25', '1', '', 1, 1, 1, 0, '2017-12-19 16:39:40', '2017-12-19 16:39:40', 1, 5),
(120, 6, '2017-11-25', '1', '', 1, 1, 1, 0, '2017-12-19 16:39:40', '2017-12-19 16:39:40', 1, 6),
(121, 1, '2017-11-27', '1', '', 1, 1, 1, 0, '2017-12-19 16:39:57', '2017-12-19 16:39:57', 1, 1),
(122, 2, '2017-11-27', '1', '', 1, 1, 1, 0, '2017-12-19 16:39:57', '2017-12-19 16:39:57', 1, 2),
(123, 3, '2017-11-27', '1', '', 1, 1, 1, 0, '2017-12-19 16:39:57', '2017-12-19 16:39:57', 1, 3),
(124, 4, '2017-11-27', '1', '', 1, 1, 1, 0, '2017-12-19 16:39:57', '2017-12-19 16:39:57', 1, 4),
(125, 5, '2017-11-27', '1', '', 1, 1, 1, 0, '2017-12-19 16:39:57', '2017-12-19 16:39:57', 1, 5),
(126, 6, '2017-11-27', '1', '', 1, 1, 1, 0, '2017-12-19 16:39:57', '2017-12-19 16:39:57', 1, 6),
(127, 1, '2017-11-28', '1', '', 1, 1, 1, 0, '2017-12-19 16:40:14', '2017-12-19 16:40:14', 1, 1),
(128, 2, '2017-11-28', '1', '', 1, 1, 1, 0, '2017-12-19 16:40:14', '2017-12-19 16:40:14', 1, 2),
(129, 3, '2017-11-28', '1', '', 1, 1, 1, 0, '2017-12-19 16:40:14', '2017-12-19 16:40:14', 1, 3),
(130, 4, '2017-11-28', '1', '', 1, 1, 1, 0, '2017-12-19 16:40:14', '2017-12-19 16:40:14', 1, 4),
(131, 5, '2017-11-28', '1', '', 1, 1, 1, 0, '2017-12-19 16:40:14', '2017-12-19 16:40:14', 1, 5),
(132, 6, '2017-11-28', '1', '', 1, 1, 1, 0, '2017-12-19 16:40:14', '2017-12-19 16:40:14', 1, 6),
(133, 1, '2017-11-29', '1', '', 1, 1, 1, 0, '2017-12-19 16:40:39', '2017-12-19 16:40:39', 1, 1),
(134, 2, '2017-11-29', '1', '', 1, 1, 1, 0, '2017-12-19 16:40:39', '2017-12-19 16:40:39', 1, 2),
(135, 3, '2017-11-29', '1', '', 1, 1, 1, 0, '2017-12-19 16:40:39', '2017-12-19 16:40:39', 1, 3),
(136, 4, '2017-11-29', '1', '', 1, 1, 1, 0, '2017-12-19 16:40:39', '2017-12-19 16:40:39', 1, 4),
(137, 5, '2017-11-29', '1', '', 1, 1, 1, 0, '2017-12-19 16:40:39', '2017-12-19 16:40:39', 1, 5),
(138, 6, '2017-11-29', '1', '', 1, 1, 1, 0, '2017-12-19 16:40:39', '2017-12-19 16:40:39', 1, 6),
(139, 1, '2017-11-30', '1', '', 1, 1, 1, 0, '2017-12-19 16:41:11', '2017-12-19 16:41:11', 1, 1),
(140, 2, '2017-11-30', '1', '', 1, 1, 1, 0, '2017-12-19 16:41:11', '2017-12-19 16:41:11', 1, 2),
(141, 3, '2017-11-30', '1', '', 1, 1, 1, 0, '2017-12-19 16:41:11', '2017-12-19 16:41:11', 1, 3),
(142, 4, '2017-11-30', '1', '', 1, 1, 1, 0, '2017-12-19 16:41:11', '2017-12-19 16:41:11', 1, 4),
(143, 5, '2017-11-30', '1', '', 1, 1, 1, 0, '2017-12-19 16:41:11', '2017-12-19 16:41:11', 1, 5),
(144, 6, '2017-11-30', '1', '', 1, 1, 1, 0, '2017-12-19 16:41:11', '2017-12-19 16:41:11', 1, 6),
(145, 2, '2017-12-28', '1', '', 1, 1, 1, 0, '2017-12-29 01:49:25', '2017-12-29 01:49:25', 1, 2),
(146, 1, '2017-12-29', '1', '', 1, 1, 1, 0, '2017-12-30 00:34:27', '2017-12-30 00:34:27', 1, 1),
(147, 3, '2017-12-28', '1', '', 1, 1, 1, 0, '2017-12-30 00:35:46', '2017-12-30 00:35:46', 1, 3),
(148, 9, '2018-01-02', '1', '', 1, 1, 1, 0, '2018-01-08 12:12:02', '2018-01-08 12:12:02', 2, 7),
(149, 9, '2018-01-03', '1', '', 1, 1, 1, 0, '2018-01-08 12:12:18', '2018-01-08 12:12:18', 2, 7),
(150, 9, '2018-01-04', '0', 'function at home', 1, 1, 1, 0, '2018-01-08 12:12:49', '2018-01-08 12:12:49', 2, 7),
(151, 9, '2018-01-06', '1', '', 1, 1, 1, 0, '2018-01-08 12:13:09', '2018-01-08 12:13:09', 2, 7),
(152, 9, '2018-01-08', '1', '', 1, 1, 1, 0, '2018-01-08 12:13:22', '2018-01-08 12:13:22', 2, 7),
(153, 10, '2018-01-02', '1', '', 1, 1, 1, 0, '2018-01-08 12:27:43', '2018-01-08 12:27:43', 2, 9),
(154, 10, '2018-01-03', '0', 'personal work', 1, 1, 1, 0, '2018-01-08 12:28:12', '2018-01-08 12:28:12', 2, 9),
(155, 10, '2018-01-04', '1', '', 1, 1, 1, 0, '2018-01-08 12:28:31', '2018-01-08 12:28:31', 2, 9),
(156, 10, '2018-01-06', '1', '', 1, 1, 1, 0, '2018-01-08 12:28:54', '2018-01-08 12:28:54', 2, 9),
(157, 10, '2018-01-08', '0', 'function at home', 1, 1, 1, 0, '2018-01-08 12:30:05', '2018-01-08 12:30:05', 2, 9),
(158, 1, '2018-01-02', '1', '', 1, 1, 1, 0, '2018-01-17 10:28:35', '2018-01-17 10:28:35', 1, 1),
(159, 16, '2018-01-02', '1', '', 1, 1, 1, 0, '2018-01-17 10:28:35', '2018-01-17 10:28:35', 1, 1),
(160, 1, '2018-01-03', '1', '', 1, 1, 1, 0, '2018-01-17 10:28:48', '2018-01-17 10:28:48', 1, 1),
(161, 16, '2018-01-03', '1', '', 1, 1, 1, 0, '2018-01-17 10:28:48', '2018-01-17 10:28:48', 1, 1),
(162, 1, '2018-01-04', '1', '', 1, 1, 1, 0, '2018-01-17 10:29:06', '2018-01-17 10:29:06', 1, 1),
(163, 16, '2018-01-04', '1', '', 1, 1, 1, 0, '2018-01-17 10:29:07', '2018-01-17 10:29:07', 1, 1),
(164, 1, '2018-01-05', '1', '', 1, 1, 1, 0, '2018-01-17 10:29:42', '2018-01-17 10:29:42', 1, 1),
(165, 16, '2018-01-05', '1', '', 1, 1, 1, 0, '2018-01-17 10:29:42', '2018-01-17 10:29:42', 1, 1),
(166, 1, '2018-01-06', '1', '', 1, 1, 1, 0, '2018-01-17 10:29:57', '2018-01-17 10:29:57', 1, 1),
(167, 16, '2018-01-06', '1', '', 1, 1, 1, 0, '2018-01-17 10:29:57', '2018-01-17 10:29:57', 1, 1),
(168, 1, '2018-01-08', '1', '', 1, 1, 1, 0, '2018-01-17 10:30:15', '2018-01-17 10:30:15', 1, 1),
(169, 16, '2018-01-08', '1', '', 1, 1, 1, 0, '2018-01-17 10:30:15', '2018-01-17 10:30:15', 1, 1),
(170, 1, '2018-01-09', '1', '', 1, 1, 1, 0, '2018-01-17 10:30:31', '2018-01-17 10:30:31', 1, 1),
(171, 16, '2018-01-09', '1', '', 1, 1, 1, 0, '2018-01-17 10:30:31', '2018-01-17 10:30:31', 1, 1),
(172, 1, '2018-01-10', '1', '', 1, 1, 1, 0, '2018-01-17 10:30:47', '2018-01-17 10:30:47', 1, 1),
(173, 16, '2018-01-10', '1', '', 1, 1, 1, 0, '2018-01-17 10:30:47', '2018-01-17 10:30:47', 1, 1),
(174, 1, '2018-01-11', '0', 'festival at village ', 1, 1, 1, 0, '2018-01-17 10:32:04', '2018-01-17 10:32:04', 1, 1),
(175, 16, '2018-01-11', '0', 'festival at village ', 1, 1, 1, 0, '2018-01-17 10:32:04', '2018-01-17 10:32:04', 1, 1),
(176, 1, '2018-01-12', '0', 'festival at village ', 1, 1, 1, 0, '2018-01-17 10:32:36', '2018-01-17 10:32:36', 1, 1),
(177, 16, '2018-01-12', '0', 'festival at village ', 1, 1, 1, 0, '2018-01-17 10:32:36', '2018-01-17 10:32:36', 1, 1),
(178, 1, '2018-01-17', '1', '', 1, 1, 1, 0, '2018-01-17 10:32:50', '2018-01-17 10:32:50', 1, 1),
(179, 16, '2018-01-17', '1', '', 1, 1, 1, 0, '2018-01-17 10:32:50', '2018-01-17 10:32:50', 1, 1),
(180, 5, '2018-01-02', '1', '', 1, 1, 1, 0, '2018-01-18 11:21:53', '2018-01-18 11:21:53', 1, 5),
(181, 33, '2018-01-02', '1', '', 1, 1, 1, 0, '2018-01-18 11:21:53', '2018-01-18 11:21:53', 1, 5),
(182, 5, '2018-01-03', '1', '', 1, 1, 1, 0, '2018-01-18 11:22:09', '2018-01-18 11:22:09', 1, 5),
(183, 33, '2018-01-03', '1', '', 1, 1, 1, 0, '2018-01-18 11:22:09', '2018-01-18 11:22:09', 1, 5),
(184, 5, '2018-01-04', '1', '', 1, 1, 1, 0, '2018-01-18 11:22:33', '2018-01-18 11:22:33', 1, 5),
(185, 33, '2018-01-04', '1', '', 1, 1, 1, 0, '2018-01-18 11:22:33', '2018-01-18 11:22:33', 1, 5),
(186, 5, '2018-01-05', '1', '', 1, 1, 1, 0, '2018-01-18 11:23:15', '2018-01-18 11:23:15', 1, 5),
(187, 33, '2018-01-05', '1', '', 1, 1, 1, 0, '2018-01-18 11:23:15', '2018-01-18 11:23:15', 1, 5),
(188, 5, '2018-01-06', '1', '', 1, 1, 1, 0, '2018-01-18 11:23:29', '2018-01-18 11:23:29', 1, 5),
(189, 33, '2018-01-06', '1', '', 1, 1, 1, 0, '2018-01-18 11:23:29', '2018-01-18 11:23:29', 1, 5),
(190, 5, '2018-01-08', '1', '', 1, 1, 1, 0, '2018-01-18 11:24:48', '2018-01-18 11:24:48', 1, 5),
(191, 33, '2018-01-08', '1', '', 1, 1, 1, 0, '2018-01-18 11:24:48', '2018-01-18 11:24:48', 1, 5),
(192, 5, '2018-01-09', '1', '', 1, 1, 1, 0, '2018-01-18 11:25:10', '2018-01-18 11:25:10', 1, 5),
(193, 33, '2018-01-09', '1', '', 1, 1, 1, 0, '2018-01-18 11:25:10', '2018-01-18 11:25:10', 1, 5),
(194, 5, '2018-01-10', '1', '', 1, 1, 1, 0, '2018-01-18 11:25:40', '2018-01-18 11:25:40', 1, 5),
(195, 33, '2018-01-10', '1', '', 1, 1, 1, 0, '2018-01-18 11:25:40', '2018-01-18 11:25:40', 1, 5),
(196, 5, '2018-01-11', '1', '', 1, 1, 1, 0, '2018-01-18 11:26:00', '2018-01-18 11:26:00', 1, 5),
(197, 33, '2018-01-11', '1', '', 1, 1, 1, 0, '2018-01-18 11:26:00', '2018-01-18 11:26:00', 1, 5),
(198, 5, '2018-01-12', '0', 'personal work ', 1, 1, 1, 0, '2018-01-18 11:26:47', '2018-01-18 11:26:47', 1, 5),
(199, 33, '2018-01-12', '0', 'personal work ', 1, 1, 1, 0, '2018-01-18 11:26:47', '2018-01-18 11:26:47', 1, 5),
(200, 5, '2018-01-17', '1', '', 1, 1, 1, 0, '2018-01-18 11:27:38', '2018-01-18 11:27:38', 1, 5),
(201, 33, '2018-01-17', '0', 'personal work ', 1, 1, 1, 0, '2018-01-18 11:27:38', '2018-01-18 11:27:38', 1, 5),
(202, 5, '2018-01-18', '1', '', 1, 1, 1, 0, '2018-01-21 00:59:20', '2018-01-18 11:28:18', 1, 5),
(203, 33, '2018-01-18', '0', 'personal work ', 1, 1, 1, 0, '2018-01-21 00:59:20', '2018-01-18 11:28:18', 1, 5),
(204, 6, '2018-01-02', '1', '', 1, 1, 1, 0, '2018-01-18 11:54:04', '2018-01-18 11:54:04', 1, 6),
(205, 34, '2018-01-02', '1', '', 1, 1, 1, 0, '2018-01-18 11:54:04', '2018-01-18 11:54:04', 1, 6),
(206, 6, '2018-01-17', '1', '', 1, 1, 1, 0, '2018-01-18 11:54:30', '2018-01-18 11:54:30', 1, 6),
(207, 34, '2018-01-17', '1', '', 1, 1, 1, 0, '2018-01-18 11:54:30', '2018-01-18 11:54:30', 1, 6),
(208, 6, '2018-01-18', '1', '', 1, 1, 1, 1, '2018-01-22 04:55:29', '2018-01-22 10:25:29', 1, 6),
(209, 34, '2018-01-18', '0', 'sdgfhgjhjk.', 1, 1, 1, 1, '2018-01-22 04:55:29', '2018-01-22 10:25:29', 1, 6),
(210, 7, '2018-01-02', '1', '', 1, 1, 1, 0, '2018-01-18 16:55:27', '2018-01-18 16:55:27', 2, 8),
(211, 8, '2018-01-02', '1', '', 1, 1, 1, 0, '2018-01-18 16:55:27', '2018-01-18 16:55:27', 2, 8),
(212, 15, '2018-01-02', '1', '', 1, 1, 1, 0, '2018-01-18 16:55:27', '2018-01-18 16:55:27', 2, 8),
(213, 7, '2018-01-03', '1', '', 1, 1, 1, 0, '2018-01-18 16:55:43', '2018-01-18 16:55:43', 2, 8),
(214, 8, '2018-01-03', '1', '', 1, 1, 1, 0, '2018-01-18 16:55:44', '2018-01-18 16:55:44', 2, 8),
(215, 15, '2018-01-03', '1', '', 1, 1, 1, 0, '2018-01-18 16:55:44', '2018-01-18 16:55:44', 2, 8),
(216, 7, '2018-01-04', '1', '', 1, 1, 1, 0, '2018-01-18 16:56:04', '2018-01-18 16:56:04', 2, 8),
(217, 8, '2018-01-04', '1', '', 1, 1, 1, 0, '2018-01-18 16:56:04', '2018-01-18 16:56:04', 2, 8),
(218, 15, '2018-01-04', '1', '', 1, 1, 1, 0, '2018-01-18 16:56:04', '2018-01-18 16:56:04', 2, 8),
(219, 7, '2018-01-05', '0', 'Function At Home', 1, 1, 1, 0, '2018-01-18 16:56:38', '2018-01-18 16:56:38', 2, 8),
(220, 8, '2018-01-05', '1', '', 1, 1, 1, 0, '2018-01-18 16:56:38', '2018-01-18 16:56:38', 2, 8),
(221, 15, '2018-01-05', '1', '', 1, 1, 1, 0, '2018-01-18 16:56:38', '2018-01-18 16:56:38', 2, 8),
(222, 7, '2018-01-18', '1', '', 1, 1, 1, 0, '2018-01-18 16:56:52', '2018-01-18 16:56:52', 2, 8),
(223, 8, '2018-01-18', '0', 'Function At Home', 1, 1, 1, 0, '2018-01-18 16:56:52', '2018-01-18 16:56:52', 2, 8),
(224, 15, '2018-01-18', '1', '', 1, 1, 1, 0, '2018-01-18 16:56:52', '2018-01-18 16:56:52', 2, 8),
(225, 7, '2018-01-06', '1', '', 1, 1, 1, 0, '2018-01-18 16:57:12', '2018-01-18 16:57:12', 2, 8),
(226, 8, '2018-01-06', '0', 'Function At Home', 1, 1, 1, 0, '2018-01-18 16:57:12', '2018-01-18 16:57:12', 2, 8),
(227, 15, '2018-01-06', '1', '', 1, 1, 1, 0, '2018-01-18 16:57:12', '2018-01-18 16:57:12', 2, 8),
(228, 7, '2018-01-08', '1', '', 1, 1, 1, 0, '2018-01-18 16:57:30', '2018-01-18 16:57:30', 2, 8),
(229, 8, '2018-01-08', '1', '', 1, 1, 1, 0, '2018-01-18 16:57:30', '2018-01-18 16:57:30', 2, 8),
(230, 15, '2018-01-08', '1', '', 1, 1, 1, 0, '2018-01-18 16:57:31', '2018-01-18 16:57:31', 2, 8),
(231, 7, '2018-01-09', '0', 'Function At Home', 1, 1, 1, 0, '2018-01-18 16:57:52', '2018-01-18 16:57:52', 2, 8),
(232, 8, '2018-01-09', '1', '', 1, 1, 1, 0, '2018-01-18 16:57:52', '2018-01-18 16:57:52', 2, 8),
(233, 15, '2018-01-09', '1', '', 1, 1, 1, 0, '2018-01-18 16:57:52', '2018-01-18 16:57:52', 2, 8),
(234, 7, '2018-01-10', '1', '', 1, 1, 1, 0, '2018-01-18 16:58:28', '2018-01-18 16:58:28', 2, 8),
(235, 8, '2018-01-10', '0', 'Function At Home', 1, 1, 1, 0, '2018-01-18 16:58:28', '2018-01-18 16:58:28', 2, 8),
(236, 15, '2018-01-10', '1', '', 1, 1, 1, 0, '2018-01-18 16:58:28', '2018-01-18 16:58:28', 2, 8),
(237, 7, '2018-01-11', '1', '', 1, 1, 1, 0, '2018-01-18 16:58:45', '2018-01-18 16:58:45', 2, 8),
(238, 8, '2018-01-11', '1', '', 1, 1, 1, 0, '2018-01-18 16:58:45', '2018-01-18 16:58:45', 2, 8),
(239, 15, '2018-01-11', '1', '', 1, 1, 1, 0, '2018-01-18 16:58:45', '2018-01-18 16:58:45', 2, 8),
(240, 7, '2018-01-12', '1', '', 1, 1, 1, 0, '2018-01-18 16:59:03', '2018-01-18 16:59:03', 2, 8),
(241, 8, '2018-01-12', '1', '', 1, 1, 1, 0, '2018-01-18 16:59:03', '2018-01-18 16:59:03', 2, 8),
(242, 15, '2018-01-12', '1', '', 1, 1, 1, 0, '2018-01-18 16:59:03', '2018-01-18 16:59:03', 2, 8),
(243, 7, '2018-01-17', '1', '', 1, 1, 1, 0, '2018-01-18 16:59:40', '2018-01-18 16:59:40', 2, 8),
(244, 8, '2018-01-17', '1', '', 1, 1, 1, 0, '2018-01-18 16:59:40', '2018-01-18 16:59:40', 2, 8),
(245, 15, '2018-01-17', '0', 'personal work ', 1, 1, 1, 0, '2018-01-18 16:59:40', '2018-01-18 16:59:40', 2, 8),
(246, 11, '2018-01-02', '1', '', 1, 1, 1, 0, '2018-01-18 17:40:26', '2018-01-18 17:40:26', 2, 10),
(247, 14, '2018-01-02', '1', '', 1, 1, 1, 0, '2018-01-18 17:40:26', '2018-01-18 17:40:26', 2, 10),
(248, 11, '2018-01-03', '1', '', 1, 1, 1, 0, '2018-01-18 17:40:39', '2018-01-18 17:40:39', 2, 10),
(249, 14, '2018-01-03', '1', '', 1, 1, 1, 0, '2018-01-18 17:40:39', '2018-01-18 17:40:39', 2, 10),
(250, 11, '2018-01-04', '1', '', 1, 1, 1, 0, '2018-01-18 17:40:53', '2018-01-18 17:40:53', 2, 10),
(251, 14, '2018-01-04', '1', '', 1, 1, 1, 0, '2018-01-18 17:40:53', '2018-01-18 17:40:53', 2, 10),
(252, 11, '2018-01-05', '1', '', 1, 1, 1, 0, '2018-01-18 17:41:12', '2018-01-18 17:41:12', 2, 10),
(253, 14, '2018-01-05', '1', '', 1, 1, 1, 0, '2018-01-18 17:41:12', '2018-01-18 17:41:12', 2, 10),
(254, 11, '2018-01-06', '1', '', 1, 1, 1, 0, '2018-01-18 17:41:29', '2018-01-18 17:41:29', 2, 10),
(255, 14, '2018-01-06', '1', '', 1, 1, 1, 0, '2018-01-18 17:41:29', '2018-01-18 17:41:29', 2, 10),
(256, 11, '2018-01-08', '0', 'personal work', 1, 1, 1, 0, '2018-01-18 17:42:06', '2018-01-18 17:42:06', 2, 10),
(257, 14, '2018-01-08', '0', 'personal work', 1, 1, 1, 0, '2018-01-18 17:42:06', '2018-01-18 17:42:06', 2, 10),
(258, 11, '2018-01-09', '1', '', 1, 1, 1, 0, '2018-01-18 17:42:24', '2018-01-18 17:42:24', 2, 10),
(259, 14, '2018-01-09', '1', '', 1, 1, 1, 0, '2018-01-18 17:42:24', '2018-01-18 17:42:24', 2, 10),
(260, 11, '2018-01-10', '1', '', 1, 1, 1, 0, '2018-01-18 17:42:41', '2018-01-18 17:42:41', 2, 10),
(261, 14, '2018-01-10', '1', '', 1, 1, 1, 0, '2018-01-18 17:42:41', '2018-01-18 17:42:41', 2, 10),
(262, 11, '2018-01-11', '1', '', 1, 1, 1, 0, '2018-01-18 17:43:07', '2018-01-18 17:43:07', 2, 10),
(263, 14, '2018-01-11', '1', '', 1, 1, 1, 0, '2018-01-18 17:43:07', '2018-01-18 17:43:07', 2, 10),
(264, 11, '2018-01-12', '1', '', 1, 1, 1, 0, '2018-01-18 17:43:24', '2018-01-18 17:43:24', 2, 10),
(265, 14, '2018-01-12', '1', '', 1, 1, 1, 0, '2018-01-18 17:43:24', '2018-01-18 17:43:24', 2, 10),
(266, 11, '2018-01-17', '0', 'personal work', 1, 1, 1, 0, '2018-01-18 17:43:54', '2018-01-18 17:43:54', 2, 10),
(267, 14, '2018-01-17', '0', 'personal work', 1, 1, 1, 0, '2018-01-18 17:43:54', '2018-01-18 17:43:54', 2, 10),
(268, 11, '2018-01-18', '1', '', 1, 1, 1, 0, '2018-01-18 17:44:10', '2018-01-18 17:44:10', 2, 10),
(269, 14, '2018-01-18', '0', 'personal work', 1, 1, 1, 0, '2018-01-18 17:44:10', '2018-01-18 17:44:10', 2, 10),
(270, 1, '2018-01-23', '1', '', 1, 1, 1, 1, '2018-01-24 07:26:33', '2018-01-24 12:56:33', 1, 4),
(271, 4, '2018-01-23', '1', '', 1, 1, 1, 1, '2018-01-24 07:26:34', '2018-01-24 12:56:34', 1, 4),
(272, 37, '2018-01-23', '1', '', 1, 1, 1, 1, '2018-01-24 07:26:34', '2018-01-24 12:56:34', 1, 4),
(273, 4, '2018-01-20', '1', '', 1, 1, 1, 0, '2018-01-24 14:27:13', '2018-01-24 14:27:13', 1, 4),
(274, 37, '2018-01-20', '1', '', 1, 1, 1, 0, '2018-01-24 14:27:13', '2018-01-24 14:27:13', 1, 4),
(275, 1, '2018-06-01', '1', '', 1, 1, 1, 0, '2018-07-13 11:29:40', '2018-07-13 11:29:40', 1, 6),
(276, 6, '2018-06-01', '1', '', 1, 1, 1, 0, '2018-07-13 11:29:40', '2018-07-13 11:29:40', 1, 6),
(277, 34, '2018-06-01', '1', '', 1, 1, 1, 0, '2018-07-13 11:29:40', '2018-07-13 11:29:40', 1, 6),
(278, 1, '2018-06-02', '1', '', 1, 1, 1, 0, '2018-07-13 11:30:19', '2018-07-13 11:30:19', 1, 6),
(279, 6, '2018-06-02', '1', '', 1, 1, 1, 0, '2018-07-13 11:30:19', '2018-07-13 11:30:19', 1, 6),
(280, 34, '2018-06-02', '1', '', 1, 1, 1, 0, '2018-07-13 11:30:19', '2018-07-13 11:30:19', 1, 6),
(281, 1, '2018-06-04', '1', '', 1, 1, 1, 0, '2018-07-13 11:31:07', '2018-07-13 11:31:07', 1, 6),
(282, 6, '2018-06-04', '1', '', 1, 1, 1, 0, '2018-07-13 11:31:07', '2018-07-13 11:31:07', 1, 6),
(283, 34, '2018-06-04', '1', '', 1, 1, 1, 0, '2018-07-13 11:31:07', '2018-07-13 11:31:07', 1, 6),
(284, 17, '1970-01-02', '1', '', 1, 2, 1, 0, '2018-07-19 01:45:49', '0000-00-00 00:00:00', 1, 1),
(285, 18, '1970-01-02', '1', '', 1, 2, 1, 0, '2018-07-19 01:45:49', '0000-00-00 00:00:00', 1, 2),
(286, 19, '1970-01-02', '1', '', 1, 2, 1, 0, '2018-07-19 01:45:49', '0000-00-00 00:00:00', 1, 3),
(287, 20, '1970-01-02', '0', '', 1, 2, 1, 0, '2018-07-19 01:45:12', '0000-00-00 00:00:00', 1, 4),
(288, 21, '1970-01-02', '0', '', 1, 2, 1, 0, '2018-07-19 01:45:12', '0000-00-00 00:00:00', 1, 5),
(289, 22, '1970-01-02', '0', '', 1, 2, 1, 0, '2018-07-19 01:45:12', '0000-00-00 00:00:00', 1, 6),
(290, 17, '2018-07-19', '1', '', 1, 2, 1, 0, '2018-07-19 01:47:04', '0000-00-00 00:00:00', 1, 1),
(291, 18, '2018-07-19', '0', '', 1, 2, 1, 0, '2018-07-19 01:47:04', '0000-00-00 00:00:00', 1, 2),
(292, 19, '2018-07-19', '1', '', 1, 2, 1, 0, '2018-07-19 01:47:04', '0000-00-00 00:00:00', 1, 3),
(293, 20, '2018-07-19', '0', '', 1, 2, 1, 0, '2018-07-19 01:45:33', '0000-00-00 00:00:00', 1, 4),
(294, 21, '2018-07-19', '0', '', 1, 2, 1, 0, '2018-07-19 01:45:33', '0000-00-00 00:00:00', 1, 5),
(295, 22, '2018-07-19', '0', '', 1, 2, 1, 0, '2018-07-19 01:45:33', '0000-00-00 00:00:00', 1, 6),
(296, 17, '2018-07-26', '1', '', 1, 2, 1, 0, '2018-07-26 22:47:19', '2018-07-26 22:47:19', 1, 1),
(297, 32, '2018-07-26', '1', '', 1, 2, 1, 0, '2018-07-26 22:47:19', '2018-07-26 22:47:19', 1, 1);

-- --------------------------------------------------------

--
-- Table structure for table `staff_departments`
--

CREATE TABLE IF NOT EXISTS `staff_departments` (
  `id` int(11) NOT NULL AUTO_INCREMENT,
  `staff_type_id` int(11) NOT NULL,
  `title` varchar(255) NOT NULL,
  `status` int(3) NOT NULL DEFAULT '1',
  `academic_year_id` int(11) NOT NULL,
  `created_user_id` int(11) NOT NULL,
  `updated_user_id` int(11) NOT NULL,
  `created_at` timestamp NOT NULL DEFAULT CURRENT_TIMESTAMP,
  `updated_at` timestamp NOT NULL DEFAULT '0000-00-00 00:00:00',
  PRIMARY KEY (`id`)
) ENGINE=InnoDB  DEFAULT CHARSET=latin1 AUTO_INCREMENT=12 ;

--
-- Dumping data for table `staff_departments`
--

INSERT INTO `staff_departments` (`id`, `staff_type_id`, `title`, `status`, `academic_year_id`, `created_user_id`, `updated_user_id`, `created_at`, `updated_at`) VALUES
(1, 1, 'Telugu', 1, 1, 1, 0, '2017-12-19 12:18:36', '2017-12-19 12:18:36'),
(2, 1, 'Hindi', 1, 1, 1, 0, '2017-12-19 12:18:55', '2017-12-19 12:18:55'),
(3, 1, 'English', 1, 1, 1, 0, '2017-12-19 12:19:14', '2017-12-19 12:19:14'),
(4, 1, 'Maths', 1, 1, 1, 0, '2017-12-19 12:19:32', '2017-12-19 12:19:32'),
(5, 1, 'Science', 1, 1, 1, 0, '2017-12-19 12:19:51', '2017-12-19 12:19:51'),
(6, 1, 'Social', 1, 1, 1, 0, '2017-12-19 12:20:18', '2017-12-19 12:20:18'),
(7, 2, 'Library', 1, 1, 1, 0, '2017-12-19 12:20:55', '2017-12-19 12:20:55'),
(8, 2, 'Driver', 1, 1, 1, 0, '2017-12-19 12:21:22', '2017-12-19 12:21:22'),
(9, 2, 'Office Admin', 1, 1, 1, 0, '2017-12-19 12:21:40', '2017-12-19 12:21:40'),
(10, 2, 'Accountant', 1, 1, 1, 1, '2017-12-19 12:22:09', '2017-12-19 12:22:40'),
(11, 2, 'Others ', 1, 1, 1, 0, '2018-01-18 10:45:26', '2018-01-25 15:53:44');

-- --------------------------------------------------------

--
-- Table structure for table `staff_documents`
--

CREATE TABLE IF NOT EXISTS `staff_documents` (
  `id` int(11) NOT NULL AUTO_INCREMENT,
  `staff_id` int(11) NOT NULL,
  `document` varchar(255) NOT NULL,
  `file_name` varchar(255) NOT NULL,
  `academic_year_id` int(11) NOT NULL,
  `status` int(3) NOT NULL DEFAULT '1',
  `created_user_id` int(11) NOT NULL,
  `updated_user_id` int(11) NOT NULL,
  `created_at` timestamp NOT NULL DEFAULT CURRENT_TIMESTAMP ON UPDATE CURRENT_TIMESTAMP,
  `updated_at` timestamp NULL DEFAULT NULL,
  PRIMARY KEY (`id`)
) ENGINE=InnoDB  DEFAULT CHARSET=latin1 AUTO_INCREMENT=25 ;

--
-- Dumping data for table `staff_documents`
--

INSERT INTO `staff_documents` (`id`, `staff_id`, `document`, `file_name`, `academic_year_id`, `status`, `created_user_id`, `updated_user_id`, `created_at`, `updated_at`) VALUES
(1, 1, '2017-12-19-12-29-17-ssc2.jpg', 'Certificates ', 1, 1, 1, 0, '2017-12-19 12:29:17', '2017-12-19 12:29:17'),
(2, 2, '2017-12-19-12-34-28-Wittenborg-University-of-Applied-Sciences-Fake-Diploma.jpg', 'certificates ', 1, 1, 1, 0, '2017-12-19 12:34:28', '2017-12-19 12:34:28'),
(3, 3, '2017-12-19-12-46-53-ssc5.jpg', 'Certificates ', 1, 1, 1, 0, '2017-12-19 12:46:53', '2017-12-19 12:46:53'),
(4, 4, '2017-12-19-12-52-28-v1.jpg', 'certificates ', 1, 1, 1, 0, '2017-12-19 12:52:28', '2017-12-19 12:52:28'),
(5, 5, '2017-12-19-12-59-54-ssc5.jpg', 'certificates ', 1, 1, 1, 0, '2017-12-19 12:59:54', '2017-12-19 12:59:54'),
(6, 6, '2017-12-19-13-04-58-ss4.jpg', 'certificates ', 1, 1, 1, 0, '2017-12-19 13:04:58', '2017-12-19 13:04:58'),
(7, 7, '2017-12-19-13-09-44-aadhar3.jpg', 'Id prof', 1, 1, 1, 0, '2017-12-19 13:09:44', '2017-12-19 13:09:44'),
(8, 8, '2017-12-19-14-15-45-v6.jpg', 'Id Prof', 1, 1, 1, 0, '2017-12-19 14:15:45', '2017-12-19 14:15:45'),
(9, 9, '2017-12-19-14-22-42-v3.jpg', 'ID Prof', 1, 1, 1, 0, '2017-12-19 14:22:42', '2017-12-19 14:22:42'),
(10, 10, '2017-12-19-14-27-35-d5.jpeg', 'ID prof', 1, 1, 1, 0, '2017-12-19 14:27:35', '2017-12-19 14:27:35'),
(11, 11, '2017-12-19-14-43-07-aadhar3.jpg', 'ID Prof', 1, 1, 1, 0, '2017-12-19 14:43:07', '2017-12-19 14:43:07'),
(12, 12, '2018-01-08-12-55-18-v4.jpg', 'Id prof', 1, 1, 1, 0, '2018-01-08 12:55:18', '2018-01-08 12:55:18'),
(13, 33, '2018-01-18-10-57-52-v3.jpg', 'ID Profe', 1, 1, 1, 0, '2018-01-18 10:57:52', '2018-01-18 10:57:52'),
(14, 33, '2018-01-18-10-58-41-ssc2.jpg', 'Degree Certificate  ', 1, 1, 1, 0, '2018-01-18 10:58:41', '2018-01-18 10:58:41'),
(15, 14, '2018-01-19-10-17-32-Wittenborg-University-of-Applied-Sciences-Fake-Diploma.jpg', 'Certificates ', 1, 1, 1, 0, '2018-01-19 10:17:32', '2018-01-19 10:17:32'),
(16, 35, '2018-01-20-11-47-31-images (17).jpg', 'adtjyu', 1, 1, 1, 0, '2018-01-20 11:47:31', '2018-01-20 11:47:31'),
(17, 36, '2018-01-20-14-13-45-images (14).jpg', 'gfghilk', 1, 1, 1, 0, '2018-01-20 14:13:45', '2018-01-20 14:13:45'),
(18, 36, '2018-01-20-14-29-08-vidhyapp_test.pem', 'word document', 1, 1, 1, 0, '2018-01-20 14:29:08', '2018-01-20 14:29:08'),
(19, 36, '2018-01-20-14-31-19-Final Test(1).xlsx', 'Id ', 1, 1, 1, 0, '2018-01-20 14:31:19', '2018-01-20 14:31:19'),
(20, 37, '2018-01-24-11-13-37', 'xyz', 1, 1, 1, 0, '2018-01-24 11:13:37', '2018-01-24 11:13:37'),
(21, 37, '2018-01-24-11-33-45', 'Mno', 1, 1, 1, 0, '2018-01-24 11:33:45', '2018-01-24 11:33:45'),
(23, 38, '2018-01-24-15-06-35', 'Id Profi', 1, 1, 1, 0, '2018-01-24 15:06:35', '2018-01-24 15:06:35'),
(24, 1, '2018-03-14-15-56-11', 'ytuyguhij;'';', 1, 1, 1, 0, '2018-03-14 15:56:11', '2018-03-14 15:56:11');

-- --------------------------------------------------------

--
-- Table structure for table `staff_experiences`
--

CREATE TABLE IF NOT EXISTS `staff_experiences` (
  `id` int(11) NOT NULL AUTO_INCREMENT,
  `staff_id` int(11) NOT NULL,
  `organisation_name` varchar(255) NOT NULL,
  `position` varchar(255) NOT NULL,
  `from_year` varchar(255) NOT NULL,
  `to_year` varchar(255) NOT NULL,
  `total_years` varchar(255) NOT NULL,
  `created_at` timestamp NOT NULL DEFAULT CURRENT_TIMESTAMP ON UPDATE CURRENT_TIMESTAMP,
  `updated_at` timestamp NOT NULL DEFAULT '0000-00-00 00:00:00',
  `academic_year_id` int(11) NOT NULL,
  `status` varchar(255) NOT NULL DEFAULT '1',
  `created_user_id` int(11) NOT NULL,
  `updated_user_id` int(11) NOT NULL,
  PRIMARY KEY (`id`)
) ENGINE=InnoDB  DEFAULT CHARSET=latin1 ROW_FORMAT=COMPACT AUTO_INCREMENT=21 ;

--
-- Dumping data for table `staff_experiences`
--

INSERT INTO `staff_experiences` (`id`, `staff_id`, `organisation_name`, `position`, `from_year`, `to_year`, `total_years`, `created_at`, `updated_at`, `academic_year_id`, `status`, `created_user_id`, `updated_user_id`) VALUES
(1, 1, 'Vivekanandha', 'Teacher', '2014', '2017', '3 Years', '2018-01-30 09:23:13', '2018-01-30 14:53:13', 1, '1', 1, 1),
(2, 2, 'Revathi', 'Teacher', '205', '2017', '2', '2017-12-19 12:34:02', '2017-12-19 12:34:02', 1, '1', 1, 0),
(3, 3, 'Revathi School', 'Teacher', '2015', '2017', '2 years', '2017-12-19 12:46:23', '2017-12-19 12:46:23', 1, '1', 1, 0),
(4, 4, 'Ramakrishna School', 'Teacher', '2014', '2017', '3 Years', '2017-12-19 12:51:58', '2017-12-19 12:51:58', 1, '1', 1, 0),
(5, 5, 'Vivekananda School', 'Teacher', '2015', '2017', '2 Years', '2017-12-19 12:58:41', '2017-12-19 12:58:41', 1, '1', 1, 0),
(6, 6, 'Srinidhi School', 'Teacher', '2012', '2017', '5 Years', '2017-12-19 13:04:34', '2017-12-19 13:04:34', 1, '1', 1, 0),
(7, 7, 'Revathi School', 'Driver', '2012', '2017', '5 years', '2017-12-19 13:09:25', '2017-12-19 13:09:25', 1, '1', 1, 0),
(8, 8, 'Radhika School', 'Driver', '2014', '2017', '2 years', '2017-12-19 14:15:17', '2017-12-19 14:15:17', 1, '1', 1, 0),
(9, 9, 'BSIT', 'Librarian ', '2014', '2017', '3 years', '2017-12-19 14:21:50', '2017-12-19 14:21:50', 1, '1', 1, 0),
(10, 10, 'Revathi School', 'Accountant', '2014', '2017', '2 years', '2017-12-19 14:27:10', '2017-12-19 14:27:10', 1, '1', 1, 0),
(11, 11, 'BSIT', 'Office Admin ', '2012', '2017', '5 Years', '2017-12-19 14:42:25', '2017-12-19 14:42:25', 1, '1', 1, 0),
(12, 12, 'vivekanandha school', 'Librarian ', '2014', '2016', '2 Years', '2018-01-08 12:54:36', '2018-01-08 12:54:36', 1, '1', 1, 0),
(13, 33, 'Vivekanandha School', 'Teacher', '2015', '2017', '2 years', '2018-01-18 10:54:53', '2018-01-18 10:54:53', 1, '1', 1, 0),
(14, 14, 'Ramakrishna School', 'Accountant   ', '2014', '2016', '2 years', '2018-01-19 10:16:52', '2018-01-19 10:16:52', 1, '1', 1, 0),
(15, 35, 'aderj', 'tryr', '2014', '2016', '2 years', '2018-01-20 11:47:18', '2018-01-20 11:47:18', 1, '1', 1, 0),
(16, 36, 'hghoilkhk', 'guoho', '2014', '2016', '2 Years', '2018-01-20 14:12:56', '2018-01-20 14:12:56', 1, '1', 1, 0),
(17, 37, 'VJIT', 'Staff', '10-10-2013', '02-08-2017', '4Years', '2018-01-24 11:21:19', '2018-01-24 11:21:19', 1, '1', 1, 0),
(18, 38, 'Vivekanandha School', 'Teacher', '2012', '2015', '3 Years  3 Months', '2018-01-24 09:30:07', '2018-01-24 15:00:07', 1, '1', 1, 1),
(20, 1, 'Vvit', 'Teacher', '2014', '2017', '3 Years', '2018-01-30 14:52:33', '2018-01-30 14:52:33', 1, '1', 1, 0);

-- --------------------------------------------------------

--
-- Table structure for table `staff_qualifications`
--

CREATE TABLE IF NOT EXISTS `staff_qualifications` (
  `id` int(11) NOT NULL AUTO_INCREMENT,
  `staff_id` int(11) NOT NULL,
  `qualification` varchar(255) NOT NULL,
  `course_name` varchar(255) NOT NULL,
  `stream_branch` varchar(255) NOT NULL,
  `institute_name` varchar(255) NOT NULL,
  `percentage` varchar(255) NOT NULL,
  `created_at` timestamp NOT NULL DEFAULT CURRENT_TIMESTAMP ON UPDATE CURRENT_TIMESTAMP,
  `updated_at` timestamp NOT NULL DEFAULT '0000-00-00 00:00:00',
  `academic_year_id` int(11) NOT NULL,
  `status` varchar(255) NOT NULL DEFAULT '1',
  `created_user_id` int(11) NOT NULL,
  `updated_user_id` int(11) NOT NULL,
  PRIMARY KEY (`id`)
) ENGINE=InnoDB  DEFAULT CHARSET=latin1 ROW_FORMAT=COMPACT AUTO_INCREMENT=19 ;

--
-- Dumping data for table `staff_qualifications`
--

INSERT INTO `staff_qualifications` (`id`, `staff_id`, `qualification`, `course_name`, `stream_branch`, `institute_name`, `percentage`, `created_at`, `updated_at`, `academic_year_id`, `status`, `created_user_id`, `updated_user_id`) VALUES
(1, 1, 'pg', 'Computers ', 'It', 'Jntu', '78', '2017-12-19 12:27:30', '2017-12-19 12:27:30', 1, '1', 1, 0),
(2, 2, 'Degree', 'Bsc', 'Computers', 'Ou', '92', '2017-12-19 12:33:37', '2017-12-19 12:33:37', 1, '1', 1, 0),
(3, 3, 'Degree', 'Bsc ', 'Computers', 'Jntu', '85', '2017-12-19 12:45:33', '2017-12-19 12:45:33', 1, '1', 1, 0),
(4, 4, 'Pg', 'Computers', 'ECE', 'Ou', '75', '2017-12-19 12:51:19', '2017-12-19 12:51:19', 1, '1', 1, 0),
(5, 5, 'Degree', 'Bsc', 'Maths', 'Ou', '98', '2017-12-19 12:57:47', '2017-12-19 12:57:47', 1, '1', 1, 0),
(6, 7, 'Degree', 'Bsc', 'computers', 'Jntu', '74', '2017-12-19 07:38:46', '2017-12-19 13:08:46', 1, '1', 1, 1),
(7, 8, 'Degree', 'Bsc', 'computers', 'JNTU', '85', '2017-12-19 14:14:17', '2017-12-19 14:14:17', 1, '1', 1, 0),
(8, 9, 'pg ', 'ECE', 'ECE', 'Ou', '76', '2017-12-19 14:20:03', '2017-12-19 14:20:03', 1, '1', 1, 0),
(9, 10, 'Degree', 'Bcom', 'Computers', 'Ou', '78', '2017-12-19 14:26:21', '2017-12-19 14:26:21', 1, '1', 1, 0),
(10, 11, 'Pg', 'B-Tech', 'IT', 'JNTU', '85', '2017-12-19 14:41:36', '2017-12-19 14:41:36', 1, '1', 1, 0),
(11, 12, 'phd', 'English', 'Communication ', 'Ou', '56', '2018-01-08 12:53:53', '2018-01-08 12:53:53', 1, '1', 1, 0),
(12, 1, 'inter', 'English', 'Communication', 'Gouthami college', '69', '2018-01-08 10:15:57', '2018-01-08 15:45:57', 1, '1', 1, 1),
(13, 33, 'B-Tech', 'Information Technology ', 'It', 'BSIT', '68', '2018-01-18 05:23:37', '2018-01-18 10:53:37', 1, '1', 1, 1),
(14, 14, 'Degree', 'Bsc', 'Compuers', 'Ou', '75', '2018-01-19 10:15:15', '2018-01-19 10:15:15', 1, '1', 1, 0),
(15, 35, 'dfghj', 'gfhgjhg', 'dgfhdfd', 'dghhgjk', '85', '2018-01-20 11:46:49', '2018-01-20 11:46:49', 1, '1', 1, 0),
(16, 36, 'hhbuihjoi', 'jgkhbkjgb', 'hgiukhoilk', 'jfgoilkhk', '64%', '2018-01-20 14:12:08', '2018-01-20 14:12:08', 1, '1', 1, 0),
(17, 37, 'MBA', 'MPC', 'MATHS', 'ABC', '70%', '2018-01-24 11:18:26', '2018-01-24 11:18:26', 1, '1', 1, 0),
(18, 38, 'PG', 'BSC', 'Computers', 'OU', '65 %', '2018-01-24 09:28:47', '2018-01-24 14:58:47', 1, '1', 1, 1);

-- --------------------------------------------------------

--
-- Table structure for table `staff_salaries`
--

CREATE TABLE IF NOT EXISTS `staff_salaries` (
  `id` int(11) NOT NULL AUTO_INCREMENT,
  `staff_id` int(11) NOT NULL,
  `month_id` varchar(255) NOT NULL,
  `gross_salary` varchar(255) NOT NULL,
  `academic_year_id` int(11) NOT NULL,
  `status` int(3) NOT NULL DEFAULT '1',
  `created_user_id` int(11) NOT NULL,
  `updated_user_id` int(11) NOT NULL,
  `created_at` timestamp NOT NULL DEFAULT CURRENT_TIMESTAMP ON UPDATE CURRENT_TIMESTAMP,
  `updated_at` timestamp NOT NULL DEFAULT '0000-00-00 00:00:00',
  `deducted_salary` varchar(255) NOT NULL,
  `remark` text NOT NULL,
  `staff_type_id` int(11) NOT NULL,
  `staff_department_id` int(11) NOT NULL,
  PRIMARY KEY (`id`)
) ENGINE=InnoDB  DEFAULT CHARSET=latin1 AUTO_INCREMENT=22 ;

--
-- Dumping data for table `staff_salaries`
--

INSERT INTO `staff_salaries` (`id`, `staff_id`, `month_id`, `gross_salary`, `academic_year_id`, `status`, `created_user_id`, `updated_user_id`, `created_at`, `updated_at`, `deducted_salary`, `remark`, `staff_type_id`, `staff_department_id`) VALUES
(1, 1, '11', '14,500', 1, 1, 1, 0, '2017-12-19 16:43:40', '2017-12-19 16:43:40', '500', 'No Remarks', 1, 1),
(2, 2, '11', '19,600', 1, 1, 1, 0, '2017-12-19 16:44:02', '2017-12-19 16:44:02', '1400', 'No Remarks', 1, 2),
(3, 3, '11', '18,667', 1, 1, 1, 0, '2017-12-19 16:44:20', '2017-12-19 16:44:20', '1333.3333333333', 'No Remarks', 1, 3),
(4, 4, '11', '18,000', 1, 1, 1, 0, '2017-12-19 16:44:53', '2017-12-19 16:44:53', '0', 'No Remarks', 1, 4),
(5, 5, '11', '22,233', 1, 1, 1, 0, '2017-12-19 16:45:26', '2017-12-19 16:45:26', '766.66666666667', 'No Remarks', 1, 5),
(6, 6, '11', '19,333', 1, 1, 1, 0, '2017-12-19 16:45:57', '2017-12-19 16:45:57', '666.66666666667', 'No Remarks', 1, 6),
(7, 9, '1', '24,000', 1, 1, 1, 0, '2018-01-08 12:14:46', '2018-01-08 12:14:46', '0', 'No Remarks', 2, 7),
(8, 10, '1', '23,226', 1, 1, 1, 0, '2018-01-08 12:31:05', '2018-01-08 12:31:05', '774.1935483871', 'No Remarks', 2, 9),
(10, 1, '1', '14,516', 1, 1, 1, 0, '2018-01-17 10:35:03', '2018-01-17 10:35:03', '483.87096774194', 'No Remarks', 1, 1),
(11, 33, '1', '23,387', 1, 1, 1, 0, '2018-01-18 11:34:53', '2018-01-18 11:34:53', '1612.9032258065', 'No Remarks', 1, 5),
(12, 34, '1', '26,000', 1, 1, 1, 0, '2018-01-18 11:56:13', '2018-01-18 11:56:13', '0', 'No Remarks', 1, 6),
(13, 7, '1', '15,484', 1, 1, 1, 0, '2018-01-18 17:01:05', '2018-01-18 17:01:05', '516.12903225806', 'No remarks', 2, 8),
(14, 8, '1', '22,452', 1, 1, 1, 0, '2018-01-18 17:01:34', '2018-01-18 17:01:34', '1548.3870967742', 'No remarks', 2, 8),
(15, 15, '1', '8,645', 1, 1, 1, 0, '2018-01-18 17:02:38', '2018-01-18 17:02:38', '0', 'No remarks', 2, 8),
(16, 11, '1', '24,194', 1, 1, 1, 0, '2018-01-18 17:44:55', '2018-01-18 17:44:55', '806.45161290323', 'No remarks', 2, 10),
(18, 37, '1', '13,450', 1, 1, 1, 0, '2018-01-24 12:44:30', '2018-01-24 12:44:30', '0', 'gfbklbj', 1, 4),
(19, 16, '1', '23,226', 1, 1, 1, 0, '2018-04-12 06:48:13', '2018-04-12 06:48:13', '774.1935483871', '', 1, 1),
(20, 17, '1', '15,000', 2, 1, 1, 0, '2018-07-12 20:40:16', '2018-07-12 20:40:16', '0', '', 1, 1),
(21, 1, '6', '15,000', 1, 1, 1, 0, '2018-07-13 11:31:38', '2018-07-13 11:31:38', '0', '', 1, 6);

-- --------------------------------------------------------

--
-- Table structure for table `staff_subjects`
--

CREATE TABLE IF NOT EXISTS `staff_subjects` (
  `id` int(11) NOT NULL AUTO_INCREMENT,
  `staff_id` int(11) NOT NULL,
  `class_id` int(11) NOT NULL,
  `section_id` int(11) NOT NULL,
  `subject_id` int(11) NOT NULL,
  `academic_year_id` int(11) NOT NULL,
  `status` int(3) NOT NULL DEFAULT '1',
  `created_user_id` int(11) NOT NULL,
  `updated_user_id` int(11) NOT NULL,
  `created_at` timestamp NOT NULL DEFAULT CURRENT_TIMESTAMP ON UPDATE CURRENT_TIMESTAMP,
  `updated_at` timestamp NULL DEFAULT NULL,
  `class_section_id` int(11) NOT NULL,
  `institute_timing_id` int(11) NOT NULL,
  `staff_department_id` int(20) NOT NULL,
  `staff_type_id` int(20) NOT NULL,
  `description` text NOT NULL,
  PRIMARY KEY (`id`)
) ENGINE=InnoDB  DEFAULT CHARSET=latin1 ROW_FORMAT=COMPACT AUTO_INCREMENT=25 ;

--
-- Dumping data for table `staff_subjects`
--

INSERT INTO `staff_subjects` (`id`, `staff_id`, `class_id`, `section_id`, `subject_id`, `academic_year_id`, `status`, `created_user_id`, `updated_user_id`, `created_at`, `updated_at`, `class_section_id`, `institute_timing_id`, `staff_department_id`, `staff_type_id`, `description`) VALUES
(1, 1, 1, 1, 1, 1, 1, 1, 0, '2017-12-19 14:45:43', '2017-12-19 14:45:43', 1, 0, 1, 1, 'Telugu Teacher'),
(2, 2, 1, 1, 2, 1, 1, 1, 0, '2017-12-19 14:46:21', '2017-12-19 14:46:21', 1, 0, 2, 1, 'Hindi'),
(3, 3, 1, 1, 3, 1, 1, 1, 0, '2017-12-19 14:47:01', '2017-12-19 14:47:01', 1, 0, 3, 1, 'English'),
(4, 4, 1, 1, 4, 1, 1, 1, 0, '2017-12-19 14:47:23', '2017-12-19 14:47:23', 1, 0, 4, 1, 'Maths'),
(6, 6, 1, 1, 6, 1, 1, 1, 0, '2017-12-19 14:48:14', '2017-12-19 14:48:14', 1, 0, 6, 1, 'Social'),
(7, 1, 2, 0, 1, 1, 1, 1, 0, '2017-12-19 14:48:57', '2017-12-19 14:48:57', 2, 0, 1, 1, 'Telugu Teacher'),
(8, 2, 2, 0, 2, 1, 1, 1, 0, '2017-12-19 14:49:17', '2017-12-19 14:49:17', 2, 0, 2, 1, 'Hindi'),
(9, 3, 2, 0, 3, 1, 1, 1, 0, '2017-12-19 14:49:42', '2017-12-19 14:49:42', 2, 0, 3, 1, 'English'),
(10, 4, 2, 0, 4, 1, 1, 1, 0, '2017-12-19 14:50:17', '2017-12-19 14:50:17', 2, 0, 4, 1, 'Maths'),
(11, 5, 2, 0, 5, 1, 1, 1, 0, '2017-12-19 14:50:44', '2017-12-19 14:50:44', 2, 0, 5, 1, 'Science'),
(12, 6, 2, 0, 6, 1, 1, 1, 0, '2017-12-19 14:51:16', '2017-12-19 14:51:16', 2, 0, 6, 1, 'Social'),
(13, 1, 3, 2, 1, 1, 1, 1, 0, '2017-12-30 00:33:10', '2017-12-30 00:33:10', 4, 0, 1, 1, ''),
(14, 33, 7, 1, 5, 1, 1, 1, 0, '2018-01-18 11:04:47', '2018-01-18 11:04:47', 8, 0, 5, 1, ' Science teacher for this class'),
(15, 33, 1, 1, 5, 1, 1, 1, 0, '2018-01-18 11:19:10', '2018-01-18 11:19:10', 1, 0, 5, 1, 'zxcvbnm, '),
(16, 34, 7, 1, 6, 1, 1, 1, 0, '2018-01-18 11:53:31', '2018-01-18 11:53:31', 8, 0, 6, 1, 'Social'),
(17, 34, 7, 1, 1, 1, 1, 1, 0, '2018-01-18 12:11:48', '2018-01-18 12:11:48', 8, 0, 6, 1, 'gfh'),
(18, 16, 9, 3, 1, 1, 1, 1, 0, '2018-01-24 12:47:05', '2018-01-24 12:47:05', 26, 0, 1, 1, 'rw'),
(19, 2, 9, 3, 2, 1, 1, 1, 0, '2018-01-24 12:49:02', '2018-01-24 12:49:02', 26, 0, 2, 1, 'kjl'),
(20, 3, 9, 3, 3, 1, 1, 1, 0, '2018-01-24 12:51:21', '2018-01-24 12:51:21', 26, 0, 3, 1, ''),
(21, 37, 9, 3, 4, 1, 1, 1, 0, '2018-01-24 12:52:00', '2018-01-24 12:52:00', 26, 0, 4, 1, ''),
(22, 5, 9, 3, 5, 1, 1, 1, 0, '2018-01-24 12:52:51', '2018-01-24 12:52:51', 26, 0, 5, 1, 'rjgceds'),
(23, 6, 9, 3, 6, 1, 1, 1, 0, '2018-01-24 12:53:41', '2018-01-24 12:53:41', 26, 0, 6, 1, 'bghljkjm'),
(24, 16, 3, 2, 3, 1, 1, 1, 0, '2018-04-12 06:45:15', '2018-04-12 06:45:15', 4, 0, 1, 1, '');

-- --------------------------------------------------------

--
-- Table structure for table `staff_types`
--

CREATE TABLE IF NOT EXISTS `staff_types` (
  `id` int(11) NOT NULL AUTO_INCREMENT,
  `title` varchar(255) NOT NULL,
  `status` int(3) NOT NULL DEFAULT '1',
  `academic_year_id` int(11) NOT NULL,
  `created_user_id` int(11) NOT NULL,
  `updated_user_id` int(11) NOT NULL,
  `created_at` timestamp NOT NULL DEFAULT CURRENT_TIMESTAMP,
  `updated_at` timestamp NOT NULL DEFAULT '0000-00-00 00:00:00',
  PRIMARY KEY (`id`)
) ENGINE=InnoDB  DEFAULT CHARSET=latin1 AUTO_INCREMENT=4 ;

--
-- Dumping data for table `staff_types`
--

INSERT INTO `staff_types` (`id`, `title`, `status`, `academic_year_id`, `created_user_id`, `updated_user_id`, `created_at`, `updated_at`) VALUES
(1, 'Teaching', 1, 1, 1, 1, '2017-06-20 11:14:19', '2018-01-24 14:51:31'),
(2, 'Non teaching', 1, 1, 1, 1, '2017-06-20 11:14:29', '2018-01-29 11:44:20'),
(3, 'others ', 1, 2, 1, 1, '2017-07-15 11:19:39', '2018-07-13 16:51:54');

-- --------------------------------------------------------

--
-- Table structure for table `states`
--

CREATE TABLE IF NOT EXISTS `states` (
  `id` int(11) NOT NULL AUTO_INCREMENT,
  `state_name` varchar(255) NOT NULL,
  PRIMARY KEY (`id`)
) ENGINE=InnoDB  DEFAULT CHARSET=latin1 AUTO_INCREMENT=3 ;

--
-- Dumping data for table `states`
--

INSERT INTO `states` (`id`, `state_name`) VALUES
(1, 'Telangana'),
(2, 'Andhra pradesh');

-- --------------------------------------------------------

--
-- Table structure for table `students`
--

CREATE TABLE IF NOT EXISTS `students` (
  `id` int(11) NOT NULL AUTO_INCREMENT,
  `user_login_id` int(11) NOT NULL,
  `user_type_id` int(11) NOT NULL,
  `first_name` varchar(50) NOT NULL,
  `last_name` varchar(50) NOT NULL,
  `email` varchar(255) NOT NULL,
  `contact_number` varchar(20) NOT NULL,
  `emergency_number` varchar(20) NOT NULL,
  `date_of_birth` varchar(20) NOT NULL,
  `mark_1` varchar(255) NOT NULL,
  `photo` varchar(255) NOT NULL,
  `present_address` text NOT NULL,
  `admission_number` varchar(50) NOT NULL,
  `academic_year_id` int(11) NOT NULL,
  `class_id` int(11) NOT NULL,
  `section_id` int(11) NOT NULL,
  `roll_number` varchar(255) NOT NULL,
  `gender` varchar(50) NOT NULL,
  `aadhaar_number` varchar(20) NOT NULL,
  `joined_date` varchar(255) NOT NULL,
  `student_type_id` int(11) NOT NULL,
  `status` int(3) NOT NULL DEFAULT '1',
  `created_user_id` int(11) NOT NULL,
  `updated_user_id` int(11) NOT NULL,
  `created_at` timestamp NOT NULL DEFAULT CURRENT_TIMESTAMP ON UPDATE CURRENT_TIMESTAMP,
  `updated_at` timestamp NULL DEFAULT NULL,
  `class_section_id` int(11) NOT NULL,
  `unique_id` varchar(255) NOT NULL,
  `middle_name` varchar(255) NOT NULL,
  `father_name` varchar(255) NOT NULL,
  `mother_name` varchar(255) NOT NULL,
  `father_number` varchar(255) NOT NULL,
  `mother_number` varchar(255) NOT NULL,
  `permanent_address` text NOT NULL,
  `blood_group` varchar(255) NOT NULL,
  `religion` varchar(255) NOT NULL,
  `caste` varchar(255) NOT NULL,
  `nationality` varchar(255) NOT NULL,
  `domicile` varchar(255) NOT NULL,
  `physical_handicapped` int(11) NOT NULL,
  `siblings` int(11) NOT NULL,
  `mark_2` varchar(255) NOT NULL,
  `hobbies` text NOT NULL,
  `view_rights` int(11) NOT NULL,
  `edit_rights` int(11) NOT NULL,
  `add_rights` int(11) NOT NULL,
  `student_academic_year_id` int(11) NOT NULL,
  `joined_class_id` int(11) NOT NULL,
  `joined_section_id` int(11) NOT NULL,
  `joined_roll_number` varchar(255) NOT NULL,
  `route_id` int(11) NOT NULL,
  `stop_id` int(11) NOT NULL,
  `student_id` int(11) NOT NULL,
  `promoted` int(11) NOT NULL DEFAULT '0',
  PRIMARY KEY (`id`)
) ENGINE=InnoDB  DEFAULT CHARSET=latin1 AUTO_INCREMENT=25 ;

--
-- Dumping data for table `students`
--

INSERT INTO `students` (`id`, `user_login_id`, `user_type_id`, `first_name`, `last_name`, `email`, `contact_number`, `emergency_number`, `date_of_birth`, `mark_1`, `photo`, `present_address`, `admission_number`, `academic_year_id`, `class_id`, `section_id`, `roll_number`, `gender`, `aadhaar_number`, `joined_date`, `student_type_id`, `status`, `created_user_id`, `updated_user_id`, `created_at`, `updated_at`, `class_section_id`, `unique_id`, `middle_name`, `father_name`, `mother_name`, `father_number`, `mother_number`, `permanent_address`, `blood_group`, `religion`, `caste`, `nationality`, `domicile`, `physical_handicapped`, `siblings`, `mark_2`, `hobbies`, `view_rights`, `edit_rights`, `add_rights`, `student_academic_year_id`, `joined_class_id`, `joined_section_id`, `joined_roll_number`, `route_id`, `stop_id`, `student_id`, `promoted`) VALUES
(1, 13, 5, 'Sweetha ', 'Reddy', 'praveenreddy5333@gmail.com', '9032562283', '9563263523', '03-10-1993', 'Mole on Right Hand', '2018-07-13-09-56-03.jpg', 'Shankarpally', '111222', 1, 1, 1, '10', 'Male', '865748165416', '04-12-2017', 3, 1, 1, 1, '2018-07-29 20:34:29', '2018-07-30 02:04:29', 1, 'VIDS0001-S-1001', '', 'venkat reddy', 'kavitha reddy', '8974653241', '9874865418', 'Shankarpally', 'Ab+', 'Hindu', 'OC', 'Indian', 'Telangana', 0, 0, '', 'Singing', 1, 0, 0, 1, 1, 1, '10', 0, 0, 1, 1),
(2, 15, 5, 'Veena', 'Kunchem', 'Veena@gmail.com', '9874986541', '9867486524', '01-12-1994', 'Mole on Head', '2018-01-22-10-51-32', 'Lingampally', '111223', 1, 1, 1, '120', 'Female', '864653421665', '06-12-2017', 3, 1, 1, 1, '2018-01-22 05:21:32', '2018-01-22 10:51:32', 1, 'VIDS0001-S-1002', '', 'Bopal', 'Vasantha', '8567416532', '8646532416', 'Lingampally', 'O+', 'Hindu', 'Oc', 'Indian', 'Telangana', 0, 1, '', '', 1, 0, 0, 1, 1, 1, '120', 0, 0, 2, 1),
(3, 17, 5, 'vinila', 'shamala', 'vinila@gmail.com', '9864198654', '9857498656', '14-12-1991', 'A mole on left hand', '2018-01-22-11-59-47', 'Mokila', '496532', 1, 1, 1, '32', 'Female', '848615416515', '05-12-2017', 1, 1, 1, 1, '2018-01-22 06:29:47', '2018-01-22 11:59:47', 1, 'VIDS0001-S-1003', '', 'Rukkaya', 'Shamala', '9865545419', '9874653215', 'Mokila', 'A+', 'Hindu', 'BC', 'Indian', 'Telangana', 1, 0, '', '', 1, 0, 0, 1, 1, 1, '32', 2, 3, 3, 1),
(4, 19, 5, 'Praveena', 'reddy', 'mallareddy.g19@gmail.com', '9864516534', '9874986534', '21-05-1994', 'A Mole on Noce', '2017-12-19-15-56-00-4.jpg', 'Shankarpally', '2154551', 1, 2, 0, '21', 'Female', '894653486532', '08-12-2017', 1, 1, 1, 1, '2018-03-14 10:23:43', '2018-03-14 15:53:43', 2, 'VIDS0001-S-1004', '', 'Vittal', 'Lakshmi', '8798548574', '8967465341', 'Kondakal', 'Ab-', 'Hindu', 'BC', 'Indian', 'Telangana', 0, 0, '', '', 1, 0, 0, 1, 2, 0, '21', 2, 2, 4, 0),
(5, 21, 5, 'Gayathri', 'Reddy', '', '8976465421', '9876486541', '16-08-2016', 'A Mole on Left hand', '2017-12-19-16-02-56-pavani.jpg', 'Mokila', '896541', 1, 2, 0, '12', 'Male', '846549865416', '04-12-2017', 1, 1, 1, 1, '2017-12-19 11:29:11', '2017-12-19 16:59:11', 2, 'VIDS0001-S-1005', '', 'Janardhan', 'Shobha', '8774654151', '8746532186', 'Mokila', '', '', '', 'Indian', '', 0, 1, '', '', 1, 0, 0, 1, 2, 0, '12', 2, 1, 5, 0),
(6, 23, 5, 'Namrata', 'reddy', '', '9398290932', '', '24-11-2010', 'mole on right arm', '2018-01-22-12-02-29', 'hameedulla nagar', '4000', 1, 3, 2, '4001', 'Female', '', '28-12-2017', 2, 1, 1, 1, '2018-04-12 08:18:10', '2018-04-12 13:48:10', 4, 'VIDS0001-S-1006', '', 'laxma reddy', 'jayamma', '4255687989', '', '', '', '', '', 'indian', '', 0, 0, '', '', 1, 0, 1, 1, 3, 2, '4001', 0, 0, 6, 0),
(7, 27, 5, 'gopal', 'reddy', 'pvrvenkatreddy@gmail.com', '9704244851', '9894132496', '10-10-2005', 'asdfgghjh', '2018-01-17-21-33-38-DUlDe74c_400x400.jpg', 'dfdghgfd', '56355', 1, 3, 2, '4', 'Male', '687416321653', '12-09-2017', 1, 1, 1, 1, '2018-04-12 08:17:29', '2018-04-12 13:47:29', 4, 'VIDS0001-S-1007', '', 'xcv', 'dfghj', '8654986536', '8987641532', 'gfhhjhkjl,', 'dfghj', 'ertyukl', 'ertyuk', 'dsfghh', 'rty', 1, 1, 'ertyu', 'ertyu', 1, 0, 0, 1, 3, 2, '4', 1, 4, 7, 0),
(8, 36, 5, 'Srinivas', 'Reddy', 'bharrathreddy@gmail.com', '8745165123', '9874510746', '10-10-1990', 'A mole on forehead ', '2018-01-22-12-01-36', 'Lingampally', '1002', 1, 7, 2, '501', 'Male', '', '12-07-2017', 1, 1, 1, 1, '2018-01-24 06:09:21', '2018-01-24 11:39:21', 9, 'VIDS0001-S-1008', '', 'Venkatreddy', 'Swetha Reddy', '8746532489', '9874651651', 'Lingampally', '', '', '', 'Indian', '', 0, 0, '', '', 1, 0, 0, 1, 7, 2, '501', 2, 3, 8, 0),
(9, 38, 5, 'Abhishek', 'Reddy', 'Abhishek@gmail.com', '9704943802', '9856531632', '25-09-2000', 'A mole on left hand', '2018-01-19-11-55-18', 'Lingampally', '15948654165', 1, 8, 1, '548', 'Female', '874163212186', '15-06-2017', 1, 1, 1, 1, '2018-04-12 08:18:39', '2018-04-12 13:48:39', 10, 'VIDS0001-S-1009', '', 'Venkatreddy', 'Kavitha', '7984515324', '9874653241', 'Lingampally', 'Ab+', 'Hindu', 'oc', 'Indian', 'Telangana', 0, 1, '', 'Playing Games', 1, 0, 0, 1, 8, 1, '548', 4, 6, 9, 0),
(10, 40, 5, 'Prabhakar', 'reddy', 'prabhakar@gmail.com', '9874654865', '6487498657', '10-10-1990', 'A mole on left hand', '2018-01-20-09-54-52', 'Shankarpally', '9461', 1, 7, 1, '46', 'Male', '', '10-05-2017', 1, 1, 1, 1, '2018-01-20 04:29:52', '2018-01-20 09:59:52', 8, 'VIDS0001-S-1010', '', 'Venkatreddy', 'Anasuya', '9874654964', '9874513746', 'Shankarpally', '', '', '', 'indian', '', 0, 0, '', '', 1, 0, 0, 1, 7, 1, '46', 2, 2, 10, 0),
(11, 45, 5, 'Surehandr ', 'Reddy', '', '9865746548', '', '15-05-2002', 'sfrdtyuk', '2018-01-20-14-54-32', 'fyu', '545', 1, 7, 1, '8489645', 'Male', '', '10-02-2017', 3, 1, 1, 0, '2018-01-20 14:54:32', '2018-01-20 14:54:32', 8, 'VIDS0001-S-1011', '', 'Sagar', 'Sathyamma', '9897486549', '', '', '', '', '', 'indian', '', 0, 0, '', '', 1, 0, 0, 1, 7, 1, '8489645', 0, 0, 11, 0),
(12, 13, 5, 'Sweetha ', 'Reddy', 'Sweetha@gmail.com', '9032562283', '9563263523', '03-10-1993', 'Mole on Right Hand', '2018-07-13-09-22-57.jpg', 'Shankarpally', '111222', 2, 9, 1, '10', 'Male', '865748165416', '04-12-2017', 3, 1, 1, 1, '2018-07-19 08:03:07', '2018-07-19 13:33:07', 22, 'VIDS0001-S-1001', '', 'Venkatreddy', 'Kavitha', '8974653241', '9874865418', 'Shankarpally', 'Ab+', 'Hindu', 'OC', 'Indian', 'Telangana', 0, 0, '', 'Singing', 1, 0, 0, 1, 9, 1, '10', 0, 0, 1, 0),
(13, 15, 5, 'Veena', 'Kunchem', 'Veena@gmail.com', '9874986541', '9867486524', '01-12-1994', 'Mole on Head', '2017-12-19-15-31-25-d1 (1).jpg', 'Lingampally', '111223', 2, 9, 1, '120', 'Female', '864653421665', '06-12-2017', 3, 0, 1, 0, '2018-07-19 08:59:12', '2018-07-19 14:29:12', 22, 'VIDS0001-S-1002', '', 'Bopal', 'Vasantha', '8567416532', '8646532416', 'Lingampally', 'O+', 'Hindu', 'Oc', 'Indian', 'Telangana', 0, 1, '', '', 1, 0, 0, 1, 1, 1, '120', 0, 0, 2, 0),
(14, 17, 5, 'vinila', 'shamala', 'vinila@gmail.com', '9864198654', '9857498656', '14-12-1991', 'A mole on left hand', '2017-12-19-15-48-22-d1 (4).jpg', 'Mokila', '496532', 2, 9, 1, '32', 'Female', '848615416515', '05-12-2017', 1, 0, 1, 1, '2018-07-19 08:59:30', '2018-07-19 14:29:30', 22, 'VIDS0001-S-1003', '', 'Rukkaya', 'Shamala', '9865545419', '9874653215', 'Mokila', 'A+', 'Hindu', 'BC', 'Indian', 'Telangana', 1, 0, '', '', 1, 0, 0, 1, 9, 1, '32', 2, 3, 3, 0),
(15, 47, 5, 'Harsha', 'reddy', 'mallareddy.g19@gmail.com', '9876543210', '9876540321', '20-06-2013', 'a mole on the left arm', '2018-01-23-12-49-11', 'H no:1-26;\r\nVillage: Fathepur;\r\nMandal:Shankar pally;\r\nDist: Ranga reddy;\r\nPin code : 501203;\r\nState: Telangana.\r\n\r\n\r\n\r\n', '812142', 1, 1, 1, '8', 'Male', '987654321012', '08-06-2017', 3, 1, 1, 1, '2018-02-12 10:02:25', '2018-02-12 15:32:25', 1, 'VIDS0001-S-1015', 'vardhan', 'Venkat reddy', 'Deepika', '9876543211', '9876543212', 'H no:1-26;\r\nVillage: Fathepur;\r\nMandal:Shankar pally;\r\nDist: Ranga reddy;\r\nPin code : 501203;\r\nState: Telangana.', 'A', 'Hindhu', 'oc', 'Indian', '', 0, 0, 'a mole on the right arm', '', 1, 0, 0, 1, 1, 1, '8', 0, 0, 15, 1),
(16, 49, 5, 'Rangachari', 'Kumar', 'Rangachari@gmail.com', '8674653246', '8746532153', '10-10-1990', 'A Mole on left Leg', '2018-01-24-10-45-16', 'Lingamoally,', '2001', 1, 10, 3, '10', 'Male', '765415324165', '14-06-2017', 2, 1, 1, 1, '2018-01-24 08:32:21', '2018-01-24 14:02:21', 12, 'VIDS0001-S-1016', 'MUddula', 'Adinarayana Reddy', 'Maisamma', '9874132415', '8987416532', 'Shankarpally', 'B+', 'Hidu', 'BC', 'Indian', 'Telangana', 1, 0, '', '', 1, 0, 0, 1, 10, 3, '10', 0, 0, 16, 0),
(17, 52, 5, 'Balakrishna', 'Nandamuri', 'pvrvenkatreddy@gmail.com', '9876541653', '9864135245', '10-10-2002', 'A mole on forehead', '2018-01-24-14-15-40', 'ghrghtjkkj', '535', 1, 10, 3, '3535', 'Male', '897416316316', '10-06-2016', 1, 0, 1, 1, '2018-01-31 11:48:07', '2018-01-31 17:18:07', 12, 'VIDS0001-S-1017', '', 'Senior NTR ', 'Basavatarakamma', '8565635963', '9874165346', 'dsffghjk', 'AB', 'Hindu', 'OC', 'Indian', 'Telangana', 1, 1, '', '', 1, 0, 0, 1, 10, 3, '3535', 2, 1, 17, 0),
(18, 55, 5, 'Don', 'Utha', 'Mallareddy.g195686@gmail.com', '8986893566', '9874165324', '16-08-2017', 'gtyuhijk', '2018-01-24-16-22-03', 'fghhjjghjb ', '454', 1, 2, 0, '4666', 'Male', '987465498654', '08-11-2017', 2, 1, 1, 1, '2018-01-29 05:00:20', '2018-01-29 10:30:20', 2, 'VIDS0001-S-1018', '', 'gghghj', 'adasdgfghj', '9784516532', '9865416534', 'gfggb,n', 'hjhgjhk', 'hjghkjk', 'cckhkjk', 'hjkgkhjlk', 'jkglkhjlk', 1, 1, 'gfyguh', 'yukykuk', 1, 0, 0, 1, 2, 0, '4666', 0, 0, 18, 0),
(19, 57, 5, 'Vikram', 'reddy', 'pvrvenkatreddy@gmail.com', '9000628063', '9000628063', '25-12-2010', 'abcd', '2018-01-30-16-14-43', 'Ravulpally kalaan', '123', 1, 2, 0, '19', 'Male', '', '18-06-2017', 3, 1, 1, 1, '2018-01-31 07:28:57', '2018-01-31 12:58:57', 2, 'VIDS0001-S-1019', '', 'Ramesh reddy', 'Kalpana', '1234567890', '9000628062', 'Ravulpally kalaan', 'A', 'Hindhu', 'Oc', 'Indian', 'Telangana', 0, 1, 'wxyz', 'Playing cricket', 1, 0, 0, 1, 2, 0, '19', 0, 0, 19, 0),
(20, 47, 5, 'malla', 'reddy', 'mallareddy.g19@gmail.com', '9701404012', '9701404012', '20-06-2013', 'a mole on the left arm', '2018-07-19-14-01-22.jpg', 'H no:1-26;\r\nVillage: Fathepur;\r\nMandal:Shankar pally;\r\nDist: Ranga reddy;\r\nPin code : 501203;\r\nState: Telangana.\r\n\r\n\r\n\r\n', '812142', 2, 2, 0, '8', 'Male', '', '08-06-2017', 3, 1, 1, 1, '2018-07-28 02:42:23', '2018-07-28 08:12:23', 14, 'VIDS0001-S-1015', '', 'Ananth reddy', 'Deepika', '9701404012', '9701404012', 'H no:1-26;\r\nVillage: Fathepur;\r\nMandal:Shankar pally;\r\nDist: Ranga reddy;\r\nPin code : 501203;\r\nState: Telangana.', 'A', 'Hindhu', 'oc', 'Indian', 'Telangana', 0, 0, 'a mole on the right arm', '', 1, 0, 0, 1, 2, 0, '8', 0, 0, 15, 0),
(21, 59, 5, 'sdfghj', 'fghjkl', '', '5764747444', '', '01-02-2018', 'drtyuil', '', 'dhjkio', '89653', 1, 2, 0, '935', 'Male', '', '13-02-2018', 2, 1, 1, 0, '2018-02-26 12:13:15', '2018-02-26 12:13:15', 2, 'VIDS0001-S-1021', '', 'tyuk', 'rtyui', '7574242412', '', '', '', '', '', 'drtyui', '', 1, 1, '', '', 1, 0, 0, 1, 2, 0, '935', 0, 0, 21, 0),
(22, 60, 5, 'manish', 'Reddy', '', '9461641462', '', '12-04-2018', 'A mole on hand', '', 'Hyderabad', '123', 1, 1, 1, '1', 'Male', '896858585825', '12-04-2018', 1, 1, 1, 0, '2018-04-12 12:00:38', '2018-04-12 12:00:38', 1, 'VIDS0001-S-1022', '', 'Suresh', 'Lakshmi', '8889641842', '', '', '', '', '', 'Indian', '', 0, 0, '', '', 1, 0, 0, 1, 1, 1, '1', 4, 5, 22, 0),
(23, 67, 5, 'vikram', 'reddy', '', '9876543210', '9876543210', '20-06-2013', 'a mole on the right arm middle finger', '2018-07-19-14-15-17.jpg', 'H no:1-54, vlg:Ravulpally,mon:Shankarpally,Rangareddy(dist),Telangana,501203', '123456', 2, 1, 1, '01', 'Male', '012345677890', '04-06-2018', 2, 1, 1, 1, '2018-07-19 16:26:43', '2018-07-19 21:56:43', 3, 'VIDS0001-S-1023', '', 'Sathyanarayana reddy', 'Shwetha', '9876543210', '9876543210', 'H no:1-54, vlg:Ravulpally,mon:Shankarpally,Rangareddy(dist),Telangana,501203', 'B-', 'Hindu', 'OC', 'Indian', 'Telangana', 0, 0, 'a mole on the left arm', 'playing cricket', 1, 0, 0, 2, 1, 1, '01', 0, 0, 23, 0),
(24, 69, 5, 'Shwetha', 'reddy', '', '9876543210', '0123456789', '20-06-2013', 'A mole on the left arm', '2018-07-19-14-27-34.jpg', 'H.No:4-66/89, vlg:Shankarpally,MON:Shankarpally,Rangareddy(dist),Telangana,501203.', '112233', 2, 1, 1, '2', 'Male', '987654321012', '06-06-2018', 1, 1, 1, 1, '2018-07-19 15:40:47', '2018-07-19 21:10:47', 13, 'VIDS0001-S-1024', '', 'Ganesh reddy', 'Soumya', '9876543210', '9876543210', 'H.No:4-66/89, vlg:Shankarpally,MON:Shankarpally,Rangareddy(dist),Telangana,501203.', 'AB-', 'Hindu', 'OC', 'Indian', 'Telangana', 0, 0, 'A mole on the right arm', 'Reading books', 1, 0, 0, 2, 1, 1, '2', 1, 4, 24, 0);

-- --------------------------------------------------------

--
-- Table structure for table `student_academic_years`
--

CREATE TABLE IF NOT EXISTS `student_academic_years` (
  `id` int(11) NOT NULL AUTO_INCREMENT,
  `student_id` int(11) NOT NULL,
  `class_section_id` int(11) NOT NULL,
  `class_id` int(11) NOT NULL,
  `section_id` int(11) NOT NULL,
  `roll_number` varchar(255) NOT NULL,
  `created_at` timestamp NOT NULL DEFAULT CURRENT_TIMESTAMP,
  `updated_at` timestamp NOT NULL DEFAULT '0000-00-00 00:00:00',
  `created_user_id` int(11) NOT NULL,
  `updated_user_id` int(11) NOT NULL,
  `new` int(11) NOT NULL DEFAULT '0',
  `academic_year_id` int(11) NOT NULL,
  PRIMARY KEY (`id`)
) ENGINE=InnoDB  DEFAULT CHARSET=latin1 AUTO_INCREMENT=25 ;

--
-- Dumping data for table `student_academic_years`
--

INSERT INTO `student_academic_years` (`id`, `student_id`, `class_section_id`, `class_id`, `section_id`, `roll_number`, `created_at`, `updated_at`, `created_user_id`, `updated_user_id`, `new`, `academic_year_id`) VALUES
(1, 1, 1, 1, 1, '10', '2017-12-19 15:18:17', '2017-12-19 15:18:17', 1, 0, 1, 1),
(2, 2, 1, 1, 1, '120', '2017-12-19 15:31:25', '2017-12-19 15:31:25', 1, 0, 1, 1),
(3, 3, 1, 1, 1, '32', '2017-12-19 15:48:22', '2017-12-19 15:48:22', 1, 0, 1, 1),
(4, 4, 2, 2, 0, '21', '2017-12-19 15:56:00', '2017-12-19 15:56:00', 1, 0, 1, 1),
(5, 5, 2, 2, 0, '12', '2017-12-19 16:02:56', '2017-12-19 16:02:56', 1, 0, 1, 1),
(6, 6, 4, 3, 2, '4001', '2017-12-30 00:52:37', '2017-12-30 00:52:37', 1, 0, 1, 1),
(7, 7, 4, 3, 2, '4', '2018-01-08 12:03:55', '2018-01-08 12:03:55', 1, 0, 1, 1),
(8, 8, 9, 7, 2, '501', '2018-01-18 12:22:27', '2018-01-18 12:22:27', 1, 0, 1, 1),
(9, 9, 10, 8, 1, '548', '2018-01-19 11:55:18', '2018-01-19 11:55:18', 1, 0, 1, 1),
(10, 10, 8, 7, 1, '46', '2018-01-20 09:54:52', '2018-01-20 09:54:52', 1, 0, 1, 1),
(11, 11, 8, 7, 1, '8489645', '2018-01-20 14:54:32', '2018-01-20 14:54:32', 1, 0, 1, 1),
(12, 1, 22, 9, 1, '', '2018-01-20 16:24:21', '2018-01-20 16:24:21', 1, 0, 0, 2),
(13, 2, 22, 9, 1, '', '2018-01-20 16:24:21', '2018-01-20 16:24:21', 1, 0, 0, 2),
(14, 3, 22, 9, 1, '', '2018-01-20 16:24:21', '2018-01-20 16:24:21', 1, 0, 0, 2),
(15, 15, 1, 1, 1, '8', '2018-01-23 12:49:12', '2018-01-23 12:49:12', 1, 0, 1, 1),
(16, 16, 12, 10, 0, '10', '2018-01-24 10:45:16', '2018-01-24 10:45:16', 1, 0, 1, 1),
(17, 17, 12, 10, 3, '3535', '2018-01-24 14:15:40', '2018-01-24 14:15:40', 1, 0, 1, 1),
(18, 18, 2, 2, 0, '4666', '2018-01-24 16:20:11', '2018-01-24 16:20:11', 1, 0, 1, 1),
(19, 19, 2, 2, 0, '22', '2018-01-30 12:48:07', '2018-01-30 12:48:07', 1, 0, 1, 1),
(20, 15, 14, 2, 0, '', '2018-02-04 04:28:48', '2018-02-04 04:28:48', 1, 0, 0, 2),
(21, 21, 2, 2, 0, '935', '2018-02-26 12:13:15', '2018-02-26 12:13:15', 1, 0, 1, 1),
(22, 22, 1, 1, 1, '1', '2018-04-12 12:00:38', '2018-04-12 12:00:38', 1, 0, 1, 1),
(23, 23, 3, 1, 1, '01', '2018-07-19 14:15:17', '2018-07-19 14:15:17', 1, 0, 1, 2),
(24, 24, 13, 1, 1, '2', '2018-07-19 14:27:34', '2018-07-19 14:27:34', 1, 0, 1, 2);

-- --------------------------------------------------------

--
-- Table structure for table `student_attendances`
--

CREATE TABLE IF NOT EXISTS `student_attendances` (
  `id` int(11) NOT NULL AUTO_INCREMENT,
  `student_id` int(11) NOT NULL,
  `subject_id` int(11) NOT NULL,
  `attendance_status` varchar(255) NOT NULL,
  `reason` varchar(255) NOT NULL,
  `attendance_date` date NOT NULL,
  `academic_year_id` int(11) NOT NULL,
  `active` int(3) NOT NULL DEFAULT '1',
  `created_user_id` int(11) NOT NULL,
  `updated_user_id` int(11) NOT NULL,
  `created_at` timestamp NOT NULL DEFAULT CURRENT_TIMESTAMP ON UPDATE CURRENT_TIMESTAMP,
  `updated_at` timestamp NULL DEFAULT NULL,
  `class_section_id` int(11) NOT NULL,
  `attendance_type_id` int(11) NOT NULL,
  PRIMARY KEY (`id`)
) ENGINE=InnoDB  DEFAULT CHARSET=latin1 AUTO_INCREMENT=62 ;

--
-- Dumping data for table `student_attendances`
--

INSERT INTO `student_attendances` (`id`, `student_id`, `subject_id`, `attendance_status`, `reason`, `attendance_date`, `academic_year_id`, `active`, `created_user_id`, `updated_user_id`, `created_at`, `updated_at`, `class_section_id`, `attendance_type_id`) VALUES
(1, 1, 0, '1', '', '2018-01-30', 1, 1, 1, 0, '2018-01-31 13:08:42', '2018-01-31 13:08:42', 1, 1),
(2, 2, 0, '1', '', '2018-01-30', 1, 1, 1, 0, '2018-01-31 13:08:42', '2018-01-31 13:08:42', 1, 1),
(3, 3, 0, '1', '', '2018-01-30', 1, 1, 1, 0, '2018-01-31 13:08:42', '2018-01-31 13:08:42', 1, 1),
(4, 15, 0, '1', '', '2018-01-30', 1, 1, 1, 0, '2018-01-31 13:08:42', '2018-01-31 13:08:42', 1, 1),
(5, 1, 0, '1', '', '2018-01-31', 1, 1, 1, 0, '2018-01-31 13:09:02', '2018-01-31 13:09:02', 1, 1),
(6, 2, 0, '1', '', '2018-01-31', 1, 1, 1, 0, '2018-01-31 13:09:02', '2018-01-31 13:09:02', 1, 1),
(7, 3, 0, '1', '', '2018-01-31', 1, 1, 1, 0, '2018-01-31 13:09:02', '2018-01-31 13:09:02', 1, 1),
(8, 15, 0, '1', '', '2018-01-31', 1, 1, 1, 0, '2018-01-31 13:09:02', '2018-01-31 13:09:02', 1, 1),
(9, 1, 0, '1', '', '2018-01-29', 1, 1, 1, 0, '2018-01-31 13:09:17', '2018-01-31 13:09:17', 1, 1),
(10, 2, 0, '1', '', '2018-01-29', 1, 1, 1, 0, '2018-01-31 13:09:17', '2018-01-31 13:09:17', 1, 1),
(11, 3, 0, '1', '', '2018-01-29', 1, 1, 1, 0, '2018-01-31 13:09:17', '2018-01-31 13:09:17', 1, 1),
(12, 15, 0, '1', '', '2018-01-29', 1, 1, 1, 0, '2018-01-31 13:09:17', '2018-01-31 13:09:17', 1, 1),
(13, 5, 0, '1', '', '2018-01-29', 1, 1, 1, 0, '2018-01-31 13:09:36', '2018-01-31 13:09:36', 2, 1),
(14, 18, 0, '1', '', '2018-01-29', 1, 1, 1, 0, '2018-01-31 13:09:36', '2018-01-31 13:09:36', 2, 1),
(15, 19, 0, '1', '', '2018-01-29', 1, 1, 1, 0, '2018-01-31 13:09:36', '2018-01-31 13:09:36', 2, 1),
(16, 5, 0, '1', '', '2018-01-30', 1, 1, 1, 0, '2018-01-31 13:09:53', '2018-01-31 13:09:53', 2, 1),
(17, 18, 0, '1', '', '2018-01-30', 1, 1, 1, 0, '2018-01-31 13:09:53', '2018-01-31 13:09:53', 2, 1),
(18, 19, 0, '1', '', '2018-01-30', 1, 1, 1, 0, '2018-01-31 13:09:53', '2018-01-31 13:09:53', 2, 1),
(19, 5, 0, '1', '', '2018-01-31', 1, 1, 1, 0, '2018-01-31 13:10:06', '2018-01-31 13:10:06', 2, 1),
(20, 18, 0, '1', '', '2018-01-31', 1, 1, 1, 0, '2018-01-31 13:10:06', '2018-01-31 13:10:06', 2, 1),
(21, 19, 0, '1', '', '2018-01-31', 1, 1, 1, 0, '2018-01-31 13:10:06', '2018-01-31 13:10:06', 2, 1),
(22, 4, 0, '1', '', '2018-01-27', 1, 1, 1, 0, '2018-01-31 17:14:42', '2018-01-31 17:14:42', 2, 1),
(23, 5, 0, '1', '', '2018-01-27', 1, 1, 1, 0, '2018-01-31 17:14:42', '2018-01-31 17:14:42', 2, 1),
(24, 18, 0, '1', '', '2018-01-27', 1, 1, 1, 0, '2018-01-31 17:14:42', '2018-01-31 17:14:42', 2, 1),
(25, 19, 0, '0', 'abc', '2018-01-27', 1, 1, 1, 0, '2018-01-31 17:14:42', '2018-01-31 17:14:42', 2, 1),
(26, 1, 0, '1', '', '2018-04-12', 1, 1, 1, 0, '2018-04-12 10:59:18', '2018-04-12 10:59:18', 1, 1),
(27, 2, 0, '0', 'fever', '2018-04-12', 1, 1, 1, 0, '2018-04-12 10:59:18', '2018-04-12 10:59:18', 1, 1),
(28, 3, 0, '1', '', '2018-04-12', 1, 1, 1, 0, '2018-04-12 10:59:18', '2018-04-12 10:59:18', 1, 1),
(29, 15, 0, '1', '', '2018-04-12', 1, 1, 1, 0, '2018-04-12 10:59:18', '2018-04-12 10:59:18', 1, 1),
(30, 23, 0, '1', '', '2018-07-19', 2, 1, 1, 0, '2018-07-19 14:31:01', '2018-07-19 14:31:01', 3, 1),
(31, 23, 0, '1', '', '2018-07-18', 2, 1, 1, 0, '2018-07-19 20:33:59', '2018-07-19 20:33:59', 3, 1),
(32, 23, 0, '1', '', '2018-07-17', 2, 1, 1, 0, '2018-07-19 20:34:17', '2018-07-19 20:34:17', 3, 1),
(33, 23, 0, '1', '', '2018-07-16', 2, 1, 1, 0, '2018-07-19 20:34:36', '2018-07-19 20:34:36', 3, 1),
(34, 23, 0, '1', '', '2018-07-14', 2, 1, 1, 0, '2018-07-19 20:34:49', '2018-07-19 20:34:49', 3, 1),
(35, 23, 0, '1', '', '2018-07-13', 2, 1, 1, 0, '2018-07-19 20:35:01', '2018-07-19 20:35:01', 3, 1),
(36, 23, 0, '1', '', '2018-07-12', 2, 1, 1, 0, '2018-07-19 20:35:15', '2018-07-19 20:35:15', 3, 1),
(37, 23, 0, '1', '', '2018-07-11', 2, 1, 1, 0, '2018-07-19 20:35:35', '2018-07-19 20:35:35', 3, 1),
(38, 23, 0, '1', '', '2018-07-10', 2, 1, 1, 0, '2018-07-19 20:36:06', '2018-07-19 20:36:06', 3, 1),
(39, 23, 0, '1', '', '2018-07-09', 2, 1, 1, 0, '2018-07-19 20:36:18', '2018-07-19 20:36:18', 3, 1),
(40, 23, 0, '1', '', '2018-07-07', 2, 1, 1, 0, '2018-07-19 20:36:35', '2018-07-19 20:36:35', 3, 1),
(41, 23, 0, '1', '', '2018-07-06', 2, 1, 1, 0, '2018-07-19 20:37:00', '2018-07-19 20:37:00', 3, 1),
(42, 23, 0, '1', '', '2018-07-05', 2, 1, 1, 0, '2018-07-19 20:37:19', '2018-07-19 20:37:19', 3, 1),
(43, 23, 0, '1', '', '2018-07-04', 2, 1, 1, 0, '2018-07-19 20:37:44', '2018-07-19 20:37:44', 3, 1),
(44, 23, 0, '1', '', '2018-07-03', 2, 1, 1, 0, '2018-07-19 20:37:58', '2018-07-19 20:37:58', 3, 1),
(45, 23, 0, '1', '', '2018-07-02', 2, 1, 1, 0, '2018-07-19 20:38:13', '2018-07-19 20:38:13', 3, 1),
(46, 24, 0, '1', '', '2018-07-19', 2, 1, 1, 0, '2018-07-19 21:29:31', '2018-07-19 21:29:31', 13, 1),
(47, 24, 0, '1', '', '2018-07-18', 2, 1, 1, 0, '2018-07-19 21:29:44', '2018-07-19 21:29:44', 13, 1),
(48, 24, 0, '1', '', '2018-07-17', 2, 1, 1, 0, '2018-07-19 21:29:56', '2018-07-19 21:29:56', 13, 1),
(49, 24, 0, '1', '', '2018-07-16', 2, 1, 1, 0, '2018-07-19 21:30:09', '2018-07-19 21:30:09', 13, 1),
(50, 24, 0, '1', '', '2018-07-14', 2, 1, 1, 0, '2018-07-19 21:30:26', '2018-07-19 21:30:26', 13, 1),
(51, 24, 0, '1', '', '2018-07-13', 2, 1, 1, 0, '2018-07-19 21:30:41', '2018-07-19 21:30:41', 13, 1),
(52, 24, 0, '1', '', '2018-07-12', 2, 1, 1, 0, '2018-07-19 21:30:53', '2018-07-19 21:30:53', 13, 1),
(53, 24, 0, '1', '', '2018-07-11', 2, 1, 1, 0, '2018-07-19 21:31:05', '2018-07-19 21:31:05', 13, 1),
(54, 24, 0, '1', '', '2018-07-10', 2, 1, 1, 0, '2018-07-19 21:31:17', '2018-07-19 21:31:17', 13, 1),
(55, 24, 0, '1', '', '2018-07-09', 2, 1, 1, 0, '2018-07-19 21:31:42', '2018-07-19 21:31:42', 13, 1),
(56, 24, 0, '1', '', '2018-07-07', 2, 1, 1, 0, '2018-07-19 21:31:59', '2018-07-19 21:31:59', 13, 1),
(57, 24, 0, '1', '', '2018-07-06', 2, 1, 1, 0, '2018-07-19 21:32:13', '2018-07-19 21:32:13', 13, 1),
(58, 24, 0, '1', '', '2018-07-05', 2, 1, 1, 0, '2018-07-19 21:32:25', '2018-07-19 21:32:25', 13, 1),
(59, 24, 0, '1', '', '2018-07-04', 2, 1, 1, 0, '2018-07-19 21:32:37', '2018-07-19 21:32:37', 13, 1),
(60, 24, 0, '1', '', '2018-07-03', 2, 1, 1, 0, '2018-07-19 21:32:48', '2018-07-19 21:32:48', 13, 1),
(61, 24, 0, '1', '', '2018-07-02', 2, 1, 1, 0, '2018-07-19 21:32:59', '2018-07-19 21:32:59', 13, 1);

-- --------------------------------------------------------

--
-- Table structure for table `student_documents`
--

CREATE TABLE IF NOT EXISTS `student_documents` (
  `id` int(11) NOT NULL AUTO_INCREMENT,
  `student_id` int(11) NOT NULL,
  `document` varchar(255) NOT NULL,
  `file_name` varchar(255) NOT NULL,
  `academic_year_id` int(11) NOT NULL,
  `status` int(3) NOT NULL DEFAULT '1',
  `created_user_id` int(11) NOT NULL,
  `updated_user_id` int(11) NOT NULL,
  `created_at` timestamp NOT NULL DEFAULT CURRENT_TIMESTAMP ON UPDATE CURRENT_TIMESTAMP,
  `updated_at` timestamp NULL DEFAULT NULL,
  PRIMARY KEY (`id`)
) ENGINE=InnoDB  DEFAULT CHARSET=latin1 AUTO_INCREMENT=19 ;

--
-- Dumping data for table `student_documents`
--

INSERT INTO `student_documents` (`id`, `student_id`, `document`, `file_name`, `academic_year_id`, `status`, `created_user_id`, `updated_user_id`, `created_at`, `updated_at`) VALUES
(1, 1, '2017-12-19-15-26-44-aadhar2.jpg', 'ID Prof', 1, 1, 1, 0, '2017-12-19 15:26:44', '2017-12-19 15:26:44'),
(2, 2, '2017-12-19-15-43-53-aadhar1.jpg', 'Id Prof', 1, 1, 1, 0, '2017-12-19 15:43:53', '2017-12-19 15:43:53'),
(3, 3, '2017-12-19-15-51-05-d3.jpeg', 'Id prof', 1, 1, 1, 0, '2017-12-19 15:51:05', '2017-12-19 15:51:05'),
(4, 4, '2017-12-19-15-58-05-ss4.jpg', 'certificate', 1, 1, 1, 0, '2017-12-19 15:58:05', '2017-12-19 15:58:05'),
(5, 5, '2017-12-19-16-05-17-ssc2.jpg', 'certificates', 1, 1, 1, 0, '2017-12-19 16:05:17', '2017-12-19 16:05:17'),
(6, 7, '2018-01-08-15-43-32-aadhar3.jpg', 'Id prof', 1, 1, 1, 0, '2018-01-08 15:43:33', '2018-01-08 15:43:33'),
(7, 6, '2018-01-08-17-06-56-aadhar1.jpg', 'Id prof', 1, 1, 1, 0, '2018-01-08 17:06:56', '2018-01-08 17:06:56'),
(8, 8, '2018-01-18-12-28-54-v7.jpg', 'Id profe', 1, 1, 1, 0, '2018-01-18 12:28:54', '2018-01-18 12:28:54'),
(9, 11, '2018-01-20-15-03-42-VIDS0001-S-1011_student_summary.pdf', 'certificats', 1, 1, 1, 0, '2018-01-20 15:03:42', '2018-01-20 15:03:42'),
(10, 15, '2018-01-23-13-07-53-WebBill1.jpg', 'current bill', 1, 1, 1, 0, '2018-01-23 13:07:53', '2018-01-23 13:07:53'),
(12, 16, '2018-01-24-11-07-46', 'dfghjk', 1, 1, 1, 0, '2018-01-24 11:07:46', '2018-01-24 11:07:46'),
(13, 16, '2018-01-24-11-21-42', 'hgjglhk', 1, 1, 1, 0, '2018-01-24 11:21:42', '2018-01-24 11:21:42'),
(14, 17, '2018-01-24-14-23-49', 'ID Profe', 1, 1, 1, 0, '2018-01-24 14:23:49', '2018-01-24 14:23:49'),
(15, 18, '2018-01-24-16-21-30', 'ewrtyui', 1, 1, 1, 0, '2018-01-24 16:21:30', '2018-01-24 16:21:30'),
(16, 19, '2018-01-30-13-01-05', 'TC', 1, 1, 1, 0, '2018-01-30 13:01:05', '2018-01-30 13:01:05'),
(17, 4, '2018-03-13-15-37-45', 'dfghjkl', 1, 1, 1, 0, '2018-03-13 15:37:45', '2018-03-13 15:37:45'),
(18, 4, '2018-03-14-15-54-43', 'fklkl', 1, 1, 1, 0, '2018-03-14 15:54:43', '2018-03-14 15:54:43');

-- --------------------------------------------------------

--
-- Table structure for table `student_educations`
--

CREATE TABLE IF NOT EXISTS `student_educations` (
  `id` int(11) NOT NULL AUTO_INCREMENT,
  `student_id` int(11) NOT NULL,
  `class_from` varchar(255) NOT NULL,
  `class_to` varchar(255) NOT NULL,
  `from_year` varchar(255) NOT NULL,
  `institute_name` varchar(255) NOT NULL,
  `to_year` varchar(255) NOT NULL,
  `created_at` timestamp NOT NULL DEFAULT CURRENT_TIMESTAMP ON UPDATE CURRENT_TIMESTAMP,
  `updated_at` timestamp NOT NULL DEFAULT '0000-00-00 00:00:00',
  `academic_year_id` int(11) NOT NULL,
  `status` varchar(255) NOT NULL DEFAULT '1',
  `created_user_id` int(11) NOT NULL,
  `updated_user_id` int(11) NOT NULL,
  `education_description` text NOT NULL,
  PRIMARY KEY (`id`)
) ENGINE=InnoDB  DEFAULT CHARSET=latin1 ROW_FORMAT=COMPACT AUTO_INCREMENT=20 ;

--
-- Dumping data for table `student_educations`
--

INSERT INTO `student_educations` (`id`, `student_id`, `class_from`, `class_to`, `from_year`, `institute_name`, `to_year`, `created_at`, `updated_at`, `academic_year_id`, `status`, `created_user_id`, `updated_user_id`, `education_description`) VALUES
(1, 1, 'Ukg', 'I', '2015', 'Sidhartha School', '2016', '2018-01-29 04:14:20', '2018-01-29 09:44:20', 1, '1', 1, 1, 'ck/.gyk'),
(2, 1, 'Ukg', 'I', '2015', 'Sidhartha School', '2016', '2017-12-19 15:20:45', '2017-12-19 15:20:45', 1, '1', 1, 0, 'Good Student'),
(3, 1, 'II', 'VI', '2015', 'Sidhartha School', '2016', '2018-01-24 02:59:01', '2018-01-24 08:29:01', 1, '1', 1, 1, 'Average Student'),
(4, 1, 'Ukg', 'I', '2015', 'Sidhartha School', '2016', '2017-12-19 15:22:23', '2017-12-19 15:22:23', 1, '1', 1, 0, 'Good Student in class MBA'),
(5, 2, 'Lkg', 'Ukg', '2015', 'Nagarjuna School', '2016', '2017-12-19 15:33:36', '2017-12-19 15:33:36', 1, '1', 1, 0, 'Good Student'),
(6, 3, 'LkG', 'Ukg', '2015', 'Vivekanandha', '2016', '2017-12-19 15:50:40', '2017-12-19 15:50:40', 1, '1', 1, 0, 'Good Student'),
(7, 4, 'I', 'II', '2015', 'Revathi', '2016', '2017-12-19 15:57:42', '2017-12-19 15:57:42', 1, '1', 1, 0, 'Good Student'),
(8, 5, 'ukg', 'I', '2013', 'Kakatiya School', '2017', '2017-12-19 11:29:40', '2017-12-19 16:59:40', 1, '1', 1, 1, 'Good Student'),
(9, 6, 'I', 'II', '2014', 'Gouthami college', '2017', '2018-01-08 11:36:33', '2018-01-08 17:06:33', 1, '1', 1, 1, 'cvckhn'),
(10, 7, 'I', 'II', '2015', 'Ou', '2016', '2018-01-08 10:13:01', '2018-01-08 15:43:01', 1, '1', 1, 1, 'good student'),
(11, 8, 'III', 'VI', '2014', ' Vivekananda School', '2017', '2018-01-18 06:56:48', '2018-01-18 12:26:48', 1, '1', 1, 1, 'Good student, Class first '),
(12, 10, 'II', 'VI', '2012', 'Revathi', '2017', '2018-01-20 10:09:54', '2018-01-20 10:09:54', 1, '1', 1, 0, 'jhjiojm'),
(13, 11, 'sfdgfhghjkl/', 'sfgdrtjyhjk.', 'sdfghjk,.', 'sawjk', 'scdvfbn', '2018-01-20 15:03:08', '2018-01-20 15:03:08', 1, '1', 1, 0, 'asdvbbn'),
(15, 16, 'Vi', 'IX', '2010', 'Vevekanandha', '2016', '2018-01-24 10:56:31', '2018-01-24 10:56:31', 1, '1', 1, 0, 'Good Student'),
(16, 17, 'VI', 'VIII', '2006', 'Revathi School', '2016', '2018-01-24 14:23:12', '2018-01-24 14:23:12', 1, '1', 1, 0, 'Good Student '),
(17, 18, 'dfjg', 'wretryty', 'wretrytyu', 'fghj', 'wrettyu', '2018-01-24 16:21:17', '2018-01-24 16:21:17', 1, '1', 1, 0, 'werty'),
(18, 19, 'LKG', 'FIRST CLASS', '2015', 'BVRIT', '2017', '2018-01-30 12:53:47', '2018-01-30 12:53:47', 1, '1', 1, 0, 'NOTHING'),
(19, 15, 'LKG', 'FIRST CLASS', '2015', 'Sri Vivekananda High School', '2017', '2018-07-19 14:04:20', '2018-07-19 14:04:20', 2, '1', 1, 0, 'NA');

-- --------------------------------------------------------

--
-- Table structure for table `student_fee`
--

CREATE TABLE IF NOT EXISTS `student_fee` (
  `student_fee_id` int(11) NOT NULL AUTO_INCREMENT,
  `student_id` int(11) NOT NULL,
  `fee_id` int(11) NOT NULL,
  `fee_type_id` int(11) NOT NULL,
  `fee_amount` int(11) NOT NULL,
  `fee_description` text NOT NULL,
  `academic_year_id` int(11) NOT NULL,
  `active` int(3) NOT NULL DEFAULT '1',
  `created_user_id` int(11) NOT NULL,
  `updated_user_id` int(11) NOT NULL,
  `created_at` timestamp NOT NULL DEFAULT CURRENT_TIMESTAMP ON UPDATE CURRENT_TIMESTAMP,
  `updated_at` timestamp NULL DEFAULT NULL,
  PRIMARY KEY (`student_fee_id`)
) ENGINE=InnoDB DEFAULT CHARSET=latin1 AUTO_INCREMENT=1 ;

-- --------------------------------------------------------

--
-- Table structure for table `student_marks`
--

CREATE TABLE IF NOT EXISTS `student_marks` (
  `id` int(11) NOT NULL AUTO_INCREMENT,
  `class_section_id` int(11) NOT NULL,
  `student_id` int(11) NOT NULL,
  `exam_id` int(11) NOT NULL,
  `subject_id` int(11) NOT NULL,
  `marks_obtained` varchar(11) NOT NULL,
  `grade_id` int(11) NOT NULL,
  `comment` varchar(255) NOT NULL,
  `academic_year_id` int(11) NOT NULL,
  `status` int(3) NOT NULL DEFAULT '1',
  `created_user_id` int(11) NOT NULL,
  `updated_user_id` int(11) NOT NULL,
  `created_at` timestamp NOT NULL DEFAULT CURRENT_TIMESTAMP ON UPDATE CURRENT_TIMESTAMP,
  `updated_at` timestamp NULL DEFAULT NULL,
  `schedule_exam_id` int(11) NOT NULL,
  PRIMARY KEY (`id`)
) ENGINE=InnoDB  DEFAULT CHARSET=latin1 AUTO_INCREMENT=44 ;

--
-- Dumping data for table `student_marks`
--

INSERT INTO `student_marks` (`id`, `class_section_id`, `student_id`, `exam_id`, `subject_id`, `marks_obtained`, `grade_id`, `comment`, `academic_year_id`, `status`, `created_user_id`, `updated_user_id`, `created_at`, `updated_at`, `schedule_exam_id`) VALUES
(1, 1, 1, 2, 1, '30', 0, '', 1, 1, 1, 0, '2018-01-22 06:15:37', '2018-01-22 11:45:37', 1),
(2, 1, 1, 2, 2, '78', 0, '', 1, 1, 1, 0, '2017-12-20 08:41:06', '2017-12-20 08:41:06', 2),
(3, 1, 1, 2, 3, '95', 0, '', 1, 1, 1, 0, '2017-12-20 08:41:06', '2017-12-20 08:41:06', 3),
(4, 1, 1, 2, 4, '40', 0, '', 1, 1, 1, 0, '2018-01-18 09:31:33', '2018-01-18 15:01:33', 4),
(5, 1, 1, 2, 5, '40', 0, '', 1, 1, 1, 0, '2018-01-18 11:12:30', '2018-01-18 16:42:30', 5),
(6, 1, 1, 2, 6, '98', 0, '', 1, 1, 1, 0, '2017-12-20 08:41:06', '2017-12-20 08:41:06', 6),
(7, 1, 2, 2, 1, '30', 0, '', 1, 1, 1, 0, '2018-01-22 06:15:37', '2018-01-22 11:45:37', 1),
(8, 1, 2, 2, 2, '65', 0, '', 1, 1, 1, 0, '2017-12-20 08:41:06', '2017-12-20 08:41:06', 2),
(9, 1, 2, 2, 3, '48', 0, '', 1, 1, 1, 0, '2017-12-20 08:41:06', '2017-12-20 08:41:06', 3),
(10, 1, 2, 2, 4, '40', 0, '', 1, 1, 1, 0, '2018-01-18 09:31:33', '2018-01-18 15:01:33', 4),
(11, 1, 2, 2, 5, '40', 0, '', 1, 1, 1, 0, '2018-01-18 11:12:30', '2018-01-18 16:42:30', 5),
(12, 1, 2, 2, 6, '54', 0, '', 1, 1, 1, 0, '2017-12-20 08:41:06', '2017-12-20 08:41:06', 6),
(13, 1, 3, 2, 1, '30', 0, '', 1, 1, 1, 0, '2018-01-22 06:15:37', '2018-01-22 11:45:37', 1),
(14, 1, 3, 2, 2, '5', 0, '', 1, 1, 1, 0, '2017-12-20 08:41:06', '2017-12-20 08:41:06', 2),
(15, 1, 3, 2, 3, '25', 0, '', 1, 1, 1, 0, '2017-12-20 08:41:06', '2017-12-20 08:41:06', 3),
(16, 1, 3, 2, 4, '40', 0, '', 1, 1, 1, 0, '2018-01-18 09:31:33', '2018-01-18 15:01:33', 4),
(17, 1, 3, 2, 5, '40', 0, '', 1, 1, 1, 0, '2018-01-18 11:12:30', '2018-01-18 16:42:30', 5),
(18, 1, 3, 2, 6, '58', 0, '', 1, 1, 1, 0, '2017-12-20 08:41:06', '2017-12-20 08:41:06', 6),
(19, 2, 4, 3, 6, '60', 0, '', 1, 1, 7, 0, '2018-01-23 02:12:03', '2018-01-23 07:42:03', 8),
(20, 2, 5, 3, 6, '55', 0, '', 1, 1, 7, 0, '2018-01-23 02:12:03', '2018-01-23 07:42:03', 8),
(21, 2, 4, 2, 1, '40', 0, '', 1, 1, 1, 0, '2018-01-17 11:25:28', '2018-01-17 11:25:28', 10),
(22, 2, 4, 2, 2, '50', 0, '', 1, 1, 1, 0, '2018-01-17 11:25:28', '2018-01-17 11:25:28', 11),
(23, 2, 4, 2, 3, '60', 0, '', 1, 1, 1, 0, '2018-01-17 11:25:28', '2018-01-17 11:25:28', 12),
(24, 2, 4, 2, 4, '70', 0, '', 1, 1, 1, 0, '2018-01-17 11:25:28', '2018-01-17 11:25:28', 13),
(25, 2, 4, 2, 5, '80', 0, '', 1, 1, 1, 0, '2018-01-17 11:25:28', '2018-01-17 11:25:28', 14),
(26, 2, 4, 2, 6, '95', 0, '', 1, 1, 1, 0, '2018-01-17 05:57:26', '2018-01-17 11:27:26', 15),
(27, 2, 5, 2, 1, '40', 0, '', 1, 1, 1, 0, '2018-01-17 11:25:28', '2018-01-17 11:25:28', 10),
(28, 2, 5, 2, 2, '50', 0, '', 1, 1, 1, 0, '2018-01-17 11:25:28', '2018-01-17 11:25:28', 11),
(29, 2, 5, 2, 3, '60', 0, '', 1, 1, 1, 0, '2018-01-17 11:25:28', '2018-01-17 11:25:28', 12),
(30, 2, 5, 2, 4, '70', 0, '', 1, 1, 1, 0, '2018-01-17 11:25:28', '2018-01-17 11:25:28', 13),
(31, 2, 5, 2, 5, '80', 0, '', 1, 1, 1, 0, '2018-01-17 11:25:28', '2018-01-17 11:25:28', 14),
(32, 2, 5, 2, 6, '95', 0, '', 1, 1, 1, 0, '2018-01-17 05:57:26', '2018-01-17 11:27:26', 15),
(33, 4, 6, 3, 1, '62', 0, '', 1, 1, 1, 2, '2018-02-02 10:02:59', '2018-02-02 15:32:59', 7),
(34, 4, 7, 3, 1, '85', 0, '', 1, 1, 1, 2, '2018-02-02 10:02:59', '2018-02-02 15:32:59', 7),
(35, 9, 8, 1, 1, '70', 0, '', 1, 1, 1, 2, '2018-02-02 10:02:02', '2018-02-02 15:32:02', 16),
(36, 9, 8, 1, 2, '45', 0, '', 1, 1, 1, 0, '2018-01-18 13:15:06', '2018-01-18 13:15:06', 17),
(37, 9, 8, 1, 3, '100', 0, '', 1, 1, 1, 0, '2018-01-23 01:12:26', '2018-01-23 06:42:26', 18),
(38, 9, 8, 1, 4, '45', 0, '', 1, 1, 1, 0, '2018-01-18 13:15:06', '2018-01-18 13:15:06', 19),
(39, 9, 8, 1, 5, '65', 0, '', 1, 1, 1, 0, '2018-01-18 13:15:06', '2018-01-18 13:15:06', 20),
(40, 9, 8, 1, 6, '56', 0, '', 1, 1, 1, 0, '2018-01-23 02:55:08', '2018-01-23 08:25:08', 21),
(41, 1, 1, 4, 1, '54', 0, '', 1, 1, 1, 0, '2018-01-22 15:47:10', '2018-01-22 15:47:10', 22),
(42, 1, 2, 4, 1, '35', 0, '', 1, 1, 1, 0, '2018-01-22 15:47:10', '2018-01-22 15:47:10', 22),
(43, 1, 3, 4, 1, '46', 0, '', 1, 1, 1, 0, '2018-02-11 13:55:46', '2018-01-22 15:47:10', 22);

-- --------------------------------------------------------

--
-- Table structure for table `student_remarks`
--

CREATE TABLE IF NOT EXISTS `student_remarks` (
  `id` int(11) NOT NULL AUTO_INCREMENT,
  `student_id` int(11) NOT NULL,
  `remark_title` varchar(255) NOT NULL,
  `remark_description` text NOT NULL,
  `academic_year_id` int(11) NOT NULL,
  `status` int(3) NOT NULL DEFAULT '1',
  `created_user_id` int(11) NOT NULL,
  `updated_user_id` int(11) NOT NULL,
  `created_at` timestamp NOT NULL DEFAULT CURRENT_TIMESTAMP ON UPDATE CURRENT_TIMESTAMP,
  `updated_at` timestamp NULL DEFAULT NULL,
  `subject_id` int(11) NOT NULL,
  PRIMARY KEY (`id`)
) ENGINE=InnoDB  DEFAULT CHARSET=latin1 AUTO_INCREMENT=21 ;

--
-- Dumping data for table `student_remarks`
--

INSERT INTO `student_remarks` (`id`, `student_id`, `remark_title`, `remark_description`, `academic_year_id`, `status`, `created_user_id`, `updated_user_id`, `created_at`, `updated_at`, `subject_id`) VALUES
(1, 2, 'summative assessment ', 'You got Poor Marks. Work Hard ', 1, 1, 1, 0, '2018-04-12 08:04:08', '2018-04-12 13:34:08', 4),
(2, 1, 'School Attendance', 'come to school regularly ', 1, 1, 1, 0, '2017-12-20 17:01:48', '2017-12-20 17:01:48', 4),
(3, 1, 'About Marks ', 'Work hard, you will get good marks', 1, 1, 7, 0, '2017-12-20 17:32:32', '2017-12-20 17:32:32', 6),
(4, 3, 'About Results all', 'Congrats. You got very good marks', 1, 1, 7, 0, '2018-01-08 06:05:10', '2018-01-08 11:35:10', 6),
(5, 1, 'Student Attendece', 'you have poor attendance, come to school regularly ', 1, 1, 7, 0, '2018-01-17 10:18:32', '2018-01-17 10:18:32', 0),
(6, 2, 'Student Attendance of  this month', 'Good Attendance', 1, 1, 7, 0, '2018-01-17 04:49:38', '2018-01-17 10:19:38', 0),
(7, 3, 'Student fee', 'pay your fee in time', 1, 1, 7, 0, '2018-01-23 09:39:08', '2018-01-23 15:09:08', 0),
(8, 8, 'About results', 'work hard, improve your communication skills hgkg', 1, 1, 1, 0, '2018-01-18 09:55:25', '2018-01-18 15:25:25', 3),
(9, 2, 'About Attendance', 'come to school regularly, you have poor attendance', 1, 1, 34, 0, '2018-01-18 16:37:06', '2018-01-18 16:37:06', 5),
(10, 1, 'Fees', 'Swetha pay your fees in time', 1, 1, 2, 0, '2018-01-20 16:53:58', '2018-01-20 16:53:58', 1),
(11, 8, 'sdfghjk', 'sdsfdgfghjkl.sd', 1, 1, 1, 0, '2018-01-22 11:51:30', '2018-01-22 11:51:30', 2),
(12, 6, 'Good ', 'Work Hard', 1, 1, 1, 0, '2018-01-23 12:43:55', '2018-01-23 12:43:55', 3),
(13, 15, 'school attendence', 'come regularly you have poor attendence.', 1, 1, 1, 0, '2018-01-23 15:11:45', '2018-01-23 15:11:45', 0),
(14, 15, 'Abc', 'xyz', 1, 1, 1, 0, '2018-01-23 16:21:17', '2018-01-23 16:21:17', 3),
(16, 15, 'serdhtjykulio;', 'wwesrtrytulyiuoipo;', 1, 1, 1, 0, '2018-01-24 16:09:41', '2018-01-24 16:09:41', 0),
(18, 2, 'grfb', 'bgfg', 1, 1, 2, 0, '2018-02-02 15:16:09', '2018-02-02 15:16:09', 1),
(19, 23, 'MARKS', 'Below 50 marks in each subject', 2, 1, 1, 0, '2018-07-19 21:43:54', '2018-07-19 21:43:54', 1),
(20, 24, 'Diciplane', 'xyz', 2, 1, 1, 0, '2018-07-19 21:44:56', '2018-07-19 21:44:56', 0);

-- --------------------------------------------------------

--
-- Table structure for table `student_transport_fees`
--

CREATE TABLE IF NOT EXISTS `student_transport_fees` (
  `id` int(11) NOT NULL AUTO_INCREMENT,
  `student_id` int(11) NOT NULL,
  `transport_fee_id` int(11) NOT NULL,
  `route_id` int(11) NOT NULL,
  `stop_id` int(11) NOT NULL,
  `academic_year_id` int(11) NOT NULL,
  `status` int(3) NOT NULL DEFAULT '1',
  `created_user_id` int(11) NOT NULL,
  `updated_user_id` int(11) NOT NULL,
  `created_at` timestamp NOT NULL DEFAULT CURRENT_TIMESTAMP ON UPDATE CURRENT_TIMESTAMP,
  `updated_at` timestamp NULL DEFAULT NULL,
  PRIMARY KEY (`id`)
) ENGINE=InnoDB DEFAULT CHARSET=latin1 AUTO_INCREMENT=1 ;

-- --------------------------------------------------------

--
-- Table structure for table `student_types`
--

CREATE TABLE IF NOT EXISTS `student_types` (
  `id` int(11) NOT NULL AUTO_INCREMENT,
  `title` varchar(255) NOT NULL,
  `status` int(3) NOT NULL DEFAULT '1',
  `academic_year_id` int(11) NOT NULL,
  `created_user_id` int(11) NOT NULL,
  `updated_user_id` int(11) NOT NULL,
  `created_at` timestamp NOT NULL DEFAULT CURRENT_TIMESTAMP,
  `updated_at` timestamp NOT NULL DEFAULT '0000-00-00 00:00:00',
  PRIMARY KEY (`id`)
) ENGINE=InnoDB  DEFAULT CHARSET=latin1 AUTO_INCREMENT=5 ;

--
-- Dumping data for table `student_types`
--

INSERT INTO `student_types` (`id`, `title`, `status`, `academic_year_id`, `created_user_id`, `updated_user_id`, `created_at`, `updated_at`) VALUES
(1, 'School transport', 1, 1, 1, 2, '2017-06-21 04:52:14', '2017-06-30 20:03:34'),
(2, 'Hostler', 1, 1, 1, 2, '2017-06-21 04:52:23', '2017-06-30 20:03:16'),
(3, 'Day schooler', 1, 1, 1, 2, '2017-06-23 09:37:57', '2017-06-30 20:03:04'),
(4, 'NRI''S', 1, 1, 1, 0, '2018-01-24 14:03:54', '2018-01-24 14:03:54');

-- --------------------------------------------------------

--
-- Table structure for table `subjects`
--

CREATE TABLE IF NOT EXISTS `subjects` (
  `id` int(11) NOT NULL AUTO_INCREMENT,
  `subject_name` varchar(255) NOT NULL,
  `academic_year_id` int(11) NOT NULL,
  `status` int(3) NOT NULL DEFAULT '1',
  `created_user_id` int(11) NOT NULL,
  `updated_user_id` int(11) DEFAULT NULL,
  `created_at` timestamp NOT NULL DEFAULT CURRENT_TIMESTAMP ON UPDATE CURRENT_TIMESTAMP,
  `updated_at` timestamp NULL DEFAULT NULL,
  PRIMARY KEY (`id`)
) ENGINE=InnoDB  DEFAULT CHARSET=latin1 AUTO_INCREMENT=7 ;

--
-- Dumping data for table `subjects`
--

INSERT INTO `subjects` (`id`, `subject_name`, `academic_year_id`, `status`, `created_user_id`, `updated_user_id`, `created_at`, `updated_at`) VALUES
(1, 'Telugu', 1, 1, 1, NULL, '2017-12-19 11:53:06', '2017-12-19 11:53:06'),
(2, 'Hindi', 1, 1, 1, NULL, '2017-12-19 11:53:17', '2017-12-19 11:53:17'),
(3, 'English', 1, 1, 1, NULL, '2017-12-19 11:53:30', '2017-12-19 11:53:30'),
(4, 'Maths', 1, 1, 1, NULL, '2018-01-30 09:09:19', '2018-01-30 14:39:19'),
(5, 'Science', 1, 1, 1, NULL, '2017-12-19 11:54:01', '2017-12-19 11:54:01'),
(6, 'Social', 1, 1, 1, 1, '2018-01-25 10:20:02', '2018-01-25 15:50:02');

-- --------------------------------------------------------

--
-- Table structure for table `teaching_emp`
--

CREATE TABLE IF NOT EXISTS `teaching_emp` (
  `teaching_emp_id` int(11) NOT NULL AUTO_INCREMENT,
  `employee_id` int(11) NOT NULL,
  `first_name` varchar(255) NOT NULL,
  `last_name` varchar(255) NOT NULL,
  `email` varchar(255) NOT NULL,
  `contact_number` varchar(20) NOT NULL,
  `emergency_number` varchar(20) NOT NULL,
  `emp_department` varchar(20) NOT NULL,
  `emp_designation` varchar(50) NOT NULL,
  `profile_pic` varchar(255) NOT NULL,
  `upload1` varchar(255) NOT NULL,
  `upload2` varchar(255) NOT NULL,
  `upload3` varchar(255) NOT NULL,
  `address` text NOT NULL,
  `date_of_birth` date NOT NULL,
  `joing_date` date NOT NULL,
  `experience` varchar(50) NOT NULL,
  `active` int(3) NOT NULL DEFAULT '1',
  `status` varchar(50) NOT NULL,
  `created_user_id` int(11) NOT NULL,
  `updated_user_id` int(11) NOT NULL,
  `created_at` timestamp NOT NULL DEFAULT CURRENT_TIMESTAMP ON UPDATE CURRENT_TIMESTAMP,
  `updated_at` timestamp NULL DEFAULT NULL,
  PRIMARY KEY (`teaching_emp_id`)
) ENGINE=InnoDB DEFAULT CHARSET=latin1 AUTO_INCREMENT=1 ;

-- --------------------------------------------------------

--
-- Table structure for table `transport_fees`
--

CREATE TABLE IF NOT EXISTS `transport_fees` (
  `id` int(11) NOT NULL AUTO_INCREMENT,
  `transport_f_id` int(11) NOT NULL,
  `migrated` int(11) NOT NULL,
  `fee_id` int(11) NOT NULL,
  `fee_type_id` int(11) NOT NULL,
  `transport_fee` varchar(20) NOT NULL,
  `academic_year_id` int(11) NOT NULL,
  `status` int(3) NOT NULL DEFAULT '1',
  `created_user_id` int(11) NOT NULL,
  `updated_user_id` int(11) NOT NULL,
  `created_at` timestamp NOT NULL DEFAULT CURRENT_TIMESTAMP ON UPDATE CURRENT_TIMESTAMP,
  `updated_at` timestamp NULL DEFAULT NULL,
  `assign_feetype_id` int(11) NOT NULL,
  `route_id` int(11) NOT NULL,
  `stop_id` int(11) NOT NULL,
  PRIMARY KEY (`id`)
) ENGINE=InnoDB  DEFAULT CHARSET=latin1 AUTO_INCREMENT=16 ;

--
-- Dumping data for table `transport_fees`
--

INSERT INTO `transport_fees` (`id`, `transport_f_id`, `migrated`, `fee_id`, `fee_type_id`, `transport_fee`, `academic_year_id`, `status`, `created_user_id`, `updated_user_id`, `created_at`, `updated_at`, `assign_feetype_id`, `route_id`, `stop_id`) VALUES
(2, 2, 1, 1, 2, '2800', 1, 1, 1, 0, '2018-07-19 15:44:10', '2018-07-19 21:14:10', 0, 2, 2),
(3, 3, 1, 1, 2, '6000', 1, 1, 1, 1, '2018-07-19 15:44:10', '2018-07-19 21:14:10', 0, 2, 3),
(4, 4, 1, 1, 2, '2000', 1, 1, 1, 1, '2018-07-19 15:44:10', '2018-07-19 21:14:10', 0, 1, 4),
(5, 5, 1, 1, 2, '2500', 1, 1, 1, 0, '2018-07-19 15:44:10', '2018-07-19 21:14:10', 0, 2, 1),
(6, 6, 1, 1, 1, '500', 1, 1, 1, 0, '2018-07-19 15:44:10', '2018-07-19 21:14:10', 0, 4, 5),
(7, 6, 1, 1, 1, '500', 1, 1, 1, 0, '2018-07-19 15:44:10', '2018-07-19 21:14:10', 0, 4, 6),
(8, 8, 0, 1, 1, '2500', 2, 1, 1, 0, '2018-07-30 16:05:00', '2018-07-19 20:59:49', 0, 1, 2),
(9, 9, 0, 1, 1, '2000', 2, 1, 1, 0, '2018-07-30 16:05:06', '2018-07-19 21:00:19', 0, 1, 3),
(10, 2, 0, 1, 2, '2800', 2, 1, 1, 0, '2018-07-19 21:14:10', '2018-07-19 21:14:10', 0, 2, 2),
(11, 3, 0, 1, 2, '6000', 2, 1, 1, 0, '2018-07-19 21:14:10', '2018-07-19 21:14:10', 0, 2, 3),
(12, 4, 0, 1, 2, '2000', 2, 1, 1, 0, '2018-07-19 21:14:10', '2018-07-19 21:14:10', 0, 1, 4),
(13, 5, 0, 1, 2, '2500', 2, 1, 1, 0, '2018-07-19 21:14:10', '2018-07-19 21:14:10', 0, 2, 1),
(14, 6, 0, 1, 1, '500', 2, 1, 1, 0, '2018-07-19 21:14:10', '2018-07-19 21:14:10', 0, 4, 5),
(15, 7, 0, 1, 1, '500', 2, 1, 1, 0, '2018-07-19 21:14:10', '2018-07-19 21:14:10', 0, 4, 6);

-- --------------------------------------------------------

--
-- Table structure for table `users`
--

CREATE TABLE IF NOT EXISTS `users` (
  `id` int(11) NOT NULL AUTO_INCREMENT,
  `user_login_id` int(11) DEFAULT NULL,
  `user_type_id` int(11) NOT NULL,
  `add_rights` int(11) NOT NULL DEFAULT '0',
  `view_rights` int(11) NOT NULL DEFAULT '1',
  `edit_rights` int(11) NOT NULL DEFAULT '0',
  `delete_rights` int(11) NOT NULL DEFAULT '0',
  `first_name` varchar(255) NOT NULL,
  `last_name` varchar(255) NOT NULL,
  `email_id` varchar(255) NOT NULL,
  `contact_number` varchar(15) NOT NULL,
  `photo` varchar(255) NOT NULL,
  `address` text NOT NULL,
  `academic_year_id` int(11) NOT NULL,
  `status` int(3) NOT NULL DEFAULT '1',
  `created_user_id` int(11) DEFAULT NULL,
  `updated_user_id` int(11) DEFAULT NULL,
  `created_at` timestamp NOT NULL DEFAULT CURRENT_TIMESTAMP ON UPDATE CURRENT_TIMESTAMP,
  `updated_at` timestamp NULL DEFAULT NULL,
  PRIMARY KEY (`id`),
  KEY `foreign_key` (`user_login_id`),
  KEY `user_login_id` (`user_login_id`)
) ENGINE=InnoDB  DEFAULT CHARSET=latin1 AUTO_INCREMENT=3 ;

--
-- Dumping data for table `users`
--

INSERT INTO `users` (`id`, `user_login_id`, `user_type_id`, `add_rights`, `view_rights`, `edit_rights`, `delete_rights`, `first_name`, `last_name`, `email_id`, `contact_number`, `photo`, `address`, `academic_year_id`, `status`, `created_user_id`, `updated_user_id`, `created_at`, `updated_at`) VALUES
(1, 1, 1, 1, 1, 1, 1, 'BHarath', 'Reddy', 'bharath@gmail.com', '9704244851', '2017-12-19-16-21-04-14199760_1099042820148835_8675075373161741291_n.jpg', 'hyderabad', 1, 1, 1, NULL, '2018-02-15 05:20:50', '2018-02-15 10:50:50'),
(2, 1, 1, 1, 1, 1, 1, 'BHarath', 'Reddy', 'bharath@gmail.com', '9704244851', '2017-12-19-16-21-04-14199760_1099042820148835_8675075373161741291_n.jpg', 'hyderabad', 2, 1, 1, NULL, '2018-02-15 05:20:50', '2018-02-15 10:50:50');

-- --------------------------------------------------------

--
-- Table structure for table `user_logins`
--

CREATE TABLE IF NOT EXISTS `user_logins` (
  `id` int(11) NOT NULL AUTO_INCREMENT,
  `user_name` varchar(255) NOT NULL,
  `password` varchar(255) NOT NULL,
  `token` varchar(255) NOT NULL,
  `academic_year_id` int(11) NOT NULL,
  `status` int(11) NOT NULL DEFAULT '1',
  `user_type_id` varchar(255) NOT NULL,
  `created_at` timestamp NOT NULL DEFAULT CURRENT_TIMESTAMP ON UPDATE CURRENT_TIMESTAMP,
  `updated_at` timestamp NULL DEFAULT NULL,
  PRIMARY KEY (`id`)
) ENGINE=InnoDB  DEFAULT CHARSET=latin1 AUTO_INCREMENT=71 ;

--
-- Dumping data for table `user_logins`
--

INSERT INTO `user_logins` (`id`, `user_name`, `password`, `token`, `academic_year_id`, `status`, `user_type_id`, `created_at`, `updated_at`) VALUES
(1, 'bharath', '123456', '', 1, 1, '1', '2017-12-19 04:01:27', NULL),
(2, 'mallareddy', '123456', '$2y$10$ouawGny8j2yqLZWLX57WR.kbh4PL7PkrHvFlPeXchCZG9KQBxj6x6', 1, 1, '4', '2018-01-31 11:24:41', '2018-01-31 16:54:41'),
(3, 'anandkumar', '123456', '$2y$10$0Q4bK2Sm919xD9ksqRM09uhbyOzqkzd6MKmvDQgWJ3mjWQwKf7P0i', 1, 1, '4', '2017-12-19 12:33:08', '2017-12-19 12:33:08'),
(4, 'ganesh', '123456', '$2y$10$ASwqhmpX5byHMJP602HGoebyzG2sGCRWT1T882I8LfBTS1VegSu/a', 1, 1, '4', '2017-12-19 12:39:28', '2017-12-19 12:39:28'),
(5, 'Suresh', '123456', '$2y$10$IUGJEMxHtaaoqjsJGIDLlejttnRtvXYx00LhiKH/ou6z2ahOXuP0q', 1, 1, '4', '2017-12-19 12:50:30', '2017-12-19 12:50:30'),
(6, 'Harish', '123456', '$2y$10$n4ZFZCJxklSlpaoAE6e66.g.Wzdz8p8IWS6YhEV9PRq4PXKXnGUrO', 1, 1, '4', '2017-12-19 12:55:51', '2017-12-19 12:55:51'),
(7, 'Sujanya', '123456', '$2y$10$yS1.PO.xOS7EzNdiXoldCOP6Ww683CfsNqWHSVIEjFGvtlcySwp92', 1, 1, '4', '2017-12-19 13:03:18', '2017-12-19 13:03:18'),
(8, 'Rajesh', '123456', '$2y$10$SreCJpTxwgT.ZTvweumspOIjhyruz8.EOVOEbOrPEsZlc6lcCdsZG', 1, 1, '6', '2017-12-19 13:07:56', '2017-12-19 13:07:56'),
(9, 'Srikanth', '123456', '$2y$10$pE6w1DkiNIdO74zx1sKf6enuJvvcqB/OQ3H0DXpsBCucJiDdOcreG', 1, 1, '6', '2017-12-19 14:12:58', '2017-12-19 14:12:58'),
(10, 'Madhan', '123456', '$2y$10$8RkPPf/tvraWsWGPNexIROBbXyVmrrqfYC38IgmWKzMTX.3uKsmja', 1, 1, '4', '2017-12-19 14:19:20', '2017-12-19 14:19:20'),
(11, 'Gopalreddy', '123456', '$2y$10$TPpyzWYeuzmB2/OxSNMkN.Xb1XC5BgWIIABeMlZ2vtuBPQO97yXse', 1, 1, '4', '2017-12-19 14:25:45', '2017-12-19 14:25:45'),
(12, 'Shakar', '123456', '$2y$10$eQDIWmKNDaald7b3uqJyE.E/4LBT8r0QsZANTllTQHnuQTbe8nlU6', 1, 1, '4', '2017-12-19 11:58:16', '2017-12-19 14:41:00'),
(13, 'Sweetha', '123456', '$2y$10$SY8KxN95ZmDJRVKrF0.i0.Y7fYcr2HzN3KBGyrZJ9/hnSMKDUXuW6', 1, 1, '5', '2018-01-29 03:32:05', '2018-01-29 09:02:05'),
(14, 'Venkatreddt', '123456', '$2y$10$iGDkW/0tedyr.6T1d6pSTO1bt.fTidP3ByxLGfvuBxkTL.S8CljHG', 1, 1, '7', '2017-12-19 15:19:28', '2017-12-19 15:19:28'),
(15, 'Veenakumari', '123456', '$2y$10$XO5sln//55VbdjqoYN0hTe0ers6rMTJfdXJAfcHeUa5WnD7fROUC6', 1, 0, '5', '2018-07-19 08:59:12', '2018-07-19 14:29:12'),
(16, 'Bopalguptha', '123456', '$2y$10$kppeqTyrJdHw63D9kR34vuf.SNb046mb02hPNhw3QZBPuYRAyu.9a', 1, 1, '7', '2017-12-19 15:32:59', '2017-12-19 15:32:59'),
(17, 'vinilashamala', '123456', '$2y$10$3ecSPulyGhqHVibKUoqBC.jBoEvwcOzTUhK7tbvWXKAJB7lwNcK8u', 1, 0, '5', '2018-07-19 08:59:30', '2018-07-19 14:29:30'),
(18, 'Rukkaya', '123456', '$2y$10$DVZCIy/Z7cLAMDAenSKRh.SDuP2Smkcq1JUpB7bZuzlBFpgQV4R7W', 1, 1, '7', '2017-12-19 15:49:42', '2017-12-19 15:49:42'),
(19, 'Praveena', '123456', '$2y$10$mU9WVQzY4kM//wOSsf8O6.JupNrdiX50yb9kI5BjzkT3sCnC2yiz2', 1, 1, '5', '2018-03-06 10:28:55', '2018-03-06 15:58:55'),
(20, 'Vittalkumar', '123456', '$2y$10$nAtf85bVC3cCOGPDJC4jiunj62sCu/hLYfWuMAtji5BbdNMJWJXfe', 1, 1, '7', '2017-12-19 15:57:01', '2017-12-19 15:57:01'),
(21, 'Gayathri', 'Gayathri', '$2y$10$QqWa7htRptveba6GysKAQeW46VMOVwKJPoSEFH3mwIBqTVoHjrZ4G', 1, 1, '5', '2017-12-19 16:02:56', '2017-12-19 16:02:56'),
(22, 'Janardhan', '123456', '$2y$10$AS/WofhlRjdRF7I0iM/vP.OdY0DBdpU/rXS2Ut.IDMSoCTBewdxSW', 1, 1, '7', '2017-12-19 16:03:57', '2017-12-19 16:03:57'),
(23, 'namrata', '123456', '$2y$10$nALKBlqD2OnlnoRqHIxLP.P0bENBRH5lwdVJcXT8.ReRIc.pnXs.O', 1, 1, '5', '2017-12-30 00:52:37', '2017-12-30 00:52:37'),
(24, 'laxma', '123456', '$2y$10$K2rFxo72AUMPqWjPt6/h9.eyAQeUJi24.Me8k1FlRyn5U/BaghPdu', 1, 1, '7', '2017-12-30 00:54:06', '2017-12-30 00:54:06'),
(25, 'ramchander', 'ramchander', '$2y$10$XG8obczeqVaLaj7pn5c3puSevTKbqT7dUfDfv2gZGf6xkpCflHn9S', 1, 1, '5', '2018-01-08 12:00:30', '2018-01-08 12:00:30'),
(26, 'mallareddydfdfty', 'mallareddy', '$2y$10$p3XbnKc.jVlYvVBcrm2nFu7zPhESY/is8KQbxq7TmrhwysdLybpCm', 1, 1, '5', '2018-01-08 12:02:32', '2018-01-08 12:02:32'),
(27, 'naresh', 'mallareddy', '$2y$10$.Ch5GtfrK/LmO/UMyxMC4eJl1pPXqZoOj0iBvskyFIF9mUVFx8j1u', 1, 1, '5', '2018-02-02 10:45:11', '2018-02-02 16:15:11'),
(28, 'nareshscscc', '123456', '$2y$10$5p4Uk6GLCpntroA2T2AHu.nNJM13tRObFXV2HNsATbIIrx3rFVbqq', 1, 1, '7', '2018-01-08 12:04:55', '2018-01-08 12:04:55'),
(29, 'paramesh', 'paramesh', '$2y$10$Q4.b1QxFt0uA/M4cWIUppePoKBJKWuWAAcKth4p6iLA4Wta3jlaMa', 1, 1, '8', '2018-01-08 12:52:59', '2018-01-08 12:52:59'),
(30, 'jfnvjrdfjj', '123456', '$2y$10$feL5JZbfAXEI.Oru8BLqaeSWkd0SYPnTjbRHn1zArbIFWhe5lGxjS', 1, 1, '3', '2018-01-08 13:06:14', '2018-01-08 13:06:14'),
(31, 'Srikanthmanchidi', 'Srikanth', '$2y$10$u3BEvLNGKfovpJbJM8vvXekW0/uNch6ZOtxT7vInRfe7ngYniHTNu', 1, 1, '9', '2018-01-08 13:09:04', '2018-01-08 13:09:04'),
(32, 'rajireddy', 'rajireddy', '$2y$10$ZrS5NjvzHjk4NLYDP6eoxurrUepP.YF02FQRdwY8xBV3UTnzF2oU.', 1, 1, '6', '2018-01-08 13:20:59', '2018-01-08 13:20:59'),
(33, 'Ramdas', '123456', '$2y$10$D8wjsV2VpvmP1FgHb5rK9O40TGBKkYdP/BDQcBRgOlKn.a8d3myQm', 1, 1, '1', '2018-01-17 10:09:09', '2018-01-17 10:09:09'),
(34, 'venkat', '123456', '$2y$10$fPW85rED3tBTDG/Q8m0NZOveNSCmaaFfWJWRP8M.zKFI.O1JEGgo.', 1, 1, '4', '2018-01-18 10:52:06', '2018-01-18 10:52:06'),
(35, 'Srinivas', '123456', '$2y$10$dP6zFtpd2lIcpUP8nc5IFuia2jngCBc188A41I2.IUpFN6lvrrPb2', 1, 1, '4', '2018-01-18 11:52:16', '2018-01-18 11:52:16'),
(36, 'srinivasreddy', '123456', '$2y$10$tfslzJZcoAKC0wGMuUZyrOucODce0zuWEVeZg1rjRB9HEE.ks7Hvy', 1, 1, '5', '2018-01-18 12:22:27', '2018-01-18 12:22:27'),
(37, 'Venkatreddy', '123456', '$2y$10$AlTSTe87slZhbmehFc7x8esIKu1fS8aITvU.R3vrej.HSQEl4YwW6', 1, 1, '7', '2018-01-18 12:25:02', '2018-01-18 12:25:02'),
(38, 'Abhishek', '123456', '$2y$10$FUuRZMoy0cQskChYJOnk2uTGKzw23fwkH8PqjKDguPFlslSXImbhi', 1, 1, '5', '2018-01-19 11:55:18', '2018-01-19 11:55:18'),
(39, 'venkatreddymalis', '123456', '$2y$10$chGPT4zC.QfUDYT24VmX8.5/wSztIR9NRkcI5Ld56g7Cogr72laH.', 1, 1, '7', '2018-01-19 11:59:35', '2018-01-19 11:59:35'),
(40, 'Prabhakar', 'Prabhakar', '$2y$10$ez8lmemwXU4V0wMysSIdH.S8SqqIZYlNqYXcYesFzmixoticxqL.u', 1, 1, '5', '2018-01-20 09:54:52', '2018-01-20 09:54:52'),
(41, 'Ganeshp', '123456', '$2y$10$VoVJ5tVkXZZ7oXyh3QvH5uDlYS.c.AfzH1wr.b6N3Gq10ElILlEr2', 1, 1, '7', '2018-01-20 10:01:46', '2018-01-20 10:01:46'),
(43, 'harishkumar', '123456', '$2y$10$WHLt1IG6zK5Tpf8yye2c6OJoZzHeKlkb8YMZGtlvfDvx1G9YZBq5i', 1, 1, '8', '2018-01-20 11:46:31', '2018-01-20 11:46:31'),
(44, 'Pandurangam', '123456', '$2y$10$7.4YGU59ElfuYFpSq4NxBOIRz0.D5of92akMiXskKGgbN8VzPw9Qe', 1, 1, '3', '2018-01-20 14:11:39', '2018-01-20 14:11:39'),
(45, 'Surehandr', '123456', '$2y$10$JqxcDC0URVOLc5ZehvXDe.DN3vtjAS2ZR4RJNNDZjhKwepbZE.p.O', 1, 1, '5', '2018-01-20 14:54:32', '2018-01-20 14:54:32'),
(46, 'Sagarreddy', '123456', '$2y$10$NuAARid/C/s8dO/CtH5zsOP53maflkpz7MH8HfqJbkbiwYw/3Wcqa', 1, 1, '7', '2018-01-20 14:56:14', '2018-01-20 14:56:14'),
(47, 'harshavardhan@gmail.com', '0123456789', '$2y$10$nCj6ZAmsV.Fta1ClVtPucOD7LfUsbPB.dAC5U.epHfWd6To416NDO', 1, 1, '5', '2018-01-23 12:49:11', '2018-01-23 12:49:11'),
(48, 'ganesh@gmail.com', '0123456789', '$2y$10$jbsq4ecxHiS4RQNMuk6eOOONmFlK18CKyAM1wYPwcPFV5fBjwK1B2', 1, 1, '7', '2018-01-23 12:59:06', '2018-01-23 12:59:06'),
(49, 'Rangachari', 'Rangachari', '$2y$10$K0NlFXLAIIe4Y.ty6EfW2.ipm3jImCP1XPLHR5b/MnVhZsln9/bOK', 1, 1, '5', '2018-01-24 08:32:21', '2018-01-24 14:02:21'),
(50, 'Somireddy', '123456', '$2y$10$7b8dWcGRbdOYciTK40Plce5Ba1hABK70aegzXAaXyPxxtKf9w9zy2', 1, 1, '7', '2018-01-24 10:50:09', '2018-01-24 10:50:09'),
(51, 'chendrashekar@gmail.com', '123456', '$2y$10$1yWQ0R6sxQ5VJmThGl1hOO3tYx0i.SPtHRypCsRXudJ9VUeqO77qy', 1, 1, '4', '2018-01-24 11:10:31', '2018-01-24 11:10:31'),
(52, 'balakrishna', '123456', '$2y$10$HJSi/BKe7VguHFCNvUgyiOG5IjrlOz7yT9GP9ayN7Fm6E4yRcxX4i', 1, 0, '5', '2018-01-31 11:48:07', '2018-01-31 17:18:07'),
(53, 'Nagarjuna', '123456', '$2y$10$EH4rv304uUv2FEUheYtWyuPtMocRMsrULfKgOcB2jjBvEmi4QQeMC', 1, 1, '7', '2018-01-24 14:22:06', '2018-01-24 14:22:06'),
(54, 'Venkatesh', 'Venkatesh', '$2y$10$bozJOgVK9fWatSa2D5dmAui4DV3vdYB9GuAjXZcAfza36ULZG2rXW', 1, 1, '4', '2018-01-24 14:49:18', '2018-01-24 14:49:18'),
(55, 'gfhghjl', '123456', '$2y$10$odZ7XC5bxm3x2GyX8Ke1aeV.PBIs4/OJi145J04P7qGvJZ2m31O5G', 1, 1, '5', '2018-01-24 16:20:11', '2018-01-24 16:20:11'),
(56, 'rtykk', '123456', '$2y$10$NchxOhRuxxBhX0Or/lr29ego.7qLnRh.xweYTQlKfU92dWMGXi9pq', 1, 1, '7', '2018-01-24 16:21:05', '2018-01-24 16:21:05'),
(57, 'vikram', '812142', '$2y$10$kbB1McwRDME5yfEGq4rXpuQhlk2knzLctrAj5LI5KYCiDe3tNx2VO', 1, 1, '5', '2018-01-30 12:48:07', '2018-01-30 12:48:07'),
(58, 'sathyanarayanareddy', '123456', '$2y$10$rxOs7y8YmaoQ/9/asHIgUOxa2hKLHcltrcK9AC/uKjbyIh4URQdNS', 1, 1, '7', '2018-01-30 12:51:31', '2018-01-30 12:51:31'),
(59, 'xcvhj', '123456', '$2y$10$fYxMMzjTXovN6tbfv81EXOLGAbeEpG8pQ2x/aw/hWmVBNdGbg4CYe', 1, 1, '5', '2018-02-26 12:13:14', '2018-02-26 12:13:14'),
(60, 'manishkumar', '123456', '$2y$10$CDMeozvwuqQdsTb1UKC/uOpyb.mKQN6qk9q4hYuB.45Ijy5H1rDQG', 1, 1, '5', '2018-04-12 12:00:38', '2018-04-12 12:00:38'),
(61, 'suresh kumar', '123456', '$2y$10$PF6cEKr2D7XytepxQSSsmeEpgZCw2oZ4zui.6ajAFvi8exvqzQPn6', 1, 1, '7', '2018-04-12 12:01:50', '2018-04-12 12:01:50'),
(62, 'venkatreddyp', '123456', '$2y$10$.MKRwmhOpY7Wv2F6IKo7fuZ0URQ5YmykMDXf9AKxaR9IlZirsF/0i', 2, 1, '7', '2018-07-13 09:24:22', '2018-07-13 09:24:22'),
(63, 'venkatreddym', '123456', '$2y$10$FPEPWbvxza3nktszXL880OvQ6449/pW.jRbwSktTndQBGv/NIA.UK', 2, 1, '7', '2018-07-13 09:30:40', '2018-07-13 09:30:40'),
(64, 'mvenkatreddy', '123456', '$2y$10$0HxkpcsqjPX/rh9NVadei.Y/teNSmks1aQikHwTXf/nYLksZl2uk6', 2, 1, '7', '2018-07-13 09:31:33', '2018-07-13 09:31:33'),
(65, 'venkatreddy patlolla', '123456', '$2y$10$keuNBNoio.7kLCnGI58vHuyX.pxuKPQk/v21rErqq9jMF2ybcxNgO', 2, 1, '7', '2018-07-19 13:55:06', '2018-07-19 13:55:06'),
(66, 'ananthreddy.g', '123456', '$2y$10$OAvXtmixuUjnYbVwIzNO.eTKM1oE5Wsnf5k7bunxJInZhNsbIboUu', 2, 1, '7', '2018-07-19 14:03:07', '2018-07-19 14:03:07'),
(67, 'vikramreddy.b', '123456', '$2y$10$pvMbT1rJNsaRnGOxYcOznu8JlBo5ruqT9wRNB9freZ0LkPxk9mWw6', 2, 1, '5', '2018-07-19 14:15:17', '2018-07-19 14:15:17'),
(68, 'sathyanarayanareddy123', '123456', '$2y$10$RerJCHy6nbVAqVp0zrBh6e63O70RgD/OhtJ.lx0Xzu1fpgxeyu7eC', 2, 1, '7', '2018-07-19 14:16:58', '2018-07-19 14:16:58'),
(69, 'shwethareddy', '123456', '$2y$10$bRtkvoTSroEumnR5gbJdTeqzvOEkqkNxtEzKDm4V8vUrhDY1uzqIC', 2, 1, '5', '2018-07-19 14:27:34', '2018-07-19 14:27:34'),
(70, 'ganeshreddy', '123456', '$2y$10$LhkwSggVDVC.eH6q0WPtO.QqXpWNH8rrKIu1dBeHJ/TvVoPLKmnjm', 2, 1, '7', '2018-07-19 14:28:56', '2018-07-19 14:28:56');

-- --------------------------------------------------------

--
-- Table structure for table `user_modules`
--

CREATE TABLE IF NOT EXISTS `user_modules` (
  `id` int(11) NOT NULL AUTO_INCREMENT,
  `user_type_id` int(11) NOT NULL,
  `module_id` int(11) NOT NULL,
  `academic_year_id` int(11) NOT NULL,
  `status` int(3) NOT NULL DEFAULT '1',
  `created_user_id` int(11) NOT NULL,
  `updated_user_id` int(11) NOT NULL,
  `created_at` timestamp NOT NULL DEFAULT CURRENT_TIMESTAMP ON UPDATE CURRENT_TIMESTAMP,
  `updated_at` timestamp NOT NULL DEFAULT '0000-00-00 00:00:00',
  PRIMARY KEY (`id`)
) ENGINE=InnoDB  DEFAULT CHARSET=latin1 AUTO_INCREMENT=107 ;

--
-- Dumping data for table `user_modules`
--

INSERT INTO `user_modules` (`id`, `user_type_id`, `module_id`, `academic_year_id`, `status`, `created_user_id`, `updated_user_id`, `created_at`, `updated_at`) VALUES
(1, 1, 1, 1, 1, 1, 0, '2017-07-27 03:42:07', '0000-00-00 00:00:00'),
(2, 1, 2, 1, 1, 1, 0, '2017-07-27 03:42:07', '0000-00-00 00:00:00'),
(3, 1, 3, 1, 1, 1, 0, '2017-07-27 03:42:07', '0000-00-00 00:00:00'),
(4, 1, 4, 1, 1, 1, 0, '2017-07-27 03:42:07', '0000-00-00 00:00:00'),
(5, 1, 5, 1, 1, 1, 0, '2017-07-27 03:42:07', '0000-00-00 00:00:00'),
(6, 1, 6, 1, 1, 1, 0, '2017-07-27 03:42:07', '0000-00-00 00:00:00'),
(7, 1, 7, 1, 1, 1, 0, '2017-07-27 03:42:07', '0000-00-00 00:00:00'),
(8, 1, 8, 1, 1, 1, 0, '2017-07-27 03:42:07', '0000-00-00 00:00:00'),
(9, 1, 9, 1, 1, 1, 0, '2017-07-27 03:42:07', '0000-00-00 00:00:00'),
(10, 1, 10, 1, 1, 1, 0, '2017-07-27 03:42:07', '0000-00-00 00:00:00'),
(11, 1, 11, 1, 1, 1, 0, '2017-07-27 03:42:07', '0000-00-00 00:00:00'),
(12, 1, 12, 1, 1, 1, 0, '2017-07-27 03:42:07', '0000-00-00 00:00:00'),
(13, 1, 13, 1, 1, 1, 0, '2017-07-27 03:42:07', '0000-00-00 00:00:00'),
(14, 1, 14, 1, 1, 1, 0, '2017-07-27 03:42:07', '0000-00-00 00:00:00'),
(15, 1, 15, 1, 1, 1, 0, '2017-07-27 03:42:07', '0000-00-00 00:00:00'),
(16, 1, 16, 1, 1, 1, 0, '2017-07-27 03:42:07', '0000-00-00 00:00:00'),
(17, 1, 17, 1, 1, 1, 0, '2017-07-27 03:42:07', '0000-00-00 00:00:00'),
(18, 1, 18, 1, 1, 1, 0, '2017-07-27 03:42:07', '0000-00-00 00:00:00'),
(19, 1, 19, 1, 1, 1, 0, '2017-07-27 03:42:07', '0000-00-00 00:00:00'),
(20, 1, 20, 1, 1, 1, 0, '2017-07-27 03:42:07', '0000-00-00 00:00:00'),
(21, 1, 21, 1, 1, 1, 0, '2017-07-27 03:42:07', '0000-00-00 00:00:00'),
(22, 2, 1, 1, 1, 1, 0, '2017-07-27 03:42:42', '0000-00-00 00:00:00'),
(23, 2, 2, 1, 1, 1, 0, '2017-07-27 03:42:42', '0000-00-00 00:00:00'),
(24, 2, 3, 1, 1, 1, 0, '2017-07-27 03:42:42', '0000-00-00 00:00:00'),
(25, 2, 4, 1, 1, 1, 0, '2017-07-27 03:42:42', '0000-00-00 00:00:00'),
(26, 2, 5, 1, 1, 1, 0, '2017-07-27 03:42:42', '0000-00-00 00:00:00'),
(27, 2, 6, 1, 1, 1, 0, '2017-07-27 03:42:42', '0000-00-00 00:00:00'),
(28, 2, 7, 1, 1, 1, 0, '2017-07-27 03:42:42', '0000-00-00 00:00:00'),
(29, 2, 8, 1, 1, 1, 0, '2017-07-27 03:42:42', '0000-00-00 00:00:00'),
(30, 2, 9, 1, 1, 1, 0, '2017-07-27 03:42:42', '0000-00-00 00:00:00'),
(31, 2, 10, 1, 1, 1, 0, '2017-07-27 03:42:42', '0000-00-00 00:00:00'),
(32, 2, 11, 1, 1, 1, 0, '2017-07-27 03:42:42', '0000-00-00 00:00:00'),
(33, 2, 12, 1, 1, 1, 0, '2017-07-27 03:42:42', '0000-00-00 00:00:00'),
(34, 2, 13, 1, 1, 1, 0, '2017-07-27 03:42:42', '0000-00-00 00:00:00'),
(35, 2, 14, 1, 1, 1, 0, '2017-07-27 03:42:42', '0000-00-00 00:00:00'),
(36, 2, 15, 1, 1, 1, 0, '2017-07-27 03:42:42', '0000-00-00 00:00:00'),
(37, 2, 16, 1, 1, 1, 0, '2017-07-27 03:42:42', '0000-00-00 00:00:00'),
(38, 2, 17, 1, 1, 1, 0, '2017-07-27 03:42:42', '0000-00-00 00:00:00'),
(39, 2, 18, 1, 1, 1, 0, '2017-07-27 03:42:42', '0000-00-00 00:00:00'),
(40, 2, 19, 1, 1, 1, 0, '2017-07-27 03:42:42', '0000-00-00 00:00:00'),
(41, 2, 20, 1, 1, 1, 0, '2017-07-27 03:42:42', '0000-00-00 00:00:00'),
(42, 2, 21, 1, 1, 1, 0, '2017-07-27 03:42:42', '0000-00-00 00:00:00'),
(43, 4, 13, 1, 1, 1, 0, '2017-07-27 03:44:33', '0000-00-00 00:00:00'),
(44, 4, 21, 1, 1, 1, 0, '2017-07-27 03:44:33', '0000-00-00 00:00:00'),
(45, 4, 22, 1, 1, 1, 0, '2017-07-27 03:44:33', '0000-00-00 00:00:00'),
(46, 4, 24, 1, 1, 1, 0, '2017-07-27 03:44:33', '0000-00-00 00:00:00'),
(47, 4, 25, 1, 1, 1, 0, '2017-07-27 03:44:33', '0000-00-00 00:00:00'),
(48, 4, 27, 1, 1, 1, 0, '2017-07-27 03:44:33', '0000-00-00 00:00:00'),
(49, 4, 30, 1, 1, 1, 1, '2017-07-27 10:50:06', '2017-07-27 16:20:06'),
(50, 4, 31, 1, 1, 1, 1, '2017-07-28 06:47:21', '2017-07-28 12:17:21'),
(51, 4, 32, 1, 1, 1, 1, '2017-07-28 06:46:38', '2017-07-28 12:16:37'),
(52, 4, 29, 1, 1, 1, 0, '2017-07-27 08:33:28', '0000-00-00 00:00:00'),
(53, 9, 11, 1, 1, 1, 0, '2017-07-27 11:02:19', '0000-00-00 00:00:00'),
(54, 9, 12, 1, 1, 1, 0, '2017-07-27 11:02:19', '0000-00-00 00:00:00'),
(55, 9, 13, 1, 1, 1, 0, '2017-07-27 11:02:19', '0000-00-00 00:00:00'),
(56, 9, 14, 1, 1, 1, 0, '2017-07-27 11:02:19', '0000-00-00 00:00:00'),
(57, 9, 21, 1, 1, 1, 0, '2017-07-27 11:02:19', '0000-00-00 00:00:00'),
(58, 9, 22, 1, 1, 1, 0, '2017-07-27 11:02:19', '0000-00-00 00:00:00'),
(59, 9, 24, 1, 1, 1, 0, '2017-07-27 11:02:19', '0000-00-00 00:00:00'),
(60, 9, 25, 1, 1, 1, 0, '2017-07-27 11:02:19', '0000-00-00 00:00:00'),
(61, 9, 27, 1, 1, 1, 0, '2017-07-27 11:02:19', '0000-00-00 00:00:00'),
(62, 9, 7, 1, 1, 1, 0, '2017-07-27 11:03:47', '0000-00-00 00:00:00'),
(63, 8, 13, 1, 1, 1, 0, '2017-07-27 11:07:39', '0000-00-00 00:00:00'),
(64, 8, 16, 1, 1, 1, 0, '2017-07-27 11:07:39', '0000-00-00 00:00:00'),
(65, 8, 21, 1, 1, 1, 0, '2017-07-27 11:07:39', '0000-00-00 00:00:00'),
(66, 8, 22, 1, 1, 1, 0, '2017-07-27 11:07:39', '0000-00-00 00:00:00'),
(67, 8, 24, 1, 1, 1, 0, '2017-07-27 11:07:39', '0000-00-00 00:00:00'),
(68, 8, 25, 1, 1, 1, 0, '2017-07-27 11:07:39', '0000-00-00 00:00:00'),
(69, 8, 27, 1, 1, 1, 0, '2017-07-27 11:07:39', '0000-00-00 00:00:00'),
(70, 8, 28, 1, 1, 1, 0, '2017-07-27 11:07:39', '0000-00-00 00:00:00'),
(71, 7, 13, 1, 1, 1, 0, '2017-07-27 11:30:30', '0000-00-00 00:00:00'),
(72, 7, 21, 1, 1, 1, 0, '2017-07-27 11:30:30', '0000-00-00 00:00:00'),
(73, 7, 23, 1, 1, 1, 0, '2017-07-27 11:30:30', '0000-00-00 00:00:00'),
(74, 7, 24, 1, 1, 1, 0, '2017-07-27 11:30:30', '0000-00-00 00:00:00'),
(75, 7, 25, 1, 1, 1, 0, '2017-07-27 11:30:30', '0000-00-00 00:00:00'),
(76, 7, 26, 1, 1, 1, 0, '2017-07-27 11:30:30', '0000-00-00 00:00:00'),
(77, 6, 9, 1, 1, 1, 0, '2017-07-27 11:34:02', '0000-00-00 00:00:00'),
(78, 6, 21, 1, 1, 1, 0, '2017-07-27 11:34:02', '0000-00-00 00:00:00'),
(79, 6, 22, 1, 1, 1, 0, '2017-07-27 11:34:02', '0000-00-00 00:00:00'),
(80, 6, 24, 1, 1, 1, 0, '2017-07-27 11:34:02', '0000-00-00 00:00:00'),
(81, 6, 25, 1, 1, 1, 0, '2017-07-27 11:34:02', '0000-00-00 00:00:00'),
(82, 5, 13, 1, 1, 1, 0, '2017-07-27 11:35:50', '0000-00-00 00:00:00'),
(83, 5, 21, 1, 1, 1, 0, '2017-07-27 11:35:50', '0000-00-00 00:00:00'),
(84, 5, 23, 1, 1, 1, 0, '2017-07-27 11:35:50', '0000-00-00 00:00:00'),
(85, 5, 24, 1, 1, 1, 0, '2017-07-27 11:35:50', '0000-00-00 00:00:00'),
(86, 5, 25, 1, 1, 1, 0, '2017-07-27 11:35:50', '0000-00-00 00:00:00'),
(87, 5, 26, 1, 1, 1, 0, '2017-07-27 11:35:50', '0000-00-00 00:00:00'),
(88, 3, 7, 1, 1, 1, 0, '2017-07-27 11:39:28', '0000-00-00 00:00:00'),
(89, 3, 9, 1, 1, 1, 0, '2017-07-27 11:39:28', '0000-00-00 00:00:00'),
(90, 3, 12, 1, 1, 1, 0, '2017-07-27 11:39:28', '0000-00-00 00:00:00'),
(91, 3, 13, 1, 1, 1, 0, '2017-07-27 11:39:28', '0000-00-00 00:00:00'),
(92, 3, 14, 1, 1, 1, 0, '2017-07-27 11:39:28', '0000-00-00 00:00:00'),
(93, 3, 19, 1, 1, 1, 0, '2017-07-27 11:39:28', '0000-00-00 00:00:00'),
(94, 3, 21, 1, 1, 1, 0, '2017-07-27 11:39:28', '0000-00-00 00:00:00'),
(95, 3, 22, 1, 1, 1, 0, '2017-07-27 11:39:28', '0000-00-00 00:00:00'),
(96, 3, 24, 1, 1, 1, 0, '2017-07-27 11:39:28', '0000-00-00 00:00:00'),
(97, 3, 25, 1, 1, 1, 0, '2017-07-27 11:39:28', '0000-00-00 00:00:00'),
(98, 6, 13, 1, 1, 1, 0, '2017-07-27 14:15:36', '0000-00-00 00:00:00'),
(99, 5, 33, 1, 1, 1, 0, '2017-07-28 08:47:51', '0000-00-00 00:00:00'),
(100, 6, 34, 1, 1, 1, 0, '2017-07-28 09:19:13', '0000-00-00 00:00:00'),
(101, 6, 35, 1, 1, 1, 0, '2017-07-28 10:22:50', '0000-00-00 00:00:00'),
(102, 7, 36, 1, 1, 1, 0, '2017-07-28 12:51:52', '0000-00-00 00:00:00'),
(103, 1, 37, 1, 1, 1, 0, '2018-03-01 07:51:45', '2018-03-01 13:21:45'),
(104, 2, 37, 1, 1, 1, 0, '2017-07-28 12:52:59', '0000-00-00 00:00:00'),
(105, 1, 38, 1, 1, 1, 0, '2017-08-08 02:21:32', '0000-00-00 00:00:00'),
(106, 1, 39, 1, 1, 1, 0, '2018-02-12 14:11:47', '0000-00-00 00:00:00');

-- --------------------------------------------------------

--
-- Table structure for table `user_types`
--

CREATE TABLE IF NOT EXISTS `user_types` (
  `id` int(11) NOT NULL AUTO_INCREMENT,
  `title` varchar(255) NOT NULL,
  `academic_year_id` int(11) NOT NULL,
  `status` int(11) NOT NULL DEFAULT '1',
  `created_user_id` int(11) NOT NULL,
  `updated_user_id` int(11) NOT NULL,
  `created_at` timestamp NOT NULL DEFAULT CURRENT_TIMESTAMP ON UPDATE CURRENT_TIMESTAMP,
  `updated_at` timestamp NULL DEFAULT NULL,
  PRIMARY KEY (`id`)
) ENGINE=InnoDB  DEFAULT CHARSET=latin1 AUTO_INCREMENT=10 ;

--
-- Dumping data for table `user_types`
--

INSERT INTO `user_types` (`id`, `title`, `academic_year_id`, `status`, `created_user_id`, `updated_user_id`, `created_at`, `updated_at`) VALUES
(1, 'Super Admin', 1, 1, 1, 0, '2017-06-24 04:43:28', '2017-06-15 12:11:26'),
(2, 'System Admin', 1, 1, 1, 0, '2017-06-24 04:43:30', '2017-06-15 12:11:41'),
(3, 'Office Admin', 1, 1, 1, 0, '2017-06-24 04:43:33', '2017-06-15 12:12:02'),
(4, 'Staff', 1, 1, 1, 0, '2017-06-24 04:43:36', '2017-06-15 12:12:26'),
(5, 'Student', 1, 1, 1, 0, '2017-06-24 04:43:38', '2017-06-15 12:12:44'),
(6, 'Driver', 1, 1, 1, 0, '2017-06-24 04:43:41', '2017-06-15 12:13:07'),
(7, 'Parent', 1, 1, 1, 0, '2017-06-24 04:43:44', '2017-06-15 12:13:26'),
(8, 'Librarian', 1, 1, 1, 0, '2017-06-24 04:43:47', '2017-06-15 12:13:38'),
(9, 'Accountant', 1, 1, 1, 0, '2017-07-25 13:39:14', NULL);

-- --------------------------------------------------------

--
-- Table structure for table `vehicles`
--

CREATE TABLE IF NOT EXISTS `vehicles` (
  `id` int(11) NOT NULL AUTO_INCREMENT,
  `vehicle_type_id` int(11) NOT NULL,
  `vehicle_number` varchar(255) NOT NULL,
  `engine_number` varchar(255) NOT NULL,
  `owner_name` varchar(255) NOT NULL,
  `owner_number` varchar(255) NOT NULL,
  `owner_email` varchar(255) NOT NULL,
  `owner_image` varchar(255) NOT NULL,
  `status` int(11) NOT NULL DEFAULT '1',
  `academic_year_id` int(11) NOT NULL,
  `created_at` timestamp NOT NULL DEFAULT CURRENT_TIMESTAMP,
  `updated_at` timestamp NOT NULL DEFAULT '0000-00-00 00:00:00',
  `created_user_id` int(11) NOT NULL,
  `updated_user_id` int(11) NOT NULL,
  `description` text NOT NULL,
  `vehicle_image` varchar(255) NOT NULL,
  PRIMARY KEY (`id`)
) ENGINE=InnoDB  DEFAULT CHARSET=latin1 AUTO_INCREMENT=6 ;

--
-- Dumping data for table `vehicles`
--

INSERT INTO `vehicles` (`id`, `vehicle_type_id`, `vehicle_number`, `engine_number`, `owner_name`, `owner_number`, `owner_email`, `owner_image`, `status`, `academic_year_id`, `created_at`, `updated_at`, `created_user_id`, `updated_user_id`, `description`, `vehicle_image`) VALUES
(1, 1, '12 1234TS ', '145214', 'Rajesh', '9865895565', 'Rajesh@gmail.com', '2018-01-17-11-40-52-Raghu Babu-Image.jpg', 1, 1, '2017-12-19 14:54:15', '2018-01-17 11:40:52', 1, 1, 'School Bus', '2018-01-17-11-40-52-867519228d1d5325856fc61d710ded0e_XL.jpg'),
(2, 2, '54615vfvf', 'vd46vd59463', 'Santhosh', '8565895565', 'Santhosh@gmail.com', '2017-12-19-14-56-08-images (21).jpg', 1, 1, '2017-12-19 14:56:08', '2017-12-19 14:56:08', 1, 0, 'School Bus', '2017-12-19-14-56-08-index.png'),
(3, 1, 'sdfghj', 'jgj28646', 'pandurangam', '9865895565', 'Pandurangam@gmail.com', '2018-01-17-12-07-16-images (13).jpg', 1, 1, '2018-01-17 12:07:16', '2018-01-23 11:02:50', 1, 0, 'adyrtyku', '2018-01-17-12-07-16-images332.jpg'),
(4, 3, '13bnbnbm35', '296161mmnn', 'Pandurangam', '9658956656', 'Pandurangam@gmail.com', '2018-01-18-14-27-01-Lars-Bromley_web.jpg', 1, 1, '2018-01-18 14:27:01', '2018-01-18 14:27:26', 1, 1, 'School Van', '2018-01-18-14-27-01-index.jpg'),
(5, 2, 'sdrtyusfk', 'sdrtyul;fdgfdhfjgkhlkjl', 'sdfghjk/ghjghkjg', 'sdfghjkfhtjykuik', 'asdfghjk@gmail.com', '2018-01-24-16-58-29-6.jpg', 1, 1, '2018-01-24 16:57:52', '2018-01-25 16:02:15', 1, 1, 'ertyui;fgrhtjkuyi', '2018-01-24-16-58-29-4.jpg');

-- --------------------------------------------------------

--
-- Table structure for table `vehicle_drivers`
--

CREATE TABLE IF NOT EXISTS `vehicle_drivers` (
  `id` int(11) NOT NULL AUTO_INCREMENT,
  `user_type_id` int(11) NOT NULL,
  `staff_id` int(11) NOT NULL,
  `vehicle_type_id` int(11) NOT NULL,
  `vehicle_id` int(11) NOT NULL,
  `route_id` int(11) NOT NULL,
  `status` int(3) NOT NULL DEFAULT '1',
  `academic_year_id` int(11) NOT NULL,
  `created_at` timestamp NOT NULL DEFAULT CURRENT_TIMESTAMP,
  `updated_at` timestamp NOT NULL DEFAULT '0000-00-00 00:00:00',
  `created_user_id` int(11) NOT NULL,
  `updated_user_id` int(11) NOT NULL,
  PRIMARY KEY (`id`)
) ENGINE=InnoDB  DEFAULT CHARSET=latin1 AUTO_INCREMENT=9 ;

--
-- Dumping data for table `vehicle_drivers`
--

INSERT INTO `vehicle_drivers` (`id`, `user_type_id`, `staff_id`, `vehicle_type_id`, `vehicle_id`, `route_id`, `status`, `academic_year_id`, `created_at`, `updated_at`, `created_user_id`, `updated_user_id`) VALUES
(3, 6, 15, 1, 1, 4, 1, 1, '2018-01-08 13:22:47', '2018-01-25 16:03:12', 1, 1),
(4, 6, 7, 2, 2, 1, 1, 1, '2018-01-08 13:23:44', '2018-01-23 11:03:46', 1, 1),
(5, 6, 8, 1, 3, 3, 1, 1, '2018-01-17 12:08:23', '2018-01-17 12:08:23', 1, 0),
(6, 6, 23, 1, 1, 1, 1, 2, '2018-07-19 21:02:50', '2018-07-19 21:02:50', 1, 0),
(7, 6, 31, 2, 5, 2, 1, 2, '2018-07-19 21:07:14', '2018-07-19 21:07:14', 1, 0),
(8, 6, 24, 3, 4, 3, 1, 2, '2018-07-19 21:07:55', '2018-07-19 21:07:55', 1, 0);

-- --------------------------------------------------------

--
-- Table structure for table `vehicle_routes`
--

CREATE TABLE IF NOT EXISTS `vehicle_routes` (
  `id` int(11) NOT NULL AUTO_INCREMENT,
  `route_title` varchar(255) NOT NULL,
  `route_from` varchar(255) NOT NULL,
  `route_from_start_time` varchar(255) NOT NULL,
  `route_from_latitude` varchar(255) NOT NULL,
  `route_from_longitude` varchar(255) NOT NULL,
  `route_to` varchar(255) NOT NULL,
  `route_to_start_time` varchar(255) NOT NULL,
  `route_to_latitude` varchar(255) NOT NULL,
  `route_to_longitude` varchar(255) NOT NULL,
  `status` int(11) NOT NULL DEFAULT '1',
  `academic_year_id` int(11) NOT NULL,
  `created_at` timestamp NOT NULL DEFAULT CURRENT_TIMESTAMP,
  `updated_at` timestamp NOT NULL DEFAULT '0000-00-00 00:00:00',
  `created_user_id` int(11) NOT NULL,
  `updated_user_id` int(11) NOT NULL,
  `route_from_end_time` varchar(255) NOT NULL,
  `route_to_end_time` varchar(255) NOT NULL,
  PRIMARY KEY (`id`)
) ENGINE=InnoDB  DEFAULT CHARSET=latin1 AUTO_INCREMENT=6 ;

--
-- Dumping data for table `vehicle_routes`
--

INSERT INTO `vehicle_routes` (`id`, `route_title`, `route_from`, `route_from_start_time`, `route_from_latitude`, `route_from_longitude`, `route_to`, `route_to_start_time`, `route_to_latitude`, `route_to_longitude`, `status`, `academic_year_id`, `created_at`, `updated_at`, `created_user_id`, `updated_user_id`, `route_from_end_time`, `route_to_end_time`) VALUES
(1, 'Route 1', 'Shankarpally', '7:00 AM', '17.455365', '78.131167', 'Shankarpally Local', '4:30 PM', '17.455365', '78.131167', 1, 1, '2017-12-19 15:01:04', '2017-12-19 15:01:04', 1, 0, '9:00 AM', '6:00 PM'),
(2, 'Route 2', 'ShankarPally ', '7:15 AM', '17.455365', '78.131167', 'Mokila', '4:15 PM', '17.418648', '78.222105', 1, 1, '2017-12-19 15:04:38', '2017-12-19 15:04:38', 1, 0, '9:15 AM', '5:15 PM'),
(3, 'Route 3 ', 'Shankarpally', '3:15 PM', '', '', 'shamshabad', '3:15 PM', '', '', 1, 1, '2017-12-30 01:46:20', '2018-01-25 16:02:30', 1, 0, '3:50 PM', '3:50 PM'),
(4, 'Route 4', 'Shankarpally', '7:30 AM', '05363333', '3636363', 'Chevella', '8:30 AM', '5366666', '583832424', 1, 1, '2018-01-18 14:30:39', '2018-01-18 14:30:39', 1, 0, '9:00 AM', '5:30 PM'),
(5, 'Route 5', 'Shankarpally', '8:15 AM', '68638368', '868688', 'Lingampally', '8:45 AM', '568838', '868868', 1, 1, '2018-01-20 11:03:03', '2018-01-20 11:03:03', 1, 0, '9:00 AM', '4:45 PM');

-- --------------------------------------------------------

--
-- Table structure for table `vehicle_types`
--

CREATE TABLE IF NOT EXISTS `vehicle_types` (
  `id` int(11) NOT NULL AUTO_INCREMENT,
  `title` varchar(255) NOT NULL,
  `status` int(11) NOT NULL DEFAULT '1',
  `academic_year_id` int(11) NOT NULL,
  `created_at` timestamp NOT NULL DEFAULT CURRENT_TIMESTAMP,
  `updated_at` timestamp NOT NULL DEFAULT '0000-00-00 00:00:00',
  `created_user_id` int(11) NOT NULL,
  `updated_user_id` int(11) NOT NULL,
  PRIMARY KEY (`id`)
) ENGINE=InnoDB  DEFAULT CHARSET=latin1 AUTO_INCREMENT=6 ;

--
-- Dumping data for table `vehicle_types`
--

INSERT INTO `vehicle_types` (`id`, `title`, `status`, `academic_year_id`, `created_at`, `updated_at`, `created_user_id`, `updated_user_id`) VALUES
(1, 'Bus', 1, 1, '2017-12-19 14:52:33', '2018-01-23 14:56:54', 1, 1),
(2, 'Mini Bus', 1, 1, '2017-12-19 14:54:44', '2017-12-19 14:54:44', 1, 0),
(3, 'Van', 1, 1, '2018-01-18 14:25:05', '2018-01-18 14:25:05', 1, 0),
(4, 'Auto', 1, 1, '2018-01-20 12:39:55', '2018-01-20 12:39:55', 30, 0),
(5, 'Mini Van', 1, 1, '2018-01-20 15:18:29', '2018-01-31 15:47:53', 44, 0);

-- --------------------------------------------------------

--
-- Table structure for table `videos`
--

CREATE TABLE IF NOT EXISTS `videos` (
  `id` int(11) NOT NULL AUTO_INCREMENT,
  `video` varchar(255) NOT NULL,
  `status` int(11) NOT NULL DEFAULT '1',
  `academic_year_id` int(11) NOT NULL,
  `created_at` timestamp NOT NULL DEFAULT CURRENT_TIMESTAMP,
  `updated_at` timestamp NOT NULL DEFAULT '0000-00-00 00:00:00',
  `created_user_id` int(11) NOT NULL,
  `updated_user_id` int(11) NOT NULL,
  `description` text NOT NULL,
  `title` varchar(255) NOT NULL,
  PRIMARY KEY (`id`)
) ENGINE=InnoDB  DEFAULT CHARSET=latin1 AUTO_INCREMENT=12 ;

--
-- Dumping data for table `videos`
--

INSERT INTO `videos` (`id`, `video`, `status`, `academic_year_id`, `created_at`, `updated_at`, `created_user_id`, `updated_user_id`, `description`, `title`) VALUES
(1, '1I-mc3JF4JQ', 1, 1, '2017-12-19 17:49:03', '2018-01-29 10:51:39', 1, 1, 'welcome All', 'freshers Day'),
(2, 'FX1fKq0Cj7E', 1, 1, '2017-12-19 17:49:48', '2018-01-29 10:50:28', 1, 1, '', 'freshers day '),
(5, 'OD50YZ0JRx8', 1, 1, '2018-01-11 10:08:38', '2018-01-11 10:08:38', 1, 0, 'bghjhb fg', 'dghj'),
(6, '7cTZ8d-bUtA', 1, 1, '2018-01-17 15:32:44', '2018-01-17 15:32:44', 1, 0, 'sdfghj', 'Etv News'),
(7, 'Izlc58Gxy44', 0, 1, '2018-01-17 15:33:23', '2018-01-30 09:43:38', 1, 0, 'scscc', 'Patass'),
(8, 'b0CAEfO3MMY', 1, 1, '2018-01-17 15:36:41', '2018-01-17 15:36:41', 1, 0, 'cfdgfhgjgn', 'January 26 celebrations '),
(11, '779KwjAYTeQ', 1, 1, '2018-01-31 15:27:06', '2018-01-31 16:30:19', 1, 1, 'abc', 'Annual day celebrations');

/*!40101 SET CHARACTER_SET_CLIENT=@OLD_CHARACTER_SET_CLIENT */;
/*!40101 SET CHARACTER_SET_RESULTS=@OLD_CHARACTER_SET_RESULTS */;
/*!40101 SET COLLATION_CONNECTION=@OLD_COLLATION_CONNECTION */;
